video_id,frame_idx,video_time_ms,easyocr_pred,trocr_pred,same_pred,easyocr_latency_ms,trocr_latency_ms,latency_gap_ms_trocr_minus_easyocr,easyocr_score,trocr_score,easyocr_bbox,trocr_bbox
7733112895099,0,0.0,7985,RM,false,2071.0020,1720.7073,-350.2947,0.1753567010164261,0.6283069849014282,"[550, 312, 588, 343]","[550, 312, 588, 343]"
7733112895099,1,33.333333333333336,53112,8,false,1091.7637,1405.4745,313.7108,0.12733558447631196,0.6666386127471924,"[911, 371, 960, 404]","[911, 371, 960, 404]"
7733112895099,2,66.66666666666667,29745,RM,false,1617.1409,1347.3849,-269.7560,0.11646890919259473,0.6866410970687866,"[549, 311, 586, 340]","[549, 311, 586, 340]"
7733112895099,3,100.0,2995,RM,false,1489.7253,1264.5202,-225.2051,0.19462235271930695,0.6211453676223755,"[548, 308, 585, 338]","[548, 308, 585, 338]"
7733112895099,4,133.33333333333334,09U5,RM,false,2180.3621,1546.8555,-633.5066,0.0912388488650322,0.5086458325386047,"[547, 307, 583, 336]","[547, 307, 583, 336]"
7733112895099,5,166.66666666666669,BISU4,RM,false,2330.9954,1161.2255,-1169.7699,0.08820185270574794,0.7360986471176147,"[544, 304, 581, 333]","[544, 304, 581, 333]"
7733112895099,6,200.0,29,SR,false,2247.1970,1460.6205,-786.5765,0.4929195949817269,0.59025639295578,"[541, 302, 578, 330]","[541, 302, 578, 330]"
7733112895099,7,233.33333333333334,29,RM,false,1694.9554,1118.7653,-576.1901,0.679675281047821,0.679675281047821,"[539, 300, 577, 328]","[539, 300, 577, 328]"
7733112895099,8,266.6666666666667,IS,RM,false,1820.9839,1074.5893,-746.3946,0.500742495059967,0.500742495059967,"[536, 298, 575, 327]","[536, 298, 575, 327]"
7733112895099,9,300.0,75,RM,false,2168.4485,1317.4833,-850.9652,0.16907194425106226,0.4827447831630707,"[534, 296, 571, 326]","[534, 296, 571, 326]"
7733112895099,10,333.33333333333337,2945,RM,false,2139.8190,1229.3833,-910.4357,0.08934125304222107,0.5299421548843384,"[530, 296, 568, 324]","[530, 296, 568, 324]"
7733112895099,11,366.6666666666667,,WW,false,529.2393,1378.9431,849.7038,0.0,0.5016782879829407,"[307, 293, 338, 317]","[307, 293, 338, 317]"
7733112895099,12,400.0,26B,RM,false,1530.0426,1135.8907,-394.1519,0.14460228749174672,0.44665682315826416,"[522, 291, 560, 321]","[522, 291, 560, 321]"
7733112895099,13,433.33333333333337,2644,RM,false,2317.5105,1173.0035,-1144.5070,0.21658404171466827,0.395849347114563,"[518, 291, 556, 322]","[518, 291, 556, 322]"
7733112895099,14,466.6666666666667,33187,SR,false,823.5864,1434.1460,610.5596,0.16463130896822528,0.5491280555725098,"[938, 333, 981, 362]","[938, 333, 981, 362]"
7733112895099,15,500.0,531,SR,false,1531.6607,1493.8475,-37.8132,0.49824273586273193,0.49824273586273193,"[939, 333, 982, 362]","[939, 333, 982, 362]"
7733112895099,16,533.3333333333334,5317,888,false,1811.2614,1162.5745,-648.6869,0.2557266652584076,0.2557266652584076,"[940, 331, 984, 361]","[940, 331, 984, 361]"
7733112895099,17,566.6666666666666,,1,false,668.9452,1394.5347,725.5895,0.0,0.25838860869407654,"[0, 320, 22, 396]","[0, 320, 22, 396]"
7733112895099,18,600.0,,1,false,738.3511,1115.9278,377.5767,0.0,0.28259220719337463,"[0, 321, 23, 397]","[0, 321, 23, 397]"
7733112895099,19,633.3333333333334,,,true,313.9208,137.4611,-176.4597,0.0,0.0,,
7733112895099,20,666.6666666666667,29,SR,false,1606.1179,1429.9926,-176.1253,0.2112858141751866,0.4831852316856384,"[497, 298, 534, 326]","[497, 298, 534, 326]"
7733112895099,21,700.0000000000001,29,SR,false,1369.4210,1537.7525,168.3315,0.6696509718894958,0.6696509718894958,"[493, 302, 531, 327]","[493, 302, 531, 327]"
7733112895099,22,733.3333333333334,29905,RM,false,1890.4723,1445.9095,-444.5628,0.15220843216941235,0.7368867993354797,"[490, 303, 530, 330]","[490, 303, 530, 330]"
7733112895099,23,766.6666666666667,299IS,,false,2202.6239,1645.8361,-556.7878,0.10621787497921455,0.43712103366851807,"[487, 305, 526, 336]","[487, 305, 526, 336]"
7733112895099,24,800.0,2915,SR53,false,1078.6581,1966.3057,887.6476,0.19615226984024048,0.554594099521637,"[485, 312, 521, 340]","[485, 312, 521, 340]"
7733112895099,25,833.3333333333334,316B2,SR35,false,1329.2064,1872.7823,543.5759,0.33513683870473276,0.48796361684799194,"[483, 317, 520, 343]","[483, 317, 520, 343]"
7733112895099,26,866.6666666666667,3U63,SR,false,1919.1690,1484.8670,-434.3020,0.18106801398262531,0.4386698305606842,"[479, 321, 517, 349]","[479, 321, 517, 349]"
7733112895099,27,900.0,,2,false,711.3435,1264.1341,552.7906,0.0,0.29542315006256104,"[258, 326, 287, 349]","[258, 326, 287, 349]"
7733112895099,28,933.3333333333334,,888,false,699.1082,1310.4954,611.3872,0.0,0.4504888951778412,"[956, 350, 996, 376]","[956, 350, 996, 376]"
7733112895099,29,966.6666666666666,,BB,false,678.1714,1729.4915,1051.3201,0.0,0.34195324778556824,"[958, 351, 998, 377]","[958, 351, 998, 377]"
7733112895099,30,1000.0,29X5,SR665,false,1618.5639,2008.6154,390.0515,0.504734992980957,0.504734992980957,"[475, 332, 512, 359]","[475, 332, 512, 359]"
7733112895099,31,1033.3333333333335,3664,ITEM,false,2360.9387,1428.2644,-932.6743,0.08778507611028541,0.6024683117866516,"[475, 334, 512, 360]","[475, 334, 512, 360]"
7733112895099,32,1066.6666666666667,29EIS,ITEMS,false,1756.3263,1475.0605,-281.2658,0.05329876087906914,0.49090200662612915,"[474, 335, 511, 360]","[474, 335, 511, 360]"
7733112895099,33,1100.0,09515,DISCOUNT,false,2150.8328,2001.1755,-149.6573,0.17580257288629764,0.5601381063461304,"[474, 336, 511, 361]","[474, 336, 511, 361]"
7733112895099,34,1133.3333333333333,3U5B,ITEM,false,1278.6999,1797.6558,518.9559,0.26301154494285583,0.4145128130912781,"[472, 335, 509, 363]","[472, 335, 509, 363]"
7733112895099,35,1166.6666666666667,2985,SR,false,1307.1799,1486.8671,179.6872,0.1945403814315796,0.38933488726615906,"[472, 336, 509, 365]","[472, 336, 509, 365]"
7733112895099,36,1200.0,86B,SR,false,1505.4961,1481.5931,-23.9030,0.40238118171691895,0.457337349653244,"[471, 337, 512, 366]","[471, 337, 512, 366]"
7733112895099,37,1233.3333333333335,29,SR,false,1553.0044,1404.3752,-148.6292,0.3099159896373749,0.3099159896373749,"[471, 338, 511, 368]","[471, 338, 511, 368]"
7733112895099,38,1266.6666666666667,29I5,SR,false,1088.5301,1731.8745,643.3444,0.36499759554862976,0.36499759554862976,"[473, 339, 513, 368]","[473, 339, 513, 368]"
7733112895099,39,1300.0,,SR,false,966.1132,1648.7363,682.6231,0.0,0.288628488779068,"[990, 359, 1030, 387]","[990, 359, 1030, 387]"
7733112895099,40,1333.3333333333335,,SR,false,572.4321,1592.1633,1019.7312,0.0,0.2692815661430359,"[994, 360, 1032, 387]","[994, 360, 1032, 387]"
7733112895099,41,1366.6666666666667,,,true,231.7119,107.1654,-124.5465,0.0,0.0,,
7733112895099,42,1400.0000000000002,,SR,false,483.4065,1597.5517,1114.1452,0.0,0.33953380584716797,"[1002, 362, 1040, 389]","[1002, 362, 1040, 389]"
7733112895099,43,1433.3333333333333,,SR,false,790.5733,1404.9338,614.3605,0.0,0.3239264190196991,"[1007, 363, 1044, 388]","[1007, 363, 1044, 388]"
7733112895099,44,1466.6666666666667,,,true,309.4212,276.4626,-32.9586,0.0,0.0,,
7733112895099,45,1500.0,,,true,226.3064,164.2005,-62.1059,0.0,0.0,,
7733112895099,46,1533.3333333333335,,,true,185.9932,102.0715,-83.9217,0.0,0.0,,
7733112895099,47,1566.6666666666667,,,true,189.6343,101.8004,-87.8339,0.0,0.0,,
7733112895099,48,1600.0,,,true,215.7896,88.0565,-127.7331,0.0,0.0,,
7733112895099,49,1633.3333333333333,,CASHIER,false,644.6005,2386.6415,1742.0410,0.0,0.6090355515480042,"[486, 638, 587, 720]","[486, 638, 587, 720]"
7733112895099,50,1666.6666666666667,,CASH,false,696.4383,2039.5681,1343.1298,0.0,0.28548410534858704,"[501, 627, 601, 720]","[501, 627, 601, 720]"
7733112895099,51,1700.0000000000002,,MA,false,628.1919,2015.9816,1387.7897,0.0,0.4653240442276001,"[519, 617, 622, 720]","[519, 617, 622, 720]"
7733112895099,52,1733.3333333333335,,7,false,636.7611,2072.8685,1436.1074,0.0,0.6768587231636047,"[535, 605, 630, 719]","[535, 605, 630, 719]"
7733112895099,53,1766.6666666666667,,1,false,818.2899,1539.2379,720.9480,0.0,0.3957933187484741,"[550, 595, 647, 718]","[550, 595, 647, 718]"
7733112895099,54,1800.0,,410MT,false,566.2278,2293.5688,1727.3410,0.0,0.438973605632782,"[354, 698, 478, 719]","[354, 698, 478, 719]"
7733112895099,55,1833.3333333333335,,19C1,false,687.3422,2255.7705,1568.4283,0.0,0.785940945148468,"[375, 684, 495, 719]","[375, 684, 495, 719]"
7733112895099,56,1866.6666666666667,,719C1,false,755.8769,2878.0943,2122.2174,0.0,0.8347114324569702,"[391, 672, 511, 719]","[391, 672, 511, 719]"
7733112895099,57,1900.0000000000002,,13951,false,656.7017,3261.9626,2605.2609,0.0,0.8699815273284912,"[410, 662, 525, 718]","[410, 662, 525, 718]"
7733112895099,58,1933.3333333333333,392,6,false,1246.5808,1870.8308,624.2500,0.8863363265991211,0.8863363265991211,"[434, 652, 538, 719]","[434, 652, 538, 719]"
7733112895099,59,1966.6666666666667,302,SR,false,1829.9114,1956.7322,126.8208,0.9052618741989136,0.9052618741989136,"[457, 643, 550, 716]","[457, 643, 550, 716]"
7733112895099,60,2000.0,224,SR2,false,1351.7099,2491.9577,1140.2478,0.5678335843942679,0.9024720788002014,"[474, 635, 562, 696]","[474, 635, 562, 696]"
7733112895099,61,2033.3333333333333,282,882,false,1564.7656,2795.0504,1230.2848,0.8407213911219376,0.9001356363296509,"[488, 627, 574, 690]","[488, 627, 574, 690]"
7733112895099,62,2066.666666666667,32,62018,false,1049.6304,2181.8169,1132.1865,0.4347269441859525,0.8954034447669983,"[500, 620, 584, 679]","[500, 620, 584, 679]"
7733112895099,63,2100.0,824,62018,false,2196.0327,1951.7587,-244.2740,0.6561294794082642,0.9045953750610352,"[514, 612, 593, 671]","[514, 612, 593, 671]"
7733112895099,64,2133.3333333333335,7901,38293,false,1908.9962,1942.1510,33.1548,0.630223558153845,0.8690201640129089,"[526, 606, 602, 664]","[526, 606, 602, 664]"
7733112895099,65,2166.666666666667,88Z4,38293,false,1695.8452,2605.9877,910.1425,0.31276999741590095,0.7309244275093079,"[535, 598, 613, 656]","[535, 598, 613, 656]"
7733112895099,66,2200.0,384,3829,false,1064.2038,1466.0270,401.8232,0.48197974394817555,0.781082272529602,"[543, 591, 621, 646]","[543, 591, 621, 646]"
7733112895099,67,2233.3333333333335,382,320,false,1093.0359,2054.9904,961.9545,0.293826175863283,0.7597967982292175,"[556, 584, 629, 639]","[556, 584, 629, 639]"
7733112895099,68,2266.6666666666665,3124,,false,1666.9573,1281.7975,-385.1598,0.39463526010513306,0.692060649394989,"[564, 578, 639, 634]","[564, 578, 639, 634]"
7733112895099,69,2300.0000000000005,3824,5828,false,1540.3764,1596.6356,56.2592,0.7222141623497009,0.7763373851776123,"[574, 574, 645, 625]","[574, 574, 645, 625]"
7733112895099,70,2333.3333333333335,3824,3829,false,1183.7532,2207.1789,1023.4257,0.47938624024391174,0.5648331642150879,"[581, 569, 654, 619]","[581, 569, 654, 619]"
7733112895099,71,2366.6666666666665,79,38298,false,1545.3282,1864.4101,319.0819,0.7231229543685913,0.7231229543685913,"[590, 563, 660, 614]","[590, 563, 660, 614]"
7733112895099,72,2400.0,3821,38298,false,1249.6722,1576.7933,327.1211,0.32159244958630556,0.7099064588546753,"[594, 562, 665, 611]","[594, 562, 665, 611]"
7733112895099,73,2433.3333333333335,79,38293,false,1252.8890,1688.4801,435.5911,0.7259595394134521,0.7259595394134521,"[602, 558, 668, 606]","[602, 558, 668, 606]"
7733112895099,74,2466.666666666667,382,38293,false,1778.6759,1454.1151,-324.5608,0.48073452711105347,0.48073452711105347,"[609, 553, 675, 601]","[609, 553, 675, 601]"
7733112895099,75,2500.0,3822,38293,false,1810.4868,1360.1998,-450.2870,0.39840951561927795,0.39840951561927795,"[616, 549, 683, 598]","[616, 549, 683, 598]"
7733112895099,76,2533.3333333333335,382,38293,false,2136.2729,2289.0821,152.8092,0.30362895131111145,0.30362895131111145,"[623, 544, 689, 592]","[623, 544, 689, 592]"
7733112895099,77,2566.666666666667,,,true,239.4805,368.6438,129.1633,0.0,0.0,,
7733112895099,78,2600.0,,,true,127.3849,283.7104,156.3255,0.0,0.0,,
7733112895099,79,2633.3333333333335,,,true,388.6767,232.9897,-155.6870,0.0,0.0,,
7733112895099,80,2666.666666666667,,,true,352.8784,159.4543,-193.4241,0.0,0.0,,
7733112895099,81,2700.0,,,true,273.0519,115.7732,-157.2787,0.0,0.0,,
7733112895099,82,2733.3333333333335,,,true,252.9359,130.7117,-122.2242,0.0,0.0,,
7733112895099,83,2766.6666666666665,,,true,252.7964,169.1128,-83.6836,0.0,0.0,,
7733112895099,84,2800.0000000000005,,,true,255.8989,153.5362,-102.3627,0.0,0.0,,
7733112895099,85,2833.3333333333335,,,true,196.2781,236.9920,40.7139,0.0,0.0,,
7733112895099,86,2866.6666666666665,,,true,274.6359,215.2122,-59.4237,0.0,0.0,,
7733112895099,87,2900.0000000000005,,,true,422.1948,128.3710,-293.8238,0.0,0.0,,
7733112895099,88,2933.3333333333335,,,true,227.5685,117.8103,-109.7582,0.0,0.0,,
7733112895099,89,2966.666666666667,,,true,266.4984,156.0727,-110.4257,0.0,0.0,,
7733112895099,90,3000.0,,,true,120.3450,218.5250,98.1800,0.0,0.0,,
7733112895099,91,3033.3333333333335,,,true,456.5894,197.3542,-259.2352,0.0,0.0,,
7733112895099,92,3066.666666666667,,,true,352.0205,358.0521,6.0316,0.0,0.0,,
7733112895099,93,3100.0,,,true,263.8226,189.5971,-74.2255,0.0,0.0,,
7733112895099,94,3133.3333333333335,,,true,276.5594,145.0861,-131.4733,0.0,0.0,,
7733112895099,95,3166.666666666667,,,true,178.9606,144.4295,-34.5311,0.0,0.0,,
7733112895099,96,3200.0,,,true,533.2311,236.0777,-297.1534,0.0,0.0,,
7733112895099,97,3233.3333333333335,,,true,492.4643,248.3108,-244.1535,0.0,0.0,,
7733112895099,98,3266.6666666666665,,,true,305.2532,141.5769,-163.6763,0.0,0.0,,
7733112895099,99,3300.0000000000005,,,true,496.6182,239.2778,-257.3404,0.0,0.0,,
7733112895099,100,3333.3333333333335,,,true,303.9410,286.8726,-17.0684,0.0,0.0,,
7733112895099,101,3366.6666666666665,38243,SR2,false,1269.2315,2713.0112,1443.7797,0.24953599602812154,0.250592440366745,"[746, 478, 794, 513]","[746, 478, 794, 513]"
7733112895099,102,3400.0000000000005,79,6,false,1221.6746,2467.9372,1246.2626,0.6111940741539001,0.6111940741539001,"[747, 473, 797, 510]","[747, 473, 797, 510]"
7733112895099,103,3433.3333333333335,8822,SR,false,1826.5746,2536.6332,710.0586,0.10404554754495621,0.6958980560302734,"[752, 472, 800, 507]","[752, 472, 800, 507]"
7733112895099,104,3466.666666666667,3822,SR,false,1685.3279,1619.2641,-66.0638,0.4413503408432007,0.4413503408432007,"[755, 472, 801, 505]","[755, 472, 801, 505]"
7733112895099,105,3500.0,,,true,224.6280,273.5045,48.8765,0.0,0.0,,
7733112895099,106,3533.3333333333335,RBZL,6,false,1717.0192,1974.2905,257.2713,0.3443896174430847,0.6936769485473633,"[760, 466, 808, 501]","[760, 466, 808, 501]"
7733112895099,107,3566.666666666667,3B2,6,false,1831.7065,1435.0687,-396.6378,0.6375484637615871,0.6659078001976013,"[763, 464, 810, 498]","[763, 464, 810, 498]"
7733112895099,108,3600.0,3122J,SR,false,1836.6260,1564.3862,-272.2398,0.07648719022876088,0.3244541883468628,"[767, 463, 812, 496]","[767, 463, 812, 496]"
7733112895099,109,3633.3333333333335,,,true,161.9524,85.6660,-76.2864,0.0,0.0,,
7733112895099,110,3666.666666666667,3823,6,false,1024.3986,1769.6072,745.2086,0.263187974691391,0.263187974691391,"[768, 459, 817, 494]","[768, 459, 817, 494]"
7733112895099,111,3700.0,,,true,204.5917,189.6624,-14.9293,0.0,0.0,,
7733112895099,112,3733.3333333333335,3124,6,false,890.1274,1911.9143,1021.7869,0.4268656373023987,0.4268656373023987,"[774, 456, 824, 489]","[774, 456, 824, 489]"
7733112895099,113,3766.666666666667,99,9948,false,644.2395,1723.0578,1078.8183,0.4086116850376129,0.4086116850376129,"[417, 681, 493, 720]","[417, 681, 493, 720]"
7733112895099,114,3800.0000000000005,99,799447,false,677.3312,1864.8079,1187.4767,0.48726098600927914,0.598358690738678,"[426, 677, 503, 720]","[426, 677, 503, 720]"
7733112895099,115,3833.3333333333335,99,RM,false,1234.3786,2195.5109,961.1323,0.8241537809371948,0.8241537809371948,"[438, 671, 514, 720]","[438, 671, 514, 720]"
7733112895099,116,3866.6666666666665,99,RM,false,1591.6442,2043.7673,452.1231,0.7255414724349976,0.7255414724349976,"[448, 666, 525, 720]","[448, 666, 525, 720]"
7733112895099,117,3900.0000000000005,99,RM,false,2680.6916,1408.4821,-1272.2095,0.6065025329589844,0.6065025329589844,"[458, 663, 534, 716]","[458, 663, 534, 716]"
7733112895099,118,3933.3333333333335,99,1225,false,1879.6129,2047.2535,167.6406,0.6043959856033325,0.6043959856033325,"[467, 658, 543, 712]","[467, 658, 543, 712]"
7733112895099,119,3966.666666666667,12,1245,false,1471.2598,2065.9157,594.6559,0.4777831435203552,0.4777831435203552,"[478, 654, 552, 707]","[478, 654, 552, 707]"
7733112895099,120,4000.0,,,true,313.2340,113.8118,-199.4222,0.0,0.0,,
7733112895099,121,4033.333333333333,12125,12948,false,1594.9460,2015.5033,420.5573,0.4158478379249573,0.4158478379249573,"[494, 647, 568, 695]","[494, 647, 568, 695]"
7733112895099,122,4066.6666666666665,12L2S,RM,false,1265.2576,1564.2086,298.9510,0.3971325235558297,0.7962276935577393,"[506, 640, 576, 690]","[506, 640, 576, 690]"
7733112895099,123,4100.000000000001,99A0,12925,false,1184.2078,2100.1105,915.9027,0.5806178917889007,0.6773092150688171,"[512, 638, 582, 685]","[512, 638, 582, 685]"
7733112895099,124,4133.333333333334,1212S,649,false,1459.2995,1758.0154,298.7159,0.3354991551406068,0.7037264108657837,"[521, 634, 589, 683]","[521, 634, 589, 683]"
7733112895099,125,4166.666666666667,12125,RM,false,1547.9339,1209.3236,-338.6103,0.5619844198226929,0.5619844198226929,"[528, 631, 598, 678]","[528, 631, 598, 678]"
7733112895099,126,4200.0,12125,RM,false,1321.0362,1610.8209,289.7847,0.7859468460083008,0.7859468460083008,"[537, 626, 604, 674]","[537, 626, 604, 674]"
7733112895099,127,4233.333333333333,12125,RM,false,1097.8198,1759.5031,661.6833,0.8222748041152954,0.8222748041152954,"[543, 623, 609, 669]","[543, 623, 609, 669]"
7733112895099,128,4266.666666666667,12125,RM,false,1532.8538,1795.3823,262.5285,0.5724512934684753,0.5724512934684753,"[549, 619, 615, 666]","[549, 619, 615, 666]"
7733112895099,129,4300.0,12125,RM,false,1506.8661,1225.3193,-281.5468,0.8073925971984863,0.8073925971984863,"[555, 614, 621, 662]","[555, 614, 621, 662]"
7733112895099,130,4333.333333333334,99,PRICE,false,1875.8674,1639.4503,-236.4171,0.7183787822723389,0.7183787822723389,"[560, 611, 625, 658]","[560, 611, 625, 658]"
7733112895099,131,4366.666666666667,99,6,false,1918.1054,1669.8652,-248.2402,0.7009894251823425,0.7009894251823425,"[567, 608, 629, 653]","[567, 608, 629, 653]"
7733112895099,132,4400.0,12125,RM,false,1528.6969,1877.1122,348.4153,0.48527736736092314,0.6307920217514038,"[571, 606, 637, 650]","[571, 606, 637, 650]"
7733112895099,133,4433.333333333334,99,RM,false,1627.0175,1911.8750,284.8575,0.6367480754852295,0.6367480754852295,"[578, 602, 640, 646]","[578, 602, 640, 646]"
7733112895099,134,4466.666666666667,99,649,false,1242.7549,1924.9922,682.2373,0.49022209644317627,0.49022209644317627,"[582, 599, 644, 643]","[582, 599, 644, 643]"
7733112895099,135,4500.0,12L2S,6,false,1905.7395,1994.9371,89.1976,0.31155876484240835,0.7609681487083435,"[590, 596, 649, 639]","[590, 596, 649, 639]"
7733112895099,136,4533.333333333333,9930,PAID,false,1511.6768,1944.2159,432.5391,0.37905877599308707,0.7279955148696899,"[594, 593, 654, 636]","[594, 593, 654, 636]"
7733112895099,137,4566.666666666667,9940,649,false,1763.7951,1970.6909,206.8958,0.35091179609298706,0.35091179609298706,"[598, 590, 659, 635]","[598, 590, 659, 635]"
7733112895099,138,4600.000000000001,12125,,false,1542.5063,1246.4703,-296.0360,0.5676506605318837,0.694880485534668,"[605, 586, 664, 630]","[605, 586, 664, 630]"
7733112895099,139,4633.333333333334,99AD,,false,1362.2321,1537.9580,175.7259,0.41994765400886536,0.41994765400886536,"[608, 585, 667, 628]","[608, 585, 667, 628]"
7733112895099,140,4666.666666666667,1212S,629,false,1241.2482,1956.9691,715.7209,0.4490481634033256,0.6717525720596313,"[613, 584, 671, 625]","[613, 584, 671, 625]"
7733112895099,141,4700.0,02125,,false,1386.4022,1485.4873,99.0851,0.5978218351699631,0.7198737859725952,"[618, 580, 674, 620]","[618, 580, 674, 620]"
7733112895099,142,4733.333333333333,1212S,6,false,1506.6763,1615.8279,109.1516,0.33910885653986955,0.6963337659835815,"[621, 578, 678, 619]","[621, 578, 678, 619]"
7733112895099,143,4766.666666666667,,,true,140.3262,218.4576,78.1314,0.0,0.0,,
7733112895099,144,4800.0,12L2S,PRICE,false,1463.9165,1373.2015,-90.7150,0.4049629271030426,0.4049629271030426,"[629, 572, 685, 612]","[629, 572, 685, 612]"
7733112895099,145,4833.333333333334,99,RM,false,1624.5378,1603.8914,-20.6464,0.4591892957687378,0.4591892957687378,"[635, 570, 688, 610]","[635, 570, 688, 610]"
7733112895099,146,4866.666666666667,2125,RM,false,1699.3460,1669.2871,-30.0589,0.22712982906014215,0.5383699536323547,"[638, 568, 691, 608]","[638, 568, 691, 608]"
7733112895099,147,4900.0,99AB,12948,false,1966.7933,1714.0014,-252.7919,0.5604706142229684,0.6851100325584412,"[640, 566, 693, 604]","[640, 566, 693, 604]"
7733112895099,148,4933.333333333334,,10740,false,797.7228,1565.0686,767.3458,0.0,0.5252014398574829,"[250, 703, 335, 720]","[250, 703, 335, 720]"
7733112895099,149,4966.666666666667,,1046,false,562.4038,1757.3317,1194.9279,0.0,0.5033801794052124,"[259, 696, 344, 720]","[259, 696, 344, 720]"
7733112895099,150,5000.0,24HE,24AE,false,1080.8237,1855.8525,775.0288,0.13328647288478385,0.7758913040161133,"[268, 689, 354, 720]","[268, 689, 354, 720]"
7733112895099,151,5033.333333333333,24HE,24AE,false,795.4327,1795.7053,1000.2726,0.32500102140642356,0.7992479801177979,"[273, 686, 358, 720]","[273, 686, 358, 720]"
7733112895099,152,5066.666666666667,2LAE,24AE,false,1107.8533,2020.1098,912.2565,0.5466641843388044,0.819831907749176,"[281, 680, 368, 720]","[281, 680, 368, 720]"
7733112895099,153,5100.000000000001,24AE,2445,false,757.1172,1516.1744,759.0572,0.5713060864732856,0.8587568998336792,"[291, 675, 377, 720]","[291, 675, 377, 720]"
7733112895099,154,5133.333333333334,24AE,2445,false,1751.5778,1715.8509,-35.7269,0.7433268359089,0.8890988230705261,"[298, 670, 385, 720]","[298, 670, 385, 720]"
7733112895099,155,5166.666666666667,24AE,0345,false,2147.9525,1591.1470,-556.8055,0.8892075419425964,0.8892075419425964,"[307, 664, 393, 720]","[307, 664, 393, 720]"
7733112895099,156,5200.0,24AE,0345,false,1220.2393,1955.0152,734.7759,0.4995325616151803,0.884844958782196,"[313, 660, 401, 720]","[313, 660, 401, 720]"
7733112895099,157,5233.333333333333,24AE,03153,false,1531.2007,1620.2733,89.0726,0.7509810397868274,0.8905507922172546,"[324, 654, 410, 715]","[324, 654, 410, 715]"
7733112895099,158,5266.666666666667,24AE,03153,false,1113.6454,1684.8373,571.1919,0.9067675471305847,0.9067675471305847,"[331, 650, 418, 710]","[331, 650, 418, 710]"
7733112895099,159,5300.0,24AE,03153,false,1313.2149,1715.4772,402.2623,0.8291947029149703,0.8595572113990784,"[341, 644, 426, 702]","[341, 644, 426, 702]"
7733112895099,160,5333.333333333334,244E,03153,false,1319.6564,1711.4386,391.7822,0.49913487591680683,0.9039170742034912,"[349, 639, 433, 695]","[349, 639, 433, 695]"
7733112895099,161,5366.666666666667,24AE,03153,false,1263.1890,1802.9562,539.7672,0.8887090086936951,0.8887090086936951,"[356, 633, 439, 691]","[356, 633, 439, 691]"
7733112895099,162,5400.0,24AE,03153,false,936.0861,1820.4267,884.3406,0.9003506302833557,0.9003506302833557,"[364, 630, 445, 686]","[364, 630, 445, 686]"
7733112895099,163,5433.333333333334,24AE,09153,false,1404.4746,1878.5158,474.0412,0.784580642968113,0.8944374918937683,"[369, 623, 450, 679]","[369, 623, 450, 679]"
7733112895099,164,5466.666666666667,03151,03153,false,1365.9095,1640.3857,274.4762,0.6241833734817122,0.8883358836174011,"[377, 619, 455, 675]","[377, 619, 455, 675]"
7733112895099,165,5500.0,24AE,03153,false,1142.3434,1707.6163,565.2729,0.7373098112106453,0.8943686485290527,"[385, 615, 463, 669]","[385, 615, 463, 669]"
7733112895099,166,5533.333333333333,24AE,03150,false,1387.0318,1787.4365,400.4047,0.8135725938712554,0.8892890810966492,"[391, 610, 465, 664]","[391, 610, 465, 664]"
7733112895099,167,5566.666666666667,24AE,09153,false,1167.6963,1804.9676,637.2713,0.7467431766820543,0.8981344103813171,"[395, 607, 472, 660]","[395, 607, 472, 660]"
7733112895099,168,5600.000000000001,09153,03153,false,1240.2727,1990.7040,750.4313,0.4510493016336266,0.8725191950798035,"[401, 603, 476, 655]","[401, 603, 476, 655]"
7733112895099,169,5633.333333333334,09151,03153,false,1228.6856,2077.8844,849.1988,0.8691117167472839,0.8691117167472839,"[408, 599, 481, 651]","[408, 599, 481, 651]"
7733112895099,170,5666.666666666667,24AE,03153,false,1194.8638,2299.9979,1105.1341,0.7788709097187534,0.8575942516326904,"[412, 594, 484, 646]","[412, 594, 484, 646]"
7733112895099,171,5700.0,24AE,09153,false,1066.9741,2861.9926,1795.0185,0.6188074900613681,0.8582776188850403,"[414, 590, 487, 642]","[414, 590, 487, 642]"
7733112895099,172,5733.333333333333,24AE,03153,false,1311.6214,2296.7866,985.1652,0.5397902625721256,0.8673720955848694,"[419, 588, 493, 638]","[419, 588, 493, 638]"
7733112895099,173,5766.666666666667,24AE,09153,false,1274.1249,3012.2696,1738.1447,0.49737057882778546,0.8937214612960815,"[425, 583, 497, 634]","[425, 583, 497, 634]"
7733112895099,174,5800.000000000001,03151,03153,false,1128.9850,1712.6828,583.6978,0.8121091104699214,0.8856536149978638,"[428, 582, 497, 632]","[428, 582, 497, 632]"
7733112895099,175,5833.333333333334,03151,03153,false,1339.5488,1944.9203,605.3715,0.4057271611069835,0.8652310371398926,"[430, 578, 502, 628]","[430, 578, 502, 628]"
7733112895099,176,5866.666666666667,03153,03153,true,1727.3082,1713.0798,-14.2284,0.4607886018652301,0.8392848968505859,"[435, 575, 505, 625]","[435, 575, 505, 625]"
7733112895099,177,5900.0,09153,03153,false,1105.3581,1546.7470,441.3889,0.701943199559766,0.8444925546646118,"[439, 574, 508, 622]","[439, 574, 508, 622]"
7733112895099,178,5933.333333333334,09153,03153,false,1155.9291,1573.2491,417.3200,0.8128217931100805,0.870975136756897,"[442, 573, 510, 620]","[442, 573, 510, 620]"
7733112895099,179,5966.666666666667,03153,03153,true,1501.6742,1955.8915,454.2173,0.4990362081972134,0.8740392327308655,"[446, 568, 514, 617]","[446, 568, 514, 617]"
7733112895099,180,6000.0,01153,0355,false,1412.0057,1854.5275,442.5218,0.7842555243719467,0.8688474297523499,"[450, 567, 517, 614]","[450, 567, 517, 614]"
7733112895099,181,6033.333333333333,03153,0345,false,1428.4928,1492.6460,64.1532,0.4952880484471431,0.86342853307724,"[455, 565, 520, 612]","[455, 565, 520, 612]"
7733112895099,182,6066.666666666667,03153,0355,false,1652.5431,1689.2533,36.7102,0.48148047210630207,0.8399622440338135,"[458, 564, 523, 610]","[458, 564, 523, 610]"
7733112895099,183,6100.000000000001,03157,845,false,885.3164,1482.0372,596.7208,0.3339582110200054,0.828315019607544,"[460, 560, 528, 608]","[460, 560, 528, 608]"
7733112895099,184,6133.333333333334,24AE,0345,false,1259.2058,1607.0863,347.8805,0.22544545071643132,0.8373561501502991,"[463, 559, 530, 606]","[463, 559, 530, 606]"
7733112895099,185,6166.666666666667,03157,845,false,1379.7185,1475.3680,95.6495,0.20137952307819135,0.814462423324585,"[467, 559, 533, 604]","[467, 559, 533, 604]"
7733112895099,186,6200.0,24A,0345,false,1126.7316,1659.7369,533.0053,0.4255666488688038,0.8095861673355103,"[472, 557, 537, 602]","[472, 557, 537, 602]"
7733112895099,187,6233.333333333333,03157,845,false,1161.8457,1485.5541,323.7084,0.4602428551323447,0.8141939043998718,"[476, 554, 541, 600]","[476, 554, 541, 600]"
7733112895099,188,6266.666666666667,03153,8445,false,1383.3094,1555.7642,172.4548,0.2374945267989875,0.8481913208961487,"[479, 551, 544, 598]","[479, 551, 544, 598]"
7733112895099,189,6300.000000000001,24A,845,false,1423.7890,1610.7300,186.9410,0.4577465057373047,0.7292924523353577,"[483, 550, 546, 596]","[483, 550, 546, 596]"
7733112895099,190,6333.333333333334,22A,0345,false,1671.8616,1694.6184,22.7568,0.1409047394990921,0.6847983002662659,"[486, 549, 548, 595]","[486, 549, 548, 595]"
7733112895099,191,6366.666666666667,244E,83153,false,1175.4940,2019.9796,844.4856,0.34709646404561373,0.781412661075592,"[490, 548, 553, 592]","[490, 548, 553, 592]"
7733112895099,192,6400.0,03153,8445,false,1498.9506,1749.8331,250.8825,0.622087931701553,0.7789263725280762,"[492, 546, 556, 590]","[492, 546, 556, 590]"
7733112895099,193,6433.333333333334,244,RM45,false,1377.0551,1797.1708,420.1157,0.22072091698646545,0.76592618227005,"[496, 543, 558, 589]","[496, 543, 558, 589]"
7733112895099,194,6466.666666666667,24AE,845,false,1435.5409,1609.8881,174.3472,0.5507850195070801,0.7504088878631592,"[497, 543, 560, 585]","[497, 543, 560, 585]"
7733112895099,195,6500.0,24AE,03165,false,1317.7757,1665.3605,347.5848,0.3590182061065099,0.6535647511482239,"[500, 541, 562, 584]","[500, 541, 562, 584]"
7733112895099,196,6533.333333333333,03152,83165,false,1147.9635,2121.9321,973.9686,0.7092744558642664,0.7855004072189331,"[507, 539, 566, 582]","[507, 539, 566, 582]"
7733112895099,197,6566.666666666667,0316,8555,false,1535.7264,1355.0229,-180.7035,0.5887215733528137,0.7505446672439575,"[509, 536, 570, 579]","[509, 536, 570, 579]"
7733112895099,198,6600.000000000001,Q3153,83155,false,1480.5374,1845.3989,364.8615,0.2647317952450007,0.7173187136650085,"[511, 535, 571, 577]","[511, 535, 571, 577]"
7733112895099,199,6633.333333333334,244E,845,false,1592.1578,1486.6158,-105.5420,0.30767149497612695,0.7922792434692383,"[514, 533, 574, 574]","[514, 533, 574, 574]"
7733112895099,200,6666.666666666667,244,845,false,1323.4436,1682.7099,359.2663,0.3479851186275482,0.8382993340492249,"[518, 531, 575, 571]","[518, 531, 575, 571]"
7733112895099,201,6700.0,244,845,false,2001.5129,1612.3573,-389.1556,0.24441456753076182,0.8182107210159302,"[522, 528, 578, 569]","[522, 528, 578, 569]"
7733112895099,202,6733.333333333333,24AE,RM,false,1370.0133,1182.5337,-187.4796,0.5346981405059289,0.8114410042762756,"[523, 526, 583, 568]","[523, 526, 583, 568]"
7733112895099,203,6766.666666666667,244,RM45,false,2098.0541,1935.9627,-162.0914,0.5900627982003835,0.7728951573371887,"[526, 526, 584, 567]","[526, 526, 584, 567]"
7733112895099,204,6800.000000000001,244,045,false,1589.0137,1560.0277,-28.9860,0.6887238286547877,0.7657820582389832,"[530, 525, 586, 565]","[530, 525, 586, 565]"
7733112895099,205,6833.333333333334,2446,RM,false,1694.9142,1052.0148,-642.8994,0.18774076755544797,0.779454231262207,"[533, 523, 590, 564]","[533, 523, 590, 564]"
7733112895099,206,6866.666666666667,146,RM,false,1560.3680,1175.4149,-384.9531,0.17720706473251507,0.7757630348205566,"[541, 521, 593, 562]","[541, 521, 593, 562]"
7733112895099,207,6900.0,24745,,false,1960.3686,1221.5840,-738.7846,0.12293906737657803,0.7894441485404968,"[548, 519, 597, 561]","[548, 519, 597, 561]"
7733112895099,208,6933.333333333334,26,09202,false,1191.4738,1385.7187,194.2449,0.8065789341926575,0.8065789341926575,"[223, 668, 312, 719]","[223, 668, 312, 719]"
7733112895099,209,6966.666666666667,26,09202,false,1270.2013,1241.3236,-28.8777,0.6156745553016663,0.6156745553016663,"[230, 665, 325, 717]","[230, 665, 325, 717]"
7733112895099,210,7000.0,25,09202,false,1516.2564,1379.8428,-136.4136,0.45300474762916565,0.45300474762916565,"[242, 661, 335, 716]","[242, 661, 335, 716]"
7733112895099,211,7033.333333333334,26,09202,false,1493.7862,1329.8644,-163.9218,0.4329378447201137,0.4947047829627991,"[250, 659, 343, 712]","[250, 659, 343, 712]"
7733112895099,212,7066.666666666667,25,09202,false,1293.0143,1443.2046,150.1903,0.4526865780353546,0.4526865780353546,"[256, 656, 350, 710]","[256, 656, 350, 710]"
7733112895099,213,7100.000000000001,26,09202,false,1230.7344,1303.0645,72.3301,0.6674903035163879,0.6674903035163879,"[267, 653, 360, 705]","[267, 653, 360, 705]"
7733112895099,214,7133.333333333334,26,09202,false,1041.9504,1437.4808,395.5304,0.6314708590507507,0.6314708590507507,"[273, 651, 363, 701]","[273, 651, 363, 701]"
7733112895099,215,7166.666666666667,,,true,318.8647,144.1704,-174.6943,0.0,0.0,,
7733112895099,216,7200.0,26,09202,false,1143.1118,1195.6107,52.4989,0.8319224715232849,0.8319224715232849,"[288, 642, 379, 694]","[288, 642, 379, 694]"
7733112895099,217,7233.333333333333,26,09202,false,1307.0329,1219.5777,-87.4552,0.8128959536552429,0.8128959536552429,"[297, 639, 383, 692]","[297, 639, 383, 692]"
7733112895099,218,7266.666666666667,26,09202,false,1470.6057,1674.1796,203.5739,0.7578195929527283,0.7578195929527283,"[303, 638, 393, 687]","[303, 638, 393, 687]"
7733112895099,219,7300.000000000001,25,09202,false,1493.6564,1760.4867,266.8303,0.451833100951114,0.8065652251243591,"[309, 634, 395, 684]","[309, 634, 395, 684]"
7733112895099,220,7333.333333333334,26,09202,false,1374.6461,1337.4531,-37.1930,0.3528819978237152,0.3528819978237152,"[316, 629, 410, 679]","[316, 629, 410, 679]"
7733112895099,221,7366.666666666667,25,09202,false,1207.7472,1456.5875,248.8403,0.7956247925758362,0.7956247925758362,"[322, 625, 411, 677]","[322, 625, 411, 677]"
7733112895099,222,7400.0,26,09202,false,1504.2421,2047.2816,543.0395,0.6753998117016546,0.7857711911201477,"[328, 623, 413, 674]","[328, 623, 413, 674]"
7733112895099,223,7433.333333333334,26,09202,false,939.2088,1899.9360,960.7272,0.43520528078079224,0.43520528078079224,"[335, 622, 423, 670]","[335, 622, 423, 670]"
7733112895099,224,7466.666666666667,,,true,355.1735,82.2883,-272.8852,0.0,0.0,,
7733112895099,225,7500.0,26,09202,false,1017.5902,1688.1033,670.5131,0.5234215459661101,0.7156316637992859,"[349, 611, 436, 661]","[349, 611, 436, 661]"
7733112895099,226,7533.333333333334,25,09202,false,1496.4413,1886.3286,389.8873,0.38240409740468967,0.7088114619255066,"[353, 608, 439, 656]","[353, 608, 439, 656]"
7733112895099,227,7566.666666666667,26,09202,false,1444.1846,1240.1675,-204.0171,0.45367839799645826,0.7992900013923645,"[359, 604, 440, 651]","[359, 604, 440, 651]"
7733112895099,228,7600.000000000001,26,09202,false,1184.4250,1757.0615,572.6365,0.4594627320766449,0.4594627320766449,"[365, 600, 450, 647]","[365, 600, 450, 647]"
7733112895099,229,7633.333333333334,26,09202,false,1294.6270,1367.0720,72.4450,0.6086392998695374,0.6086392998695374,"[372, 594, 456, 640]","[372, 594, 456, 640]"
7733112895099,230,7666.666666666667,26,09202,false,1556.2941,1297.3501,-258.9440,0.7423228025436401,0.7423228025436401,"[376, 590, 456, 637]","[376, 590, 456, 637]"
7733112895099,231,7700.0,26,09202,false,1166.7264,1256.2120,89.4856,0.6275542378425598,0.6275542378425598,"[378, 589, 456, 634]","[378, 589, 456, 634]"
7733112895099,232,7733.333333333333,26,09202,false,1433.5983,1343.2377,-90.3606,0.6189507246017456,0.6189507246017456,"[385, 583, 470, 629]","[385, 583, 470, 629]"
7733112895099,233,7766.666666666667,26,09202,false,1220.6195,1671.8985,451.2790,0.6413593292236328,0.6413593292236328,"[390, 580, 470, 625]","[390, 580, 470, 625]"
7733112895099,234,7800.000000000001,26,09202,false,1245.7898,1893.8139,648.0241,0.7795273661613464,0.7795273661613464,"[395, 574, 473, 620]","[395, 574, 473, 620]"
7733112895099,235,7833.333333333334,26,09202,false,969.2025,1922.8291,953.6266,0.32351067662239075,0.32351067662239075,"[400, 571, 483, 616]","[400, 571, 483, 616]"
7733112895099,236,7866.666666666667,26,09202,false,1046.1412,1302.2079,256.0667,0.3139966130256653,0.3139966130256653,"[404, 567, 491, 612]","[404, 567, 491, 612]"
7733112895099,237,7900.0,26,09202,false,1211.7480,1348.0872,136.3392,0.45909440517425537,0.45909440517425537,"[408, 565, 487, 609]","[408, 565, 487, 609]"
7733112895099,238,7933.333333333334,26,09202,false,1290.3826,1799.9126,509.5300,0.5031219124794006,0.5031219124794006,"[412, 560, 490, 605]","[412, 560, 490, 605]"
7733112895099,239,7966.666666666667,26,09202,false,1013.2166,1572.3564,559.1398,0.486770361661911,0.486770361661911,"[418, 559, 493, 602]","[418, 559, 493, 602]"
7733112895099,240,8000.0,26,09202,false,1197.1915,1227.1620,29.9705,0.31997498869895935,0.31997498869895935,"[420, 557, 498, 600]","[420, 557, 498, 600]"
7733112895099,241,8033.333333333333,26,09202,false,1135.1971,1562.2916,427.0945,0.3446263074874878,0.3446263074874878,"[422, 555, 501, 597]","[422, 555, 501, 597]"
7733112895099,242,8066.666666666666,26,09202,false,1114.5695,1776.1531,661.5836,0.3752188980579376,0.3752188980579376,"[420, 550, 502, 596]","[420, 550, 502, 596]"
7733112895099,243,8100.0,26,09202,false,1046.1773,1695.6531,649.4758,0.4195842146873474,0.4195842146873474,"[425, 550, 504, 595]","[425, 550, 504, 595]"
7733112895099,244,8133.333333333333,,,true,100.1495,106.3362,6.1867,0.0,0.0,,
7733112895099,245,8166.666666666668,26,09202,false,1151.3626,1771.8852,620.5226,0.4887780249118805,0.4887780249118805,"[432, 549, 506, 591]","[432, 549, 506, 591]"
7733112895099,246,8200.000000000002,26,09202,false,1344.3471,1903.1795,558.8324,0.5798569321632385,0.5798569321632385,"[432, 548, 508, 591]","[432, 548, 508, 591]"
7733112895099,247,8233.333333333334,26,09202,false,1336.4589,1683.1296,346.6707,0.487542062997818,0.487542062997818,"[435, 548, 509, 590]","[435, 548, 509, 590]"
7733112895099,248,8266.666666666668,,,true,147.6395,192.2277,44.5882,0.0,0.0,,
7733112895099,249,8300.0,,,true,152.5926,84.6662,-67.9264,0.0,0.0,,
7733112895099,250,8333.333333333334,,,true,175.4099,70.3814,-105.0285,0.0,0.0,,
7733112895099,251,8366.666666666668,,,true,225.0402,78.9547,-146.0855,0.0,0.0,,
7733112895099,252,8400.0,,,true,105.8865,67.9256,-37.9609,0.0,0.0,,
7733112895099,253,8433.333333333334,25,09202,false,1634.1020,1695.8856,61.7836,0.3621501922607422,0.3621501922607422,"[439, 548, 517, 590]","[439, 548, 517, 590]"
7733112895099,254,8466.666666666666,25,09202,false,1179.6777,1934.5488,754.8711,0.5949751734733582,0.5949751734733582,"[440, 549, 516, 590]","[440, 549, 516, 590]"
7733112895099,255,8500.0,25,09200,false,1241.5755,1882.1647,640.5892,0.5340069532394409,0.5340069532394409,"[440, 549, 516, 592]","[440, 549, 516, 592]"
7733112895099,256,8533.333333333334,25,09202,false,1209.9425,1772.2968,562.3543,0.5508951544761658,0.5508951544761658,"[440, 549, 516, 593]","[440, 549, 516, 593]"
7733112895099,257,8566.666666666666,25,09202,false,1109.3177,1920.1172,810.7995,0.43929505348205566,0.43929505348205566,"[440, 550, 516, 594]","[440, 550, 516, 594]"
7733112895099,258,8600.0,25,09202,false,1059.4192,1859.2566,799.8374,0.5041024684906006,0.5041024684906006,"[440, 550, 516, 595]","[440, 550, 516, 595]"
7733112895099,259,8633.333333333332,25,09202,false,1315.9979,1855.1892,539.1913,0.5011614561080933,0.5011614561080933,"[442, 550, 518, 596]","[442, 550, 518, 596]"
7733112895099,260,8666.666666666668,25,09202,false,1208.8751,1719.5090,510.6339,0.4837113916873932,0.4837113916873932,"[443, 551, 517, 596]","[443, 551, 517, 596]"
7733112895099,261,8700.000000000002,25,09202,false,1261.7243,1881.8098,620.0855,0.4771428406238556,0.4771428406238556,"[444, 552, 520, 596]","[444, 552, 520, 596]"
7733112895099,262,8733.333333333334,26,09202,false,1279.2661,2022.6265,743.3604,0.2838161587715149,0.2838161587715149,"[442, 553, 519, 597]","[442, 553, 519, 597]"
7733112895099,263,8766.666666666668,25,09202,false,1111.6375,2070.5482,958.9107,0.3764118552207947,0.3764118552207947,"[443, 553, 520, 598]","[443, 553, 520, 598]"
7733112895099,264,8800.0,,,true,222.7793,86.1497,-136.6296,0.0,0.0,,
7733112895099,265,8833.333333333334,,,true,213.3876,71.3628,-142.0248,0.0,0.0,,
7733112895099,266,8866.666666666668,25,09202,false,1391.2048,1815.0518,423.8470,0.47788283228874207,0.47788283228874207,"[447, 557, 520, 599]","[447, 557, 520, 599]"
7733112895099,267,8900.0,25,09202,false,1091.3004,1836.0557,744.7553,0.2912638485431671,0.2912638485431671,"[449, 556, 522, 600]","[449, 556, 522, 600]"
7733112895099,268,8933.333333333334,,,true,182.6287,83.7702,-98.8585,0.0,0.0,,
7733112895099,269,8966.666666666666,,,true,160.7167,100.7747,-59.9420,0.0,0.0,,
7733112895099,270,9000.0,26,09202,false,1529.7956,2016.3855,486.5899,0.28128254413604736,0.28128254413604736,"[452, 552, 529, 599]","[452, 552, 529, 599]"
7733112895099,271,9033.333333333334,26,09202,false,1383.5345,1773.5895,390.0550,0.3699081540107727,0.3699081540107727,"[452, 553, 530, 599]","[452, 553, 530, 599]"
7733112895099,272,9066.666666666666,U,09202,false,1553.4540,1866.7784,313.3244,0.43024054169654846,0.43024054169654846,"[454, 551, 531, 597]","[454, 551, 531, 597]"
7733112895099,273,9100.0,25,09202,false,1089.8542,1657.8866,568.0324,0.45345622301101685,0.45345622301101685,"[456, 550, 533, 596]","[456, 550, 533, 596]"
7733112895099,274,9133.333333333334,25,09202,false,882.9858,1700.2798,817.2940,0.5744119882583618,0.5744119882583618,"[457, 550, 532, 596]","[457, 550, 532, 596]"
7733112895099,275,9166.666666666668,092,09202,false,1640.2953,1656.8071,16.5118,0.5519689917564392,0.5519689917564392,"[459, 550, 532, 595]","[459, 550, 532, 595]"
7733112895099,276,9200.000000000002,26,09202,false,999.0968,1605.8393,606.7425,0.6468038558959961,0.6468038558959961,"[460, 550, 533, 595]","[460, 550, 533, 595]"
7733112895099,277,9233.333333333334,25,09202,false,1273.0810,1634.7388,361.6578,0.6150535345077515,0.6150535345077515,"[463, 549, 535, 594]","[463, 549, 535, 594]"
7733112895099,278,9266.666666666668,25,09202,false,1225.5634,2390.0310,1164.4676,0.6435790657997131,0.6435790657997131,"[462, 549, 536, 592]","[462, 549, 536, 592]"
7733112895099,279,9300.0,25,09202,false,853.9881,1783.7590,929.7709,0.43607303500175476,0.43607303500175476,"[464, 548, 539, 591]","[464, 548, 539, 591]"
7733112895099,280,9333.333333333334,26,09202,false,1256.5924,1883.2966,626.7042,0.34915104508399963,0.34915104508399963,"[465, 548, 539, 591]","[465, 548, 539, 591]"
7733112895099,281,9366.666666666668,26,09202,false,1534.6958,1845.0768,310.3810,0.33650901913642883,0.33650901913642883,"[467, 545, 541, 589]","[467, 545, 541, 589]"
7733112895099,282,9400.0,25,09202,false,1336.8107,1911.5823,574.7716,0.40363746881484985,0.40363746881484985,"[472, 543, 545, 589]","[472, 543, 545, 589]"
7733112895099,283,9433.333333333334,25,09202,false,1538.8887,1826.3866,287.4979,0.3848133981227875,0.3848133981227875,"[471, 542, 546, 588]","[471, 542, 546, 588]"
7733112895099,284,9466.666666666666,26,09202,false,1235.2784,1664.1902,428.9118,0.46481090784072876,0.46481090784072876,"[470, 542, 546, 587]","[470, 542, 546, 587]"
7733112895099,285,9500.0,26,09202,false,1248.0955,2212.0600,963.9645,0.5377764105796814,0.5377764105796814,"[472, 543, 548, 586]","[472, 543, 548, 586]"
7733112895099,286,9533.333333333334,26,09202,false,1649.5647,2095.2445,445.6798,0.4869215623966776,0.7737458944320679,"[473, 542, 548, 586]","[473, 542, 548, 586]"
7733112895099,287,9566.666666666666,25,09202,false,1422.5517,1781.4723,358.9206,0.614516454417406,0.7823209762573242,"[472, 542, 548, 586]","[472, 542, 548, 586]"
7733112895099,288,9600.0,25,09202,false,888.2091,1926.5890,1038.3799,0.776107668876648,0.776107668876648,"[472, 542, 549, 586]","[472, 542, 549, 586]"
7733112895099,289,9633.333333333334,25,09202,false,1476.5827,1834.7982,358.2155,0.7882049679756165,0.7882049679756165,"[472, 541, 550, 586]","[472, 541, 550, 586]"
7733112895099,290,9666.666666666668,25,09202,false,1455.4202,1733.5740,278.1538,0.808357298374176,0.808357298374176,"[472, 541, 550, 585]","[472, 541, 550, 585]"
7733112895099,291,9700.000000000002,25,09202,false,1306.7778,2553.8437,1247.0659,0.810662031173706,0.810662031173706,"[472, 541, 549, 585]","[472, 541, 549, 585]"
7733112895099,292,9733.333333333334,25,09202,false,1214.7461,1798.0370,583.2909,0.8294214606285095,0.8294214606285095,"[472, 542, 548, 586]","[472, 542, 548, 586]"
7733112895099,293,9766.666666666668,25,09202,false,1160.5963,1730.9257,570.3294,0.8104397058486938,0.8104397058486938,"[473, 543, 548, 587]","[473, 543, 548, 587]"
7733112895099,294,9800.0,25,09202,false,1310.2841,1885.2578,574.9737,0.7504631876945496,0.7504631876945496,"[473, 544, 548, 588]","[473, 544, 548, 588]"
7733112895099,295,9833.333333333334,25,09202,false,1224.8956,1637.7277,412.8321,0.7180250287055969,0.7180250287055969,"[472, 547, 545, 590]","[472, 547, 545, 590]"
7733112895099,296,9866.666666666668,25,09202,false,1070.1339,1601.0997,530.9658,0.7402304410934448,0.7402304410934448,"[473, 549, 545, 591]","[473, 549, 545, 591]"
7733112895099,297,9900.0,25,09202,false,1134.2862,1958.5992,824.3130,0.7686275839805603,0.7686275839805603,"[473, 549, 545, 592]","[473, 549, 545, 592]"
7733112895099,298,9933.333333333334,25,09202,false,849.2616,1662.0154,812.7538,0.7803487181663513,0.7803487181663513,"[473, 549, 546, 593]","[473, 549, 546, 593]"
7733112895099,299,9966.666666666666,26,09202,false,1621.1116,1891.2771,270.1655,0.4317856403555385,0.7896348237991333,"[473, 549, 546, 594]","[473, 549, 546, 594]"
7733112895099,300,10000.0,26,09202,false,1288.2787,1334.6752,46.3965,0.7720120549201965,0.7720120549201965,"[473, 549, 547, 594]","[473, 549, 547, 594]"
7733112895099,301,10033.333333333334,26,09202,false,1119.4129,2121.3740,1001.9611,0.751197099685669,0.751197099685669,"[473, 550, 547, 594]","[473, 550, 547, 594]"
7733112895099,302,10066.666666666666,26,09202,false,1251.3074,1629.8631,378.5557,0.7615531086921692,0.7615531086921692,"[474, 550, 548, 594]","[474, 550, 548, 594]"
7733112895099,303,10100.0,26,09202,false,1597.0933,1358.0480,-239.0453,0.6789355278015137,0.6789355278015137,"[474, 550, 548, 595]","[474, 550, 548, 595]"
7733112895099,304,10133.333333333334,26,09202,false,750.2878,1355.4883,605.2005,0.6945273280143738,0.6945273280143738,"[474, 550, 548, 596]","[474, 550, 548, 596]"
7733112895099,305,10166.666666666668,26,09202,false,1617.9079,1431.6544,-186.2535,0.7941678762435913,0.7941678762435913,"[478, 550, 550, 595]","[478, 550, 550, 595]"
7733112895099,306,10200.000000000002,26,09202,false,1511.6718,1770.9227,259.2509,0.7868877053260803,0.7868877053260803,"[480, 550, 550, 595]","[480, 550, 550, 595]"
7733112895099,307,10233.333333333334,26,09202,false,1398.8806,1712.7331,313.8525,0.7598412036895752,0.7598412036895752,"[479, 551, 551, 595]","[479, 551, 551, 595]"
7733112895099,308,10266.666666666668,26,09202,false,1629.1721,1806.4737,177.3016,0.7545924186706543,0.7545924186706543,"[479, 551, 551, 595]","[479, 551, 551, 595]"
7733112895099,309,10300.0,26,09202,false,1531.4999,1333.7547,-197.7452,0.6147243976593018,0.6147243976593018,"[478, 552, 551, 597]","[478, 552, 551, 597]"
7733112895099,310,10333.333333333334,26,09202,false,1571.2233,1596.3912,25.1679,0.41829171776771545,0.41829171776771545,"[478, 552, 552, 597]","[478, 552, 552, 597]"
7733112895099,311,10366.666666666668,26,09202,false,1681.8921,1517.3009,-164.5912,0.2889641523361206,0.2889641523361206,"[478, 554, 550, 598]","[478, 554, 550, 598]"
7733112895099,312,10400.0,26,09202,false,1394.5017,1281.2832,-113.2185,0.3019556403160095,0.3019556403160095,"[478, 554, 551, 598]","[478, 554, 551, 598]"
7733112895099,313,10433.333333333334,26,09202,false,1473.3911,1794.9285,321.5374,0.354221910238266,0.354221910238266,"[478, 553, 550, 599]","[478, 553, 550, 599]"
7733112895099,314,10466.666666666666,26,09202,false,1283.4427,1658.9340,375.4913,0.3047524392604828,0.3047524392604828,"[478, 553, 551, 598]","[478, 553, 551, 598]"
7733112895099,315,10500.0,26,09202,false,1411.8351,1858.8820,447.0469,0.28328344225883484,0.28328344225883484,"[478, 554, 550, 599]","[478, 554, 550, 599]"
7733112895099,316,10533.333333333334,26,09202,false,1268.9454,2078.9031,809.9577,0.3746912181377411,0.3746912181377411,"[478, 554, 550, 599]","[478, 554, 550, 599]"
7733112895099,317,10566.666666666666,26,09202,false,1891.2292,1969.6924,78.4632,0.37158194184303284,0.37158194184303284,"[478, 554, 550, 599]","[478, 554, 550, 599]"
7733112895099,318,10600.0,25,09202,false,1125.9401,1875.5549,749.6148,0.31571298837661743,0.31571298837661743,"[479, 553, 551, 599]","[479, 553, 551, 599]"
7733112895099,319,10633.333333333334,,,true,336.9036,92.9058,-243.9978,0.0,0.0,,
7733112895099,320,10666.666666666668,,,true,367.9354,94.7035,-273.2319,0.0,0.0,,
7733112895099,321,10700.000000000002,,,true,217.8274,91.5297,-126.2977,0.0,0.0,,
7733112895099,322,10733.333333333334,,,true,214.3860,183.9636,-30.4224,0.0,0.0,,
7733112895099,323,10766.666666666668,,,true,223.8546,74.8276,-149.0270,0.0,0.0,,
7733112895099,324,10800.0,,,true,215.1312,90.6405,-124.4907,0.0,0.0,,
7733112895099,325,10833.333333333334,,,true,184.3919,106.6052,-77.7867,0.0,0.0,,
7733112895099,326,10866.666666666668,,,true,181.3063,186.7562,5.4499,0.0,0.0,,
7733112895099,327,10900.0,,,true,470.9019,73.3992,-397.5027,0.0,0.0,,
7733112895099,328,10933.333333333334,26,09202,false,1240.7192,2005.3126,764.5934,0.3722628951072693,0.3722628951072693,"[485, 550, 561, 597]","[485, 550, 561, 597]"
7733112895099,329,10966.666666666666,26,09202,false,1246.8398,2268.0884,1021.2486,0.5209990739822388,0.5209990739822388,"[485, 550, 561, 598]","[485, 550, 561, 598]"
7733112895099,330,11000.0,26,09202,false,1184.1315,1409.9291,225.7976,0.7036787867546082,0.7036787867546082,"[486, 550, 563, 596]","[486, 550, 563, 596]"
7733112895099,331,11033.333333333334,09204,09202,false,1275.7671,1263.1824,-12.5847,0.681742250919342,0.681742250919342,"[488, 550, 563, 596]","[488, 550, 563, 596]"
7733112895099,332,11066.666666666666,26,09202,false,1280.3011,1595.7241,315.4230,0.4213997721672058,0.4213997721672058,"[488, 550, 563, 597]","[488, 550, 563, 597]"
7733112895099,333,11100.0,26,09202,false,1235.0769,1633.9842,398.9073,0.48581957817077637,0.48581957817077637,"[490, 551, 563, 597]","[490, 551, 563, 597]"
7733112895099,334,11133.333333333334,26,09202,false,1172.8907,1639.6664,466.7757,0.5887268781661987,0.5887268781661987,"[492, 550, 564, 597]","[492, 550, 564, 597]"
7733112895099,335,11166.666666666668,26,09202,false,1259.9947,1569.1920,309.1973,0.6446476578712463,0.6446476578712463,"[494, 551, 566, 597]","[494, 551, 566, 597]"
7733112895099,336,11200.000000000002,26,09202,false,895.6443,1360.7757,465.1314,0.46991896629333496,0.46991896629333496,"[494, 550, 568, 596]","[494, 550, 568, 596]"
7733112895099,337,11233.333333333334,26,09202,false,1198.6761,1520.9521,322.2760,0.2657311260700226,0.2657311260700226,"[495, 550, 569, 597]","[495, 550, 569, 597]"
7733112895099,338,11266.666666666668,,,true,94.9550,90.3533,-4.6017,0.0,0.0,,
7733112895099,339,11300.0,,,true,486.4419,77.8133,-408.6286,0.0,0.0,,
7733112895099,340,11333.333333333334,,,true,210.0687,90.5519,-119.5168,0.0,0.0,,
7733112895099,341,11366.666666666668,,,true,199.8578,97.9720,-101.8858,0.0,0.0,,
7733112895099,342,11400.0,25,09202,false,1096.5599,1348.4998,251.9399,0.39083656668663025,0.39083656668663025,"[501, 549, 578, 592]","[501, 549, 578, 592]"
7733112895099,343,11433.333333333334,26,09202,false,1135.3839,1543.9549,408.5710,0.5845842957496643,0.5845842957496643,"[503, 549, 578, 592]","[503, 549, 578, 592]"
7733112895099,344,11466.666666666666,25,09202,false,1718.1338,1470.7533,-247.3805,0.6293076276779175,0.6293076276779175,"[503, 548, 579, 592]","[503, 548, 579, 592]"
7733112895099,345,11500.0,26,09202,false,1156.3145,1439.3273,283.0128,0.5031256675720215,0.5031256675720215,"[503, 548, 579, 591]","[503, 548, 579, 591]"
7733112895099,346,11533.333333333334,26,09202,false,1182.6516,1465.3692,282.7176,0.582271933555603,0.582271933555603,"[505, 547, 580, 590]","[505, 547, 580, 590]"
7733112895099,347,11566.666666666666,25,09202,false,1242.9206,1334.8759,91.9553,0.5685138750888272,0.6237088441848755,"[506, 547, 580, 589]","[506, 547, 580, 589]"
7733112895099,348,11600.000000000002,25,09202,false,1149.3362,1614.1876,464.8514,0.6856396198272705,0.6856396198272705,"[506, 544, 582, 589]","[506, 544, 582, 589]"
7733112895099,349,11633.333333333334,25,09202,false,1272.9297,1802.5322,529.6025,0.6174396276473999,0.6174396276473999,"[509, 544, 581, 588]","[509, 544, 581, 588]"
7733112895099,350,11666.666666666668,25,09202,false,1240.3757,1787.8299,547.4542,0.5171643495559692,0.5171643495559692,"[509, 545, 581, 588]","[509, 545, 581, 588]"
7733112895099,351,11700.000000000002,25,09202,false,933.6627,1462.5674,528.9047,0.42058131098747253,0.42058131098747253,"[508, 545, 582, 588]","[508, 545, 582, 588]"
7733112895099,352,11733.333333333334,25,09202,false,1400.7275,1337.2625,-63.4650,0.6318902969360352,0.6318902969360352,"[508, 544, 582, 587]","[508, 544, 582, 587]"
7733112895099,353,11766.666666666668,,,true,219.6341,85.0536,-134.5805,0.0,0.0,,
7733112895099,354,11800.0,,,true,162.1353,75.1491,-86.9862,0.0,0.0,,
7733112895099,355,11833.333333333334,,,true,285.8719,100.0917,-185.7802,0.0,0.0,,
7733112895099,356,11866.666666666668,,,true,374.3984,160.8536,-213.5448,0.0,0.0,,
7733112895099,357,11900.0,,,true,210.5596,121.9222,-88.6374,0.0,0.0,,
7733112895099,358,11933.333333333334,,,true,211.2781,83.5861,-127.6920,0.0,0.0,,
7733112895099,359,11966.666666666666,,,true,208.1690,72.8314,-135.3376,0.0,0.0,,
7733112895099,360,12000.0,,,true,204.8833,79.7897,-125.0936,0.0,0.0,,
7733112895099,361,12033.333333333334,,,true,156.9667,98.8660,-58.1007,0.0,0.0,,
7733112895099,362,12066.666666666666,09,09217,false,1023.6032,1781.2072,757.6040,0.2396000350816192,0.2541225850582123,"[516, 541, 592, 584]","[516, 541, 592, 584]"
7733112895099,363,12100.000000000002,98,00202,false,1171.4630,1982.1674,810.7044,0.03018927632762808,0.4012247920036316,"[517, 541, 591, 584]","[517, 541, 591, 584]"
7733112895099,364,12133.333333333334,792,09202,false,1157.9980,1922.2441,764.2461,0.2767700254917145,0.2767700254917145,"[515, 539, 592, 583]","[515, 539, 592, 583]"
7733112895099,365,12166.666666666668,76,09202,false,1547.3543,1760.4033,213.0490,0.48528754711151123,0.48528754711151123,"[515, 539, 593, 583]","[515, 539, 593, 583]"
7733112895099,366,12200.000000000002,36,09202,false,1124.3941,1703.2612,578.8671,0.41484975814819336,0.41484975814819336,"[515, 538, 593, 583]","[515, 538, 593, 583]"
7733112895099,367,12233.333333333334,792,09202,false,1098.3549,1798.3211,699.9662,0.22031502463302582,0.454054594039917,"[515, 538, 593, 583]","[515, 538, 593, 583]"
7733112895099,368,12266.666666666668,492U,09202,false,1053.8491,2373.4030,1319.5539,0.22580602765083313,0.4589848816394806,"[515, 538, 592, 583]","[515, 538, 592, 583]"
7733112895099,369,12300.0,26,09217,false,1267.6796,1486.4859,218.8063,0.46047598123550415,0.46047598123550415,"[515, 538, 593, 583]","[515, 538, 593, 583]"
7733112895099,370,12333.333333333334,26,09202,false,1463.4022,1563.6183,100.2161,0.5003433227539062,0.5003433227539062,"[515, 538, 593, 583]","[515, 538, 593, 583]"
7733112895099,371,12366.666666666668,26,09202,false,1867.1755,1876.5408,9.3653,0.5021867156028748,0.5021867156028748,"[515, 538, 593, 583]","[515, 538, 593, 583]"
7733112895099,372,12400.0,26,09202,false,1261.3932,1962.1357,700.7425,0.34223413467407227,0.34223413467407227,"[515, 539, 592, 583]","[515, 539, 592, 583]"
7733112895099,373,12433.333333333334,26,09202,false,1159.1832,1714.0697,554.8865,0.34707462787628174,0.34707462787628174,"[515, 539, 592, 583]","[515, 539, 592, 583]"
7733112895099,374,12466.666666666666,26,09202,false,1158.2788,1784.5659,626.2871,0.32919591665267944,0.32919591665267944,"[515, 539, 592, 583]","[515, 539, 592, 583]"
7733112895099,375,12500.0,26,09202,false,1093.1807,1546.2109,453.0302,0.35642072558403015,0.35642072558403015,"[514, 539, 592, 583]","[514, 539, 592, 583]"
7733112895099,376,12533.333333333334,26,09202,false,1170.0830,1615.2223,445.1393,0.394711971282959,0.394711971282959,"[514, 539, 590, 583]","[514, 539, 590, 583]"
7733112895099,377,12566.666666666666,26,09202,false,1080.4496,1723.6015,643.1519,0.46898776292800903,0.46898776292800903,"[513, 539, 588, 582]","[513, 539, 588, 582]"
7733112895099,378,12600.000000000002,26,09202,false,1174.7074,1647.9029,473.1955,0.5590261816978455,0.5590261816978455,"[513, 539, 588, 583]","[513, 539, 588, 583]"
7733112895099,379,12633.333333333334,26,09202,false,1691.5063,1868.4820,176.9757,0.6508722305297852,0.6508722305297852,"[513, 537, 590, 581]","[513, 537, 590, 581]"
7733112895099,380,12666.666666666668,26,09202,false,1306.6750,1950.1049,643.4299,0.6622089147567749,0.6622089147567749,"[513, 537, 589, 582]","[513, 537, 589, 582]"
7733112895099,381,12700.000000000002,26,09202,false,1242.4465,1610.5674,368.1209,0.6538373827934265,0.6538373827934265,"[513, 537, 589, 582]","[513, 537, 589, 582]"
7733112895099,382,12733.333333333334,26,09202,false,1205.7964,1819.9033,614.1069,0.7230427861213684,0.7230427861213684,"[513, 536, 590, 582]","[513, 536, 590, 582]"
7733112895099,383,12766.666666666668,26,09202,false,1167.9117,1584.2579,416.3462,0.7438435554504395,0.7438435554504395,"[512, 537, 589, 582]","[512, 537, 589, 582]"
7733112895099,384,12800.0,26,09202,false,948.8456,1841.9122,893.0666,0.7323472499847412,0.7323472499847412,"[511, 537, 587, 583]","[511, 537, 587, 583]"
7733112895099,385,12833.333333333334,26,09202,false,1196.4463,2048.4853,852.0390,0.7254233360290527,0.7254233360290527,"[512, 537, 586, 581]","[512, 537, 586, 581]"
7733112895099,386,12866.666666666668,26,09202,false,1357.7702,1866.6560,508.8858,0.7390442490577698,0.7390442490577698,"[512, 537, 586, 581]","[512, 537, 586, 581]"
7733112895099,387,12900.0,25,09202,false,1216.5888,1431.4960,214.9072,0.7453744411468506,0.7453744411468506,"[511, 536, 585, 581]","[511, 536, 585, 581]"
7733112895099,388,12933.333333333334,09204,09202,false,1313.2715,1393.0110,79.7395,0.7212169170379639,0.7212169170379639,"[511, 536, 585, 581]","[511, 536, 585, 581]"
7733112895099,389,12966.666666666666,26,09202,false,1200.1550,1400.7467,200.5917,0.6778466105461121,0.6778466105461121,"[512, 536, 586, 581]","[512, 536, 586, 581]"
7733112895099,390,13000.0,26,09202,false,1273.2053,1378.3574,105.1521,0.6976304650306702,0.6976304650306702,"[512, 537, 587, 582]","[512, 537, 587, 582]"
7733112895099,391,13033.333333333334,26,09202,false,1219.7275,1525.8960,306.1685,0.6925798058509827,0.6925798058509827,"[512, 537, 587, 582]","[512, 537, 587, 582]"
7733112895099,392,13066.666666666666,26,09202,false,1396.0469,1390.9567,-5.0902,0.7343083620071411,0.7343083620071411,"[511, 539, 585, 583]","[511, 539, 585, 583]"
7733112895099,393,13100.000000000002,26,09202,false,1254.2509,1554.7734,300.5225,0.6868234872817993,0.6868234872817993,"[511, 539, 586, 583]","[511, 539, 586, 583]"
7733112895099,394,13133.333333333334,26,09202,false,1005.8142,1500.9518,495.1376,0.6382331848144531,0.6382331848144531,"[511, 540, 585, 585]","[511, 540, 585, 585]"
7733112895099,395,13166.666666666668,26,09202,false,1229.5636,1566.4195,336.8559,0.6768112182617188,0.6768112182617188,"[509, 541, 584, 585]","[509, 541, 584, 585]"
7733112895099,396,13200.000000000002,26,09202,false,1241.5850,1382.8123,141.2273,0.6200178861618042,0.6200178861618042,"[507, 542, 584, 587]","[507, 542, 584, 587]"
7733112895099,397,13233.333333333334,26,09202,false,852.4197,1371.3633,518.9436,0.7061788439750671,0.7061788439750671,"[507, 543, 583, 587]","[507, 543, 583, 587]"
7733112895099,398,13266.666666666668,26,09202,false,1331.8121,1491.5911,159.7790,0.7531613111495972,0.7531613111495972,"[507, 543, 582, 587]","[507, 543, 582, 587]"
7733112895099,399,13300.0,26,09202,false,1025.8901,1560.4166,534.5265,0.6395814418792725,0.6395814418792725,"[507, 544, 580, 588]","[507, 544, 580, 588]"
7733112895099,400,13333.333333333334,26,09202,false,926.1955,1648.5372,722.3417,0.5451180934906006,0.5451180934906006,"[506, 547, 581, 589]","[506, 547, 581, 589]"
7733112895099,401,13366.666666666668,26,09202,false,1028.6123,1487.7722,459.1599,0.5214548110961914,0.5214548110961914,"[505, 549, 580, 591]","[505, 549, 580, 591]"
7733112895099,402,13400.0,26,09202,false,1178.0325,1864.6618,686.6293,0.5843021869659424,0.5843021869659424,"[505, 550, 580, 591]","[505, 550, 580, 591]"
7733112895099,403,13433.333333333334,26,09202,false,1068.3233,1922.4824,854.1591,0.632153332233429,0.632153332233429,"[506, 550, 578, 594]","[506, 550, 578, 594]"
7733112895099,404,13466.666666666666,26,09202,false,1135.7931,1896.4050,760.6119,0.7315733432769775,0.7315733432769775,"[505, 550, 578, 595]","[505, 550, 578, 595]"
7733112895099,405,13500.0,25,09202,false,1217.7783,1904.0771,686.2988,0.6433487150723153,0.6785590648651123,"[504, 550, 579, 595]","[504, 550, 579, 595]"
7733112895099,406,13533.333333333334,26,09202,false,810.4662,1688.8850,878.4188,0.5596258341342327,0.7337432503700256,"[504, 551, 579, 596]","[504, 551, 579, 596]"
7733112895099,407,13566.666666666666,26,09202,false,993.4937,1832.8939,839.4002,0.7699687480926514,0.7699687480926514,"[504, 551, 581, 597]","[504, 551, 581, 597]"
7733112895099,408,13600.000000000002,26,09202,false,939.1757,1961.2492,1022.0735,0.7727633118629456,0.7727633118629456,"[504, 552, 580, 597]","[504, 552, 580, 597]"
7733112895099,409,13633.333333333334,26,09202,false,1060.6740,2000.2810,939.6070,0.7829815149307251,0.7829815149307251,"[505, 552, 580, 597]","[505, 552, 580, 597]"
7733112895099,410,13666.666666666668,26,09202,false,918.4439,1514.6112,596.1673,0.7864792346954346,0.7864792346954346,"[506, 553, 581, 598]","[506, 553, 581, 598]"
7733112895099,411,13700.000000000002,26,09202,false,1199.1873,1693.6915,494.5042,0.7294328181383305,0.7808796763420105,"[505, 553, 580, 598]","[505, 553, 580, 598]"
7733112895099,412,13733.333333333334,26,09202,false,807.1375,1566.2905,759.1530,0.5855601406455812,0.7494089007377625,"[505, 553, 579, 598]","[505, 553, 579, 598]"
7733112895099,413,13766.666666666668,26,09202,false,464.4931,1861.2342,1396.7411,0.6587175130844116,0.6587175130844116,"[506, 554, 580, 598]","[506, 554, 580, 598]"
7733112895099,414,13800.0,26,09202,false,522.2281,1374.8208,852.5927,0.6874001026153564,0.6874001026153564,"[507, 555, 580, 599]","[507, 555, 580, 599]"
7733112895099,415,13833.333333333334,26,09202,false,1160.8801,1399.2324,238.3523,0.7019423842430115,0.7019423842430115,"[507, 555, 580, 599]","[507, 555, 580, 599]"
7733112895099,416,13866.666666666668,25,09202,false,953.6765,1413.6906,460.0141,0.6572288274765015,0.6572288274765015,"[508, 555, 580, 599]","[508, 555, 580, 599]"
7733112895099,417,13900.0,26,09202,false,1063.7295,1438.9830,375.2535,0.6172219514846802,0.6172219514846802,"[505, 555, 579, 599]","[505, 555, 579, 599]"
7733112895099,418,13933.333333333334,25,09202,false,800.9728,1416.3198,615.3470,0.6206231117248535,0.6206231117248535,"[505, 555, 580, 599]","[505, 555, 580, 599]"
7733112895099,419,13966.666666666666,25,09202,false,1125.0723,1539.1175,414.0452,0.6429216861724854,0.6429216861724854,"[506, 555, 580, 600]","[506, 555, 580, 600]"
7733112895099,420,14000.0,26,09202,false,1195.5693,1411.4759,215.9066,0.7277368307113647,0.7277368307113647,"[507, 556, 581, 599]","[507, 556, 581, 599]"
7733112895099,421,14033.333333333334,26,09202,false,1156.8066,1384.6349,227.8283,0.7055107951164246,0.7055107951164246,"[508, 556, 584, 599]","[508, 556, 584, 599]"
7733112895099,422,14066.666666666668,26,09202,false,930.6054,1384.5222,453.9168,0.7027347683906555,0.7027347683906555,"[508, 557, 584, 600]","[508, 557, 584, 600]"
7733112895099,423,14100.000000000002,26,09202,false,1173.9653,1398.0086,224.0433,0.7594835162162781,0.7594835162162781,"[510, 557, 584, 600]","[510, 557, 584, 600]"
7733112895099,424,14133.333333333334,26,09202,false,1170.9220,1470.3061,299.3841,0.773735761642456,0.773735761642456,"[509, 559, 584, 601]","[509, 559, 584, 601]"
7733112895099,425,14166.666666666668,26,09202,false,1019.6011,1485.8530,466.2519,0.7994616627693176,0.7994616627693176,"[509, 559, 584, 602]","[509, 559, 584, 602]"
7733112895099,426,14200.000000000002,26,09202,false,1370.9153,1097.3625,-273.5528,0.7686643004417419,0.7686643004417419,"[510, 559, 584, 602]","[510, 559, 584, 602]"
7733112895099,427,14233.333333333334,26,09202,false,1232.4469,1370.1716,137.7247,0.6753750443458557,0.6753750443458557,"[513, 559, 586, 603]","[513, 559, 586, 603]"
7733112895099,428,14266.666666666668,26,09202,false,1186.6337,1423.1218,236.4881,0.5662298798561096,0.5662298798561096,"[513, 560, 587, 604]","[513, 560, 587, 604]"
7733112895099,429,14300.0,26,09202,false,742.5253,1434.6186,692.0933,0.5350332260131836,0.5350332260131836,"[512, 560, 588, 605]","[512, 560, 588, 605]"
7733112895099,430,14333.333333333334,,,true,103.9521,79.1074,-24.8447,0.0,0.0,,
7733112895099,431,14366.666666666668,,,true,108.5011,60.8432,-47.6579,0.0,0.0,,
7733112895099,432,14400.0,,,true,290.3237,56.9209,-233.4028,0.0,0.0,,
7733112895099,433,14433.333333333334,,,true,373.7137,62.0581,-311.6556,0.0,0.0,,
7733112895099,434,14466.666666666666,,,true,206.2817,60.5998,-145.6819,0.0,0.0,,
7733112895099,435,14500.0,,,true,211.2365,54.4125,-156.8240,0.0,0.0,,
7733112895099,436,14533.333333333334,,,true,209.0488,59.0372,-150.0116,0.0,0.0,,
7733112895099,437,14566.666666666668,26,09202,false,1622.0283,1512.7562,-109.2721,0.3842511475086212,0.3842511475086212,"[513, 567, 585, 612]","[513, 567, 585, 612]"
7733112895099,438,14600.000000000002,26,09202,false,1372.6169,1388.9205,16.3036,0.3333543539047241,0.3333543539047241,"[513, 568, 586, 612]","[513, 568, 586, 612]"
7733112895099,439,14633.333333333334,26,09202,false,1159.3642,1344.7921,185.4279,0.3248777389526367,0.3248777389526367,"[512, 569, 586, 613]","[512, 569, 586, 613]"
7733112895099,440,14666.666666666668,26,09202,false,1153.5181,1334.4095,180.8914,0.3246558904647827,0.3246558904647827,"[511, 568, 586, 613]","[511, 568, 586, 613]"
7733112895099,441,14700.000000000002,,1,false,480.9339,874.9980,394.0641,0.0,0.506280779838562,"[0, 340, 33, 451]","[0, 340, 33, 451]"
7733112895099,442,14733.333333333334,26,09202,false,1177.4119,1415.9757,238.5638,0.62303227186203,0.62303227186203,"[510, 569, 585, 614]","[510, 569, 585, 614]"
7733112895099,443,14766.666666666668,,1,false,449.8871,907.5139,457.6268,0.0,0.40530478954315186,"[0, 339, 31, 455]","[0, 339, 31, 455]"
7733112895099,444,14800.0,,1,false,847.1342,890.2889,43.1547,0.0,0.3731561601161957,"[0, 339, 31, 455]","[0, 339, 31, 455]"
7733112895099,445,14833.333333333334,26,09202,false,820.3766,1393.2535,572.8769,0.4032670557498932,0.4032670557498932,"[509, 570, 583, 614]","[509, 570, 583, 614]"
7733112895099,446,14866.666666666668,26,09202,false,890.2857,1406.2959,516.0102,0.6305476427078247,0.6305476427078247,"[508, 571, 582, 613]","[508, 571, 582, 613]"
7733112895099,447,14900.0,26,09202,false,728.3981,1419.6067,691.2086,0.5829348564147949,0.5829348564147949,"[506, 571, 580, 614]","[506, 571, 580, 614]"
7733112895099,448,14933.333333333334,26,09202,false,852.1540,1409.0986,556.9446,0.6221869587898254,0.6221869587898254,"[504, 571, 579, 615]","[504, 571, 579, 615]"
7733112895099,449,14966.666666666666,26,09202,false,809.0143,1436.6552,627.6409,0.6754302978515625,0.6754302978515625,"[504, 571, 579, 615]","[504, 571, 579, 615]"
7733112895099,450,15000.0,26,09202,false,1062.0995,1393.5065,331.4070,0.7390184998512268,0.7390184998512268,"[503, 571, 579, 615]","[503, 571, 579, 615]"
7733112895099,451,15033.333333333334,26,09202,false,1191.9555,1337.9389,145.9834,0.5979729890823364,0.5979729890823364,"[503, 571, 581, 615]","[503, 571, 581, 615]"
7733112895099,452,15066.666666666668,26,09202,false,774.5226,1310.9398,536.4172,0.743221640586853,0.743221640586853,"[504, 571, 580, 615]","[504, 571, 580, 615]"
7733112895099,453,15100.000000000002,26,09202,false,600.3571,1424.7984,824.4413,0.7500803470611572,0.7500803470611572,"[504, 571, 579, 615]","[504, 571, 579, 615]"
7733112895099,454,15133.333333333334,26,09202,false,1206.4943,1416.7797,210.2854,0.6927230358123779,0.6927230358123779,"[502, 571, 578, 615]","[502, 571, 578, 615]"
7733112895099,455,15166.666666666668,26,09202,false,917.9949,1435.6811,517.6862,0.6817848682403564,0.6817848682403564,"[502, 571, 578, 615]","[502, 571, 578, 615]"
7733112895099,456,15200.000000000002,26,09202,false,905.1043,1344.7062,439.6019,0.43300923705101013,0.43300923705101013,"[502, 570, 576, 614]","[502, 570, 576, 614]"
7733112895099,457,15233.333333333334,26,09202,false,902.8773,1367.2738,464.3965,0.36056655645370483,0.36056655645370483,"[499, 569, 575, 614]","[499, 569, 575, 614]"
7733112895099,458,15266.666666666668,26,09202,false,1216.7139,1492.7738,276.0599,0.41282421350479126,0.41282421350479126,"[497, 569, 575, 615]","[497, 569, 575, 615]"
7733112895099,459,15300.0,26,09202,false,1353.3098,1467.0237,113.7139,0.4260334074497223,0.4260334074497223,"[497, 568, 574, 614]","[497, 568, 574, 614]"
7733112895099,460,15333.333333333334,26,09202,false,1606.4732,1394.9153,-211.5579,0.5382640957832336,0.5382640957832336,"[497, 568, 573, 614]","[497, 568, 573, 614]"
7733112895099,461,15366.666666666668,26,09202,false,1376.8606,1385.5273,8.6667,0.3774489164352417,0.3774489164352417,"[497, 567, 572, 612]","[497, 567, 572, 612]"
7733112895099,462,15400.0,26,09202,false,1626.5288,1415.8664,-210.6624,0.4138716757297516,0.4138716757297516,"[496, 566, 571, 611]","[496, 566, 571, 611]"
7733112895099,463,15433.333333333334,26,09202,false,848.9356,1555.1446,706.2090,0.6303500533103943,0.6303500533103943,"[495, 566, 569, 611]","[495, 566, 569, 611]"
7733112895099,464,15466.666666666666,26,09202,false,1144.1032,1388.7608,244.6576,0.554383600806427,0.6438066959381104,"[495, 565, 569, 610]","[495, 565, 569, 610]"
7733112895099,465,15500.0,26,09202,false,1674.8302,1368.8913,-305.9389,0.5968917012214661,0.5968917012214661,"[495, 565, 569, 610]","[495, 565, 569, 610]"
7733112895099,466,15533.333333333334,26,09202,false,1507.2133,1341.5179,-165.6954,0.5777989029884338,0.5777989029884338,"[495, 565, 569, 609]","[495, 565, 569, 609]"
7733112895099,467,15566.666666666668,26,09202,false,1175.2399,1409.3423,234.1024,0.6138819456100464,0.6138819456100464,"[495, 565, 569, 608]","[495, 565, 569, 608]"
7733112895099,468,15600.000000000002,26,09202,false,964.4730,1386.5971,422.1241,0.5899344086647034,0.5899344086647034,"[494, 564, 568, 607]","[494, 564, 568, 607]"
7733112895099,469,15633.333333333334,26,09202,false,1192.1429,1474.6565,282.5136,0.4663756787776947,0.4663756787776947,"[495, 563, 569, 606]","[495, 563, 569, 606]"
7733112895099,470,15666.666666666668,26,09202,false,789.7553,1492.1350,702.3797,0.4775558114051819,0.4775558114051819,"[493, 563, 569, 606]","[493, 563, 569, 606]"
7733112895099,471,15700.000000000002,26,09202,false,1626.6749,1601.8853,-24.7896,0.609990119934082,0.609990119934082,"[494, 563, 569, 606]","[494, 563, 569, 606]"
7733112895099,472,15733.333333333334,26,09202,false,1141.6556,1320.5801,178.9245,0.6232686042785645,0.6232686042785645,"[494, 563, 570, 605]","[494, 563, 570, 605]"
7733112895099,473,15766.666666666668,26,09202,false,1297.9661,1465.6383,167.6722,0.6190211176872253,0.6190211176872253,"[494, 562, 570, 605]","[494, 562, 570, 605]"
7733112895099,474,15800.0,26,09202,false,956.2220,1408.4786,452.2566,0.6596247553825378,0.6596247553825378,"[494, 561, 569, 605]","[494, 561, 569, 605]"
7733112895099,475,15833.333333333334,26,09202,false,1366.3378,1472.7764,106.4386,0.5340027809143066,0.5340027809143066,"[495, 561, 571, 604]","[495, 561, 571, 604]"
7733112895099,476,15866.666666666668,26,09202,false,1274.4764,1567.7218,293.2454,0.5270484089851379,0.5270484089851379,"[494, 560, 569, 604]","[494, 560, 569, 604]"
7733112895099,477,15900.0,26,09202,false,1563.3370,1506.4640,-56.8730,0.4950733482837677,0.4950733482837677,"[495, 560, 571, 604]","[495, 560, 571, 604]"
7733112895099,478,15933.333333333334,26,09202,false,997.9040,1388.0215,390.1175,0.5576998591423035,0.5576998591423035,"[495, 560, 571, 603]","[495, 560, 571, 603]"
7733112895099,479,15966.666666666666,26,09202,false,1373.8377,1380.6692,6.8315,0.6997113823890686,0.6997113823890686,"[495, 560, 571, 603]","[495, 560, 571, 603]"
7733112895099,480,16000.0,26,09202,false,1241.6930,1445.0627,203.3697,0.7038923501968384,0.7038923501968384,"[495, 558, 571, 603]","[495, 558, 571, 603]"
7733112895099,481,16033.333333333336,26,09202,false,1250.9120,1571.3873,320.4753,0.7612800002098083,0.7612800002098083,"[495, 558, 572, 602]","[495, 558, 572, 602]"
7733112895099,482,16066.666666666666,26,09202,false,1103.9794,1433.4518,329.4724,0.7532969117164612,0.7532969117164612,"[495, 558, 573, 602]","[495, 558, 573, 602]"
7733112895099,483,16100.000000000002,26,09202,false,1162.9366,1414.3841,251.4475,0.731815755367279,0.731815755367279,"[496, 558, 576, 602]","[496, 558, 576, 602]"
7733112895099,484,16133.333333333332,26,09202,false,891.4387,1699.1546,807.7159,0.6342141032218933,0.6342141032218933,"[497, 558, 576, 602]","[497, 558, 576, 602]"
7733112895099,485,16166.666666666668,,,true,460.8059,80.9726,-379.8333,0.0,0.0,,
7733112895099,486,16200.0,,,true,266.7725,81.3926,-185.3799,0.0,0.0,,
7733112895099,487,16233.333333333334,,,true,222.3586,90.5118,-131.8468,0.0,0.0,,
7733112895099,488,16266.666666666666,,,true,208.9836,94.8887,-114.0949,0.0,0.0,,
7733112895099,489,16300.0,,,true,221.5916,83.3461,-138.2455,0.0,0.0,,
7733112895099,490,16333.333333333336,,,true,158.2179,65.9043,-92.3136,0.0,0.0,,
7733112895099,491,16366.666666666668,,,true,285.8642,67.2742,-218.5900,0.0,0.0,,
7733112895099,492,16400.000000000004,,,true,361.9531,67.9113,-294.0418,0.0,0.0,,
7733112895099,493,16433.333333333332,,,true,207.4800,64.4975,-142.9825,0.0,0.0,,
7733142959513,0,0.0,,MM,false,476.2079,1511.7034,1035.4955,0.0,0.8543357253074646,"[627, 608, 694, 657]","[627, 608, 694, 657]"
7733142959513,1,33.333333333333336,,MM,false,276.6419,887.0754,610.4335,0.0,0.8713577389717102,"[625, 606, 695, 658]","[625, 606, 695, 658]"
7733142959513,2,66.66666666666667,,MM,false,225.1070,950.4012,725.2942,0.0,0.8745968341827393,"[627, 604, 695, 655]","[627, 604, 695, 655]"
7733142959513,3,100.0,,MM,false,215.8792,879.4036,663.5244,0.0,0.8736220598220825,"[627, 603, 695, 655]","[627, 603, 695, 655]"
7733142959513,4,133.33333333333334,,MM,false,208.9162,882.2189,673.3027,0.0,0.8869615197181702,"[628, 605, 696, 654]","[628, 605, 696, 654]"
7733142959513,5,166.66666666666669,,ITEM,false,219.5592,1134.9253,915.3661,0.0,0.8739914894104004,"[628, 601, 697, 653]","[628, 601, 697, 653]"
7733142959513,6,200.0,,ITEM,false,195.1227,1064.5959,869.4732,0.0,0.8631220459938049,"[629, 600, 697, 652]","[629, 600, 697, 652]"
7733142959513,7,233.33333333333334,,MM,false,194.9223,973.2908,778.3685,0.0,0.8473616242408752,"[627, 601, 698, 652]","[627, 601, 698, 652]"
7733142959513,8,266.6666666666667,,RM,false,214.8537,906.6439,691.7902,0.0,0.8232595324516296,"[630, 602, 699, 649]","[630, 602, 699, 649]"
7733142959513,9,300.0,,MM,false,229.6140,896.8948,667.2808,0.0,0.8187544941902161,"[630, 601, 699, 649]","[630, 601, 699, 649]"
7733142959513,10,333.33333333333337,,RM,false,227.2670,901.3110,674.0440,0.0,0.8225480914115906,"[630, 600, 699, 648]","[630, 600, 699, 648]"
7733142959513,11,366.6666666666667,,ITEM,false,240.0005,1073.4546,833.4541,0.0,0.8355361819267273,"[628, 599, 700, 647]","[628, 599, 700, 647]"
7733142959513,12,400.0,,ITEM,false,397.6874,1079.8926,682.2052,0.0,0.8405382037162781,"[628, 599, 700, 647]","[628, 599, 700, 647]"
7733142959513,13,433.33333333333337,,ITEM,false,201.7341,1148.3956,946.6615,0.0,0.778704047203064,"[629, 599, 700, 645]","[629, 599, 700, 645]"
7733142959513,14,466.6666666666667,,ITEM,false,218.9039,1065.2322,846.3283,0.0,0.7859058976173401,"[631, 597, 702, 644]","[631, 597, 702, 644]"
7733142959513,15,500.0,,ITEM,false,206.2742,1159.1016,952.8274,0.0,0.7745556235313416,"[632, 597, 702, 644]","[632, 597, 702, 644]"
7733142959513,16,533.3333333333334,,TAX,false,223.6158,1498.3311,1274.7153,0.0,0.7425706386566162,"[633, 597, 703, 643]","[633, 597, 703, 643]"
7733142959513,17,566.6666666666666,,ITEM,false,220.2033,1346.5464,1126.3431,0.0,0.8042986989021301,"[630, 596, 704, 643]","[630, 596, 704, 643]"
7733142959513,18,600.0,,RM,false,220.6967,914.7834,694.0867,0.0,0.7991081476211548,"[631, 596, 704, 642]","[631, 596, 704, 642]"
7733142959513,19,633.3333333333334,,3,false,195.2672,948.4020,753.1348,0.0,0.7723643779754639,"[0, 729, 66, 831]","[0, 729, 66, 831]"
7733142959513,20,666.6666666666667,,8,false,190.9496,912.0624,721.1128,0.0,0.8694047927856445,"[1, 722, 83, 823]","[1, 722, 83, 823]"
7733142959513,21,700.0000000000001,,8,false,198.7745,1429.1106,1230.3361,0.0,0.9080744385719299,"[1, 717, 101, 819]","[1, 717, 101, 819]"
7733142959513,22,733.3333333333334,22,AM,false,295.6574,1317.4610,1021.8036,0.3263435568414492,0.9017650485038757,"[0, 713, 116, 813]","[0, 713, 116, 813]"
7733142959513,23,766.6666666666667,332,BB,false,439.4667,916.0635,476.5968,0.25235643432984306,0.9064845442771912,"[1, 708, 131, 808]","[1, 708, 131, 808]"
7733142959513,24,800.0,2622,BB,false,425.3144,1412.6771,987.3627,0.19906409521165064,0.9049960374832153,"[2, 704, 144, 802]","[2, 704, 144, 802]"
7733142959513,25,833.3333333333334,2522,BB,false,356.8473,972.1741,615.3268,0.344404011964798,0.9111859798431396,"[18, 702, 155, 798]","[18, 702, 155, 798]"
7733142959513,26,866.6666666666667,2323,BST,false,286.3042,1169.2958,882.9916,0.06354373286400954,0.9013678431510925,"[35, 700, 168, 795]","[35, 700, 168, 795]"
7733142959513,27,900.0,34523,GST,false,253.2428,1203.1733,949.9305,0.13566991373796758,0.9018675088882446,"[42, 699, 173, 793]","[42, 699, 173, 793]"
7733142959513,28,933.3333333333334,34522,6,false,353.2362,1224.4036,871.1674,0.36986698728245737,0.8998792767524719,"[62, 698, 189, 790]","[62, 698, 189, 790]"
7733142959513,29,966.6666666666666,87522,650,false,340.7149,1284.7828,944.0679,0.2776010492601271,0.9040675759315491,"[72, 696, 198, 788]","[72, 696, 198, 788]"
7733142959513,30,1000.0,82522,650,false,403.9620,1246.0536,842.0916,0.5891476022108781,0.9090127944946289,"[76, 695, 203, 788]","[76, 695, 203, 788]"
7733142959513,31,1033.3333333333335,82522,650,false,335.9858,1242.2466,906.2608,0.7762540776253871,0.9098638296127319,"[86, 695, 216, 785]","[86, 695, 216, 785]"
7733142959513,32,1066.6666666666667,82522,650,false,427.0206,1346.8922,919.8716,0.7984120123184878,0.9084581136703491,"[94, 692, 224, 784]","[94, 692, 224, 784]"
7733142959513,33,1100.0,87522,GST,false,311.8149,1215.5683,903.7534,0.5575308006296359,0.9149274826049805,"[97, 691, 228, 784]","[97, 691, 228, 784]"
7733142959513,34,1133.3333333333333,37522,658,false,459.2079,1211.5993,752.3914,0.5060788252945028,0.9082179665565491,"[108, 691, 235, 781]","[108, 691, 235, 781]"
7733142959513,35,1166.6666666666667,37522,658,false,345.4642,1283.4430,937.9788,0.40668141385974593,0.9013559818267822,"[110, 689, 240, 778]","[110, 689, 240, 778]"
7733142959513,36,1200.0,82522,658,false,342.5024,1286.5470,944.0446,0.220934103424711,0.8996365666389465,"[111, 688, 242, 778]","[111, 688, 242, 778]"
7733142959513,37,1233.3333333333335,832522,658,false,342.8718,1175.0565,832.1847,0.21619239131287654,0.9019246101379395,"[118, 689, 247, 777]","[118, 689, 247, 777]"
7733142959513,38,1266.6666666666667,02522,658,false,374.3862,1209.5689,835.1827,0.47437929756307434,0.9037374258041382,"[122, 688, 249, 775]","[122, 688, 249, 775]"
7733142959513,39,1300.0,87522,658,false,376.5782,1378.3050,1001.7268,0.30815974089538933,0.9057528972625732,"[123, 687, 250, 774]","[123, 687, 250, 774]"
7733142959513,40,1333.3333333333335,87522,625,false,353.2423,1268.0934,914.8511,0.32642175281266145,0.9065539836883545,"[125, 686, 252, 774]","[125, 686, 252, 774]"
7733142959513,41,1366.6666666666667,82522,2520,false,296.5277,1364.3601,1067.8324,0.4710415824061764,0.907805323600769,"[128, 687, 253, 774]","[128, 687, 253, 774]"
7733142959513,42,1400.0000000000002,82522,658,false,336.1570,1358.1435,1021.9865,0.5323211660390572,0.9112756848335266,"[128, 686, 253, 774]","[128, 686, 253, 774]"
7733142959513,43,1433.3333333333333,1F,625,false,409.9246,1175.9364,766.0118,0.25073855536525674,0.914757490158081,"[129, 686, 254, 773]","[129, 686, 254, 773]"
7733142959513,44,1466.6666666666667,82522,658,false,340.5528,1285.3428,944.7900,0.6321193886103701,0.9208797812461853,"[130, 687, 256, 773]","[130, 687, 256, 773]"
7733142959513,45,1500.0,82522,2550,false,342.3066,1353.1073,1010.8007,0.7089450028179825,0.9221130609512329,"[131, 687, 256, 773]","[131, 687, 256, 773]"
7733142959513,46,1533.3333333333335,62522,2550,false,298.2008,1325.3136,1027.1128,0.5709128613430466,0.9264015555381775,"[132, 687, 258, 773]","[132, 687, 258, 773]"
7733142959513,47,1566.6666666666667,82522,625,false,291.0767,1174.5447,883.4680,0.4844032192921718,0.9230755567550659,"[134, 688, 259, 773]","[134, 688, 259, 773]"
7733142959513,48,1600.0,82522,67528,false,427.8418,1210.7117,782.8699,0.7911513564267314,0.9208402633666992,"[134, 688, 260, 773]","[134, 688, 260, 773]"
7733142959513,49,1633.3333333333333,82522,2550,false,362.4516,1429.3219,1066.8703,0.5229022126010004,0.9011492133140564,"[136, 687, 261, 772]","[136, 687, 261, 772]"
7733142959513,50,1666.6666666666667,82522,2550,false,336.6411,1611.3459,1274.7048,0.36176819285598166,0.9004898071289062,"[139, 685, 264, 771]","[139, 685, 264, 771]"
7733142959513,51,1700.0000000000002,12522,658,false,432.0496,1505.8072,1073.7576,0.4314640878985448,0.8991739749908447,"[141, 685, 265, 770]","[141, 685, 265, 770]"
7733142959513,52,1733.3333333333335,02522,658,false,469.5096,1214.0097,744.5001,0.44719215750680585,0.8997272849082947,"[142, 685, 266, 771]","[142, 685, 266, 771]"
7733142959513,53,1766.6666666666667,82522,2525,false,376.6724,1495.6205,1118.9481,0.6237798818142624,0.8934800624847412,"[144, 684, 268, 770]","[144, 684, 268, 770]"
7733142959513,54,1800.0,82522,2550,false,384.1727,1353.9553,969.7826,0.49053085544533664,0.8934506177902222,"[145, 684, 269, 770]","[145, 684, 269, 770]"
7733142959513,55,1833.3333333333335,82522,67525,false,390.1860,1372.3532,982.1672,0.45202346283153994,0.8950998187065125,"[145, 684, 270, 771]","[145, 684, 270, 771]"
7733142959513,56,1866.6666666666667,12522,2525,false,383.1713,1406.2448,1023.0735,0.6009925277510695,0.8983937501907349,"[149, 684, 272, 770]","[149, 684, 272, 770]"
7733142959513,57,1900.0000000000002,62522,2525,false,465.3697,1755.2724,1289.9027,0.8419632996689268,0.8988146185874939,"[150, 684, 273, 769]","[150, 684, 273, 769]"
7733142959513,58,1933.3333333333333,02522,67525,false,363.5414,1499.6082,1136.0668,0.45504621050537325,0.8959298133850098,"[150, 683, 273, 769]","[150, 683, 273, 769]"
7733142959513,59,1966.6666666666667,82522,2525,false,367.4960,1496.3196,1128.8236,0.50915473483667,0.89933180809021,"[152, 685, 273, 768]","[152, 685, 273, 768]"
7733142959513,60,2000.0,82522,2525,false,354.9326,1451.9292,1096.9966,0.4111672984366833,0.8992772102355957,"[153, 685, 274, 768]","[153, 685, 274, 768]"
7733142959513,61,2033.3333333333333,82522,67525,false,319.0655,1262.4644,943.3989,0.5298676390804992,0.8984059691429138,"[154, 684, 275, 768]","[154, 684, 275, 768]"
7733142959513,62,2066.666666666667,82522,625,false,412.9233,1357.3751,944.4518,0.5416215127434295,0.8971565961837769,"[157, 684, 276, 767]","[157, 684, 276, 767]"
7733142959513,63,2100.0,02522,625,false,397.5480,1466.6498,1069.1018,0.25805468283663935,0.8914462327957153,"[159, 684, 277, 767]","[159, 684, 277, 767]"
7733142959513,64,2133.3333333333335,1F,625,false,348.9428,1689.8222,1340.8794,0.4859858381788588,0.8897537589073181,"[159, 685, 278, 767]","[159, 685, 278, 767]"
7733142959513,65,2166.666666666667,02522,625,false,350.6121,1666.2041,1315.5920,0.31596038761222717,0.8891311287879944,"[160, 685, 279, 766]","[160, 685, 279, 766]"
7733142959513,66,2200.0,82522,67525,false,376.4373,1341.1737,964.7364,0.7529002882597072,0.8924108147621155,"[160, 684, 279, 767]","[160, 684, 279, 767]"
7733142959513,67,2233.3333333333335,82522,67529,false,348.1988,1541.5232,1193.3244,0.6562784265834783,0.8924582600593567,"[162, 685, 281, 766]","[162, 685, 281, 766]"
7733142959513,68,2266.6666666666665,82522,67529,false,415.9994,1308.8220,892.8226,0.3831119343384468,0.8949973583221436,"[163, 685, 281, 765]","[163, 685, 281, 765]"
7733142959513,69,2300.0000000000005,1F,12529,false,371.8419,1251.1625,879.3206,0.6686264850202376,0.8952565789222717,"[163, 684, 281, 766]","[163, 684, 281, 766]"
7733142959513,70,2333.3333333333335,R252Z,12528,false,525.8593,1738.4828,1212.6235,0.1733613299483886,0.9012943506240845,"[164, 684, 282, 764]","[164, 684, 282, 764]"
7733142959513,71,2366.6666666666665,1FA,12528,false,342.6769,1622.4594,1279.7825,0.2513503432273865,0.9094948768615723,"[165, 683, 283, 763]","[165, 683, 283, 763]"
7733142959513,72,2400.0,0252Z,12529,false,330.9645,1337.0306,1006.0661,0.15982110097990776,0.8965387344360352,"[166, 682, 285, 763]","[166, 682, 285, 763]"
7733142959513,73,2433.3333333333335,R252Z,12528,false,346.4974,1662.3138,1315.8164,0.2592033866908034,0.894405722618103,"[167, 681, 286, 762]","[167, 681, 286, 762]"
7733142959513,74,2466.666666666667,82522,12523,false,449.4339,1626.8670,1177.4331,0.3274668111935094,0.893547534942627,"[169, 679, 288, 760]","[169, 679, 288, 760]"
7733142959513,75,2500.0,82522,12528,false,430.1475,1517.4310,1087.2835,0.6379175488948566,0.8955371975898743,"[170, 680, 289, 760]","[170, 680, 289, 760]"
7733142959513,76,2533.3333333333335,B2522,625,false,336.0749,1178.2164,842.1415,0.29051015005362624,0.9055258631706238,"[177, 678, 291, 757]","[177, 678, 291, 757]"
7733142959513,77,2566.666666666667,B522,2525,false,343.6229,1341.6746,998.0517,0.4775428771972656,0.9077854752540588,"[177, 678, 293, 757]","[177, 678, 293, 757]"
7733142959513,78,2600.0,B2522,625,false,361.8876,1226.2153,864.3277,0.5689961142678462,0.9078672528266907,"[179, 678, 293, 756]","[179, 678, 293, 756]"
7733142959513,79,2633.3333333333335,B2522,625,false,402.0435,1168.5723,766.5288,0.38373157773992844,0.8994894623756409,"[182, 677, 296, 755]","[182, 677, 296, 755]"
7733142959513,80,2666.666666666667,02522,12525,false,345.9048,1209.4198,863.5150,0.4743638699059834,0.8917310237884521,"[186, 677, 298, 754]","[186, 677, 298, 754]"
7733142959513,81,2700.0,02522,625,false,444.5180,1621.7217,1177.2037,0.4729982874290502,0.9066320657730103,"[185, 676, 299, 754]","[185, 676, 299, 754]"
7733142959513,82,2733.3333333333335,02522,67525,false,410.8892,1254.9229,844.0337,0.6049977922736299,0.9133749604225159,"[186, 676, 300, 753]","[186, 676, 300, 753]"
7733142959513,83,2766.6666666666665,B2522,625,false,547.5933,1226.3875,678.7942,0.3740276353241356,0.8960699439048767,"[190, 674, 304, 752]","[190, 674, 304, 752]"
7733142959513,84,2800.0000000000005,02522,67525,false,460.3008,1291.0544,830.7536,0.4909919828475052,0.8880795836448669,"[192, 674, 305, 751]","[192, 674, 305, 751]"
7733142959513,85,2833.3333333333335,B7522,67525,false,418.2714,1328.7905,910.5191,0.5206597333614914,0.8850329518318176,"[192, 673, 307, 750]","[192, 673, 307, 750]"
7733142959513,86,2866.6666666666665,02522,825,false,366.0947,1306.9129,940.8182,0.5241684078280089,0.9042428135871887,"[197, 671, 309, 747]","[197, 671, 309, 747]"
7733142959513,87,2900.0000000000005,82522,625,false,366.9940,1334.2695,967.2755,0.7365115738250984,0.9069113731384277,"[199, 669, 310, 747]","[199, 669, 310, 747]"
7733142959513,88,2933.3333333333335,02522,67550,false,475.0578,1219.8331,744.7753,0.47089209817835237,0.9109973907470703,"[200, 669, 312, 746]","[200, 669, 312, 746]"
7733142959513,89,2966.666666666667,02522,625,false,368.5228,1154.1607,785.6379,0.7635529591793969,0.9241166710853577,"[202, 668, 314, 745]","[202, 668, 314, 745]"
7733142959513,90,3000.0,32522,625,false,474.0116,1350.8714,876.8598,0.39491992371865126,0.9177590608596802,"[203, 668, 314, 744]","[203, 668, 314, 744]"
7733142959513,91,3033.3333333333335,82522,625,false,390.6217,1483.4959,1092.8742,0.6398409375281909,0.9121074080467224,"[204, 668, 316, 744]","[204, 668, 316, 744]"
7733142959513,92,3066.666666666667,182522,2529,false,372.9643,1494.6221,1121.6578,0.5335718872446288,0.8923781514167786,"[205, 667, 318, 742]","[205, 667, 318, 742]"
7733142959513,93,3100.0,182522,82823,false,447.8174,1681.4004,1233.5830,0.6938365439957491,0.8835383057594299,"[205, 666, 321, 741]","[205, 666, 321, 741]"
7733142959513,94,3133.3333333333335,82522,6,false,368.3411,1057.6702,689.3291,0.44970414524227165,0.8791759610176086,"[204, 665, 323, 741]","[204, 665, 323, 741]"
7733142959513,95,3166.666666666667,82522,625,false,406.0256,1534.8413,1128.8157,0.4820368024392975,0.8769772052764893,"[205, 664, 325, 739]","[205, 664, 325, 739]"
7733142959513,96,3200.0,82522,625,false,374.4759,1338.3945,963.9186,0.3480736546895468,0.8821058869361877,"[211, 663, 326, 739]","[211, 663, 326, 739]"
7733142959513,97,3233.3333333333335,82522,625,false,406.1993,1407.3323,1001.1330,0.5635666277178618,0.8710538148880005,"[212, 664, 327, 738]","[212, 664, 327, 738]"
7733142959513,98,3266.6666666666665,82522,67523,false,433.4031,1325.4406,892.0375,0.877734899520874,0.877734899520874,"[214, 663, 330, 737]","[214, 663, 330, 737]"
7733142959513,99,3300.0000000000005,82522,2522,false,502.9895,1492.3146,989.3251,0.5636481451597584,0.8890587687492371,"[220, 664, 331, 738]","[220, 664, 331, 738]"
7733142959513,100,3333.3333333333335,82522,2522,false,488.8237,1439.3295,950.5058,0.7881643736341607,0.8925781846046448,"[221, 664, 334, 737]","[221, 664, 334, 737]"
7733142959513,101,3366.6666666666665,02522,62822,false,405.8426,1429.5197,1023.6771,0.8082453268208586,0.8851452469825745,"[223, 663, 335, 735]","[223, 663, 335, 735]"
7733142959513,102,3400.0000000000005,02522,67522,false,425.5425,1241.7776,816.2351,0.5471834789378468,0.8853641152381897,"[224, 662, 336, 735]","[224, 662, 336, 735]"
7733142959513,103,3433.3333333333335,02522,67522,false,404.9721,1382.5929,977.6208,0.5168314160732922,0.8909711241722107,"[225, 662, 336, 735]","[225, 662, 336, 735]"
7733142959513,104,3466.666666666667,78FA,82822,false,389.5461,1398.0838,1008.5377,0.5481856658658083,0.8926820158958435,"[225, 662, 337, 734]","[225, 662, 337, 734]"
7733142959513,105,3500.0,82522,67522,false,391.8624,1331.2244,939.3620,0.4946654584593873,0.8937910795211792,"[225, 662, 337, 735]","[225, 662, 337, 735]"
7733142959513,106,3533.3333333333335,82522,67525,false,438.9203,1284.3313,845.4110,0.515678577252422,0.8927977681159973,"[225, 662, 337, 735]","[225, 662, 337, 735]"
7733142959513,107,3566.666666666667,82522,67522,false,646.9668,1316.3073,669.3405,0.6963317909977671,0.8904622197151184,"[225, 662, 336, 735]","[225, 662, 336, 735]"
7733142959513,108,3600.0,02522,67522,false,517.7666,1292.0332,774.2666,0.7034988528971139,0.8926236033439636,"[225, 662, 336, 735]","[225, 662, 336, 735]"
7733142959513,109,3633.3333333333335,02522,67522,false,434.2461,1625.5067,1191.2606,0.4733483028034218,0.8962812423706055,"[223, 663, 335, 736]","[223, 663, 335, 736]"
7733142959513,110,3666.666666666667,02522,67523,false,439.9663,1360.1193,920.1530,0.5822426583659283,0.8951191306114197,"[223, 663, 334, 736]","[223, 663, 334, 736]"
7733142959513,111,3700.0,02522,82823,false,573.1498,1527.8106,954.6608,0.8835456583556713,0.8981652855873108,"[223, 663, 334, 736]","[223, 663, 334, 736]"
7733142959513,112,3733.3333333333335,02522,67523,false,655.0249,1280.6568,625.6319,0.5159993403124331,0.8983680009841919,"[223, 663, 334, 737]","[223, 663, 334, 737]"
7733142959513,113,3766.666666666667,02522,67523,false,556.8840,1454.9384,898.0544,0.6729974860266771,0.9007647037506104,"[223, 664, 334, 737]","[223, 664, 334, 737]"
7733142959513,114,3800.0000000000005,78FA,82823,false,487.2792,1606.7203,1119.4411,0.7079780239382851,0.8999646306037903,"[223, 664, 334, 738]","[223, 664, 334, 738]"
7733142959513,115,3833.3333333333335,02522,82823,false,524.9952,1411.0992,886.1040,0.5489652469857855,0.9002100229263306,"[223, 664, 334, 737]","[223, 664, 334, 737]"
7733142959513,116,3866.6666666666665,82522,82823,false,413.2711,1379.2032,965.9321,0.42555488456162327,0.8981766700744629,"[223, 664, 334, 737]","[223, 664, 334, 737]"
7733142959513,117,3900.0000000000005,82522,2825,false,419.4062,1676.8356,1257.4294,0.5552814093042262,0.898318350315094,"[223, 664, 334, 737]","[223, 664, 334, 737]"
7733142959513,118,3933.3333333333335,82522,2525,false,394.7886,1433.0482,1038.2596,0.6736922450644363,0.8959307074546814,"[222, 665, 334, 738]","[222, 665, 334, 738]"
7733142959513,119,3966.666666666667,82522,2525,false,421.6770,1372.7920,951.1150,0.7063105599841429,0.8967297077178955,"[223, 665, 334, 738]","[223, 665, 334, 738]"
7733142959513,120,4000.0,82522,2529,false,378.2589,1734.3298,1356.0709,0.4294292126808673,0.8955593705177307,"[223, 665, 335, 738]","[223, 665, 335, 738]"
7733142959513,121,4033.333333333333,82522,6,false,360.3095,1257.9478,897.6383,0.5242387700634346,0.8969210982322693,"[223, 665, 335, 738]","[223, 665, 335, 738]"
7733142959513,122,4066.6666666666665,78FA,6,false,386.8803,1218.7074,831.8271,0.4921369872123505,0.8962591886520386,"[223, 665, 335, 738]","[223, 665, 335, 738]"
7733142959513,123,4100.000000000001,182522,6,false,383.7398,1138.5019,754.7621,0.4193501778568429,0.8986864686012268,"[224, 665, 335, 738]","[224, 665, 335, 738]"
7733142959513,124,4133.333333333334,02522,625,false,516.4873,1366.0505,849.5632,0.7141777553061869,0.900052011013031,"[223, 665, 335, 739]","[223, 665, 335, 739]"
7733142959513,125,4166.666666666667,82522,625,false,439.4568,1439.9203,1000.4635,0.4993694051553997,0.8992843627929688,"[224, 665, 335, 738]","[224, 665, 335, 738]"
7733142959513,126,4200.0,82522,625,false,451.1603,1291.5879,840.4276,0.49955298738679527,0.8994844555854797,"[224, 665, 335, 738]","[224, 665, 335, 738]"
7733142959513,127,4233.333333333333,82522,625,false,398.7365,1307.4944,908.7579,0.4199461910846879,0.9064256548881531,"[224, 666, 335, 739]","[224, 666, 335, 739]"
7733142959513,128,4266.666666666667,82522,82822,false,433.7324,1476.1433,1042.4109,0.5165690331343378,0.9059614539146423,"[224, 666, 336, 738]","[224, 666, 336, 738]"
7733142959513,129,4300.0,B2522,2822,false,378.5472,1436.7290,1058.1818,0.42924887635163667,0.90422123670578,"[224, 666, 336, 739]","[224, 666, 336, 739]"
7733142959513,130,4333.333333333334,02522,2522,false,381.7158,1527.0483,1145.3325,0.26154251647162124,0.9050933718681335,"[225, 666, 337, 739]","[225, 666, 337, 739]"
7733142959513,131,4366.666666666667,02522,82823,false,359.4118,1490.9885,1131.5767,0.33356799946378946,0.9023662805557251,"[224, 666, 337, 739]","[224, 666, 337, 739]"
7733142959513,132,4400.0,02522,82823,false,436.3184,1437.3014,1000.9830,0.2996203392745642,0.8996147513389587,"[224, 666, 337, 739]","[224, 666, 337, 739]"
7733142959513,133,4433.333333333334,82522,625,false,506.0522,1289.1621,783.1099,0.36684734052651724,0.8997313976287842,"[223, 667, 338, 740]","[223, 667, 338, 740]"
7733142959513,134,4466.666666666667,02522,2529,false,400.6613,1545.6678,1145.0065,0.25961023134305145,0.8971607089042664,"[223, 667, 339, 740]","[223, 667, 339, 740]"
7733142959513,135,4500.0,02522,2529,false,468.9688,1457.7231,988.7543,0.7599642161266881,0.8940508961677551,"[223, 667, 339, 740]","[223, 667, 339, 740]"
7733142959513,136,4533.333333333333,82522,2529,false,485.5584,1524.2802,1038.7218,0.28377342074456124,0.893872857093811,"[224, 667, 339, 740]","[224, 667, 339, 740]"
7733142959513,137,4566.666666666667,02522,2529,false,450.9961,1444.5934,993.5973,0.22809645089680358,0.9013965129852295,"[226, 668, 339, 740]","[226, 668, 339, 740]"
7733142959513,138,4600.000000000001,02522,2529,false,450.9674,1413.7072,962.7398,0.5251787787422291,0.9058755040168762,"[226, 668, 339, 741]","[226, 668, 339, 741]"
7733142959513,139,4633.333333333334,T8FA,2529,false,425.3491,1440.2015,1014.8524,0.26985955238342285,0.9069913625717163,"[227, 669, 339, 741]","[227, 669, 339, 741]"
7733142959513,140,4666.666666666667,82522,2529,false,517.0489,1407.1906,890.1417,0.270683587110364,0.9100648164749146,"[227, 669, 339, 741]","[227, 669, 339, 741]"
7733142959513,141,4700.0,02522,82823,false,445.4559,1392.5449,947.0890,0.3367256569843553,0.9110965132713318,"[228, 670, 339, 742]","[228, 670, 339, 742]"
7733142959513,142,4733.333333333333,02522,62823,false,469.9479,1384.1256,914.1777,0.41912951253885794,0.9066020250320435,"[228, 670, 339, 742]","[228, 670, 339, 742]"
7733142959513,143,4766.666666666667,02522,2823,false,407.2959,1367.7046,960.4087,0.5283816486772059,0.8996055722236633,"[228, 670, 339, 742]","[228, 670, 339, 742]"
7733142959513,144,4800.0,02522,62823,false,354.4402,1303.9360,949.4958,0.5674502671054028,0.8995001316070557,"[229, 671, 340, 742]","[229, 671, 340, 742]"
7733142959513,145,4833.333333333334,02522,2822,false,519.9426,1405.2615,885.3189,0.5090102998161917,0.9008577466011047,"[229, 671, 341, 742]","[229, 671, 341, 742]"
7733142959513,146,4866.666666666667,02522,2522,false,562.8346,1400.7015,837.8669,0.8894419519890602,0.9031562209129333,"[230, 671, 342, 742]","[230, 671, 342, 742]"
7733142959513,147,4900.0,02522,2822,false,422.5907,1368.7993,946.2086,0.5136773597585195,0.904937744140625,"[230, 671, 342, 742]","[230, 671, 342, 742]"
7733142959513,148,4933.333333333334,02522,2525,false,403.8006,1442.8660,1039.0654,0.5948638528691937,0.9057413935661316,"[232, 670, 344, 742]","[232, 670, 344, 742]"
7733142959513,149,4966.666666666667,02522,2822,false,454.5340,1595.3328,1140.7988,0.7444766305676773,0.9131143689155579,"[232, 671, 344, 743]","[232, 671, 344, 743]"
7733142959513,150,5000.0,82522,67522,false,482.7611,1252.0366,769.2755,0.8310575033246588,0.9096406698226929,"[234, 671, 344, 744]","[234, 671, 344, 744]"
7733142959513,151,5033.333333333333,82522,2522,false,405.7060,1668.0197,1262.3137,0.9077117443084717,0.9077117443084717,"[235, 671, 345, 744]","[235, 671, 345, 744]"
7733142959513,152,5066.666666666667,18F,2522,false,530.3236,1557.1416,1026.8180,0.7757482528686523,0.9089624285697937,"[236, 671, 346, 744]","[236, 671, 346, 744]"
7733142959513,153,5100.000000000001,02522,2522,false,668.0640,1764.8042,1096.7402,0.6924691327302598,0.9075780510902405,"[237, 672, 347, 743]","[237, 672, 347, 743]"
7733142959513,154,5133.333333333334,02522,2522,false,523.4114,1681.4411,1158.0297,0.5799626499741368,0.8912177085876465,"[239, 672, 348, 743]","[239, 672, 348, 743]"
7733142959513,155,5166.666666666667,18FA,2522,false,448.9754,1407.5859,958.6105,0.4255663835092972,0.8902646899223328,"[240, 672, 350, 743]","[240, 672, 350, 743]"
7733142959513,156,5200.0,18FA,62823,false,398.5917,1240.0998,841.5081,0.6130327934190469,0.8806685209274292,"[241, 672, 352, 742]","[241, 672, 352, 742]"
7733142959513,157,5233.333333333333,02522,2522,false,389.0649,1446.5392,1057.4743,0.6226340973711244,0.8772926330566406,"[244, 671, 355, 741]","[244, 671, 355, 741]"
7733142959513,158,5266.666666666667,02522,67522,false,375.3476,1276.5515,901.2039,0.42723970114840243,0.890583872795105,"[247, 672, 356, 741]","[247, 672, 356, 741]"
7733142959513,159,5300.0,82522,67522,false,407.7877,1640.5167,1232.7290,0.5252206966886496,0.8971108198165894,"[248, 671, 357, 741]","[248, 671, 357, 741]"
7733142959513,160,5333.333333333334,82522,622824,false,613.1318,2385.3763,1772.2445,0.6823604248415196,0.9026047587394714,"[251, 672, 360, 740]","[251, 672, 360, 740]"
7733142959513,161,5366.666666666667,82522,2825,false,472.0184,1422.6412,950.6228,0.5063588210489223,0.9070485234260559,"[257, 672, 361, 741]","[257, 672, 361, 741]"
7733142959513,162,5400.0,82522,2525,false,440.1615,1431.1660,991.0045,0.864742427329369,0.9038168787956238,"[260, 672, 361, 741]","[260, 672, 361, 741]"
7733142959513,163,5433.333333333334,82522,2525,false,472.1016,1558.4239,1086.3223,0.5993144381420114,0.9072737693786621,"[260, 672, 362, 742]","[260, 672, 362, 742]"
7733142959513,164,5466.666666666667,82522,2522,false,457.0513,1534.9666,1077.9153,0.8673539550880759,0.8955553770065308,"[261, 672, 364, 740]","[261, 672, 364, 740]"
7733142959513,165,5500.0,82522,825,false,334.9724,1534.6096,1199.6372,0.5977880718666967,0.895932137966156,"[262, 672, 364, 740]","[262, 672, 364, 740]"
7733142959513,166,5533.333333333333,82522,82822,false,319.8154,1682.4578,1362.6424,0.5976533216976178,0.8991670608520508,"[263, 672, 367, 739]","[263, 672, 367, 739]"
7733142959513,167,5566.666666666667,78FA,2522,false,357.0291,1715.5840,1358.5549,0.5194112598499754,0.8856254816055298,"[264, 672, 372, 740]","[264, 672, 372, 740]"
7733142959513,168,5600.000000000001,92522,2522,false,338.8893,1405.6844,1066.7951,0.7414059523451422,0.8817318081855774,"[265, 672, 373, 740]","[265, 672, 373, 740]"
7733142959513,169,5633.333333333334,82522,2522,false,349.0960,1392.9336,1043.8376,0.39809960452886456,0.8903376460075378,"[268, 672, 375, 739]","[268, 672, 375, 739]"
7733142959513,170,5666.666666666667,82522,2522,false,359.2455,1367.6510,1008.4055,0.48123088019314997,0.8763323426246643,"[272, 672, 377, 739]","[272, 672, 377, 739]"
7733142959513,171,5700.0,82522,2822,false,346.4706,1408.8784,1062.4078,0.3660711841714786,0.865813672542572,"[273, 671, 378, 738]","[273, 671, 378, 738]"
7733142959513,172,5733.333333333333,02522,2522,false,331.1751,1548.1128,1216.9377,0.3862410186105374,0.8694276809692383,"[278, 671, 382, 737]","[278, 671, 382, 737]"
7733142959513,173,5766.666666666667,192522,2522,false,406.8619,2192.5143,1785.6524,0.27620861562948334,0.8913095593452454,"[282, 671, 387, 737]","[282, 671, 387, 737]"
7733142959513,174,5800.000000000001,92522,2522,false,332.2187,1629.7646,1297.5459,0.5535758569909567,0.885615348815918,"[283, 670, 388, 736]","[283, 670, 388, 736]"
7733142959513,175,5833.333333333334,92522,82822,false,352.1034,1592.6802,1240.5768,0.41892758016695836,0.8947431445121765,"[286, 670, 392, 736]","[286, 670, 392, 736]"
7733142959513,176,5866.666666666667,92522,2522,false,361.0580,1759.1851,1398.1271,0.7457889576472123,0.8888941407203674,"[289, 670, 395, 736]","[289, 670, 395, 736]"
7733142959513,177,5900.0,92522,2522,false,427.5403,1541.6264,1114.0861,0.5163152509808018,0.9001559019088745,"[294, 669, 398, 735]","[294, 669, 398, 735]"
7733142959513,178,5933.333333333334,92522,2522,false,426.0492,1548.2166,1122.1674,0.8161094951850028,0.8995160460472107,"[301, 669, 402, 735]","[301, 669, 402, 735]"
7733142959513,179,5966.666666666667,92522,2522,false,360.0226,1514.9192,1154.8966,0.6358611241860431,0.8845865726470947,"[307, 667, 407, 734]","[307, 667, 407, 734]"
7733142959513,180,6000.0,82522,825,false,354.3084,1321.1117,966.8033,0.7264277924121852,0.8827201724052429,"[310, 669, 410, 734]","[310, 669, 410, 734]"
7733142959513,181,6033.333333333333,82522,825,false,347.8550,1347.9278,1000.0728,0.6920479332775504,0.889941930770874,"[314, 668, 412, 734]","[314, 668, 412, 734]"
7733142959513,182,6066.666666666667,82522,2520,false,482.4519,1357.5756,875.1237,0.7069225288171141,0.882419764995575,"[315, 669, 418, 734]","[315, 669, 418, 734]"
7733142959513,183,6100.000000000001,82522,825,false,374.0631,1258.7982,884.7351,0.8871837258338928,0.8871837258338928,"[324, 667, 422, 734]","[324, 667, 422, 734]"
7733142959513,184,6133.333333333334,92522,825,false,398.2274,1318.0702,919.8428,0.3276328091103712,0.8894343972206116,"[326, 669, 426, 733]","[326, 669, 426, 733]"
7733142959513,185,6166.666666666667,18F,825,false,396.0094,1396.6975,1000.6881,0.4797609746456146,0.8908512592315674,"[330, 668, 429, 731]","[330, 668, 429, 731]"
7733142959513,186,6200.0,82522,825,false,423.8781,1229.0013,805.1232,0.570949033371515,0.888909637928009,"[332, 668, 432, 732]","[332, 668, 432, 732]"
7733142959513,187,6233.333333333333,82522,87522,false,431.0092,1332.8726,901.8634,0.5967160158784677,0.9111895561218262,"[340, 667, 437, 730]","[340, 667, 437, 730]"
7733142959513,188,6266.666666666667,82522,825,false,391.5892,1191.8542,800.2650,0.8915045857429504,0.8915045857429504,"[343, 666, 441, 729]","[343, 666, 441, 729]"
7733142959513,189,6300.000000000001,82522,825,false,357.5481,1185.2547,827.7066,0.5523388239021922,0.8900781869888306,"[346, 666, 442, 728]","[346, 666, 442, 728]"
7733142959513,190,6333.333333333334,82522,825,false,370.9740,1147.4820,776.5080,0.5204403585817613,0.9005255699157715,"[350, 665, 447, 726]","[350, 665, 447, 726]"
7733142959513,191,6366.666666666667,82522,825,false,371.1706,1186.7033,815.5327,0.620628074738578,0.9156716465950012,"[353, 664, 450, 727]","[353, 664, 450, 727]"
7733142959513,192,6400.0,02522,825,false,357.6388,1334.5764,976.9376,0.7483113081810341,0.919818639755249,"[356, 664, 452, 728]","[356, 664, 452, 728]"
7733142959513,193,6433.333333333334,78F,82822,false,365.6158,1535.9051,1170.2893,0.5979787665219012,0.890440046787262,"[359, 663, 457, 727]","[359, 663, 457, 727]"
7733142959513,194,6466.666666666667,82522,825,false,386.8060,1317.2188,930.4128,0.5464484743467058,0.9016608595848083,"[363, 664, 459, 726]","[363, 664, 459, 726]"
7733142959513,195,6500.0,78F,825,false,372.5975,1215.1263,842.5288,0.5735899200131334,0.9012351036071777,"[363, 664, 460, 726]","[363, 664, 460, 726]"
7733142959513,196,6533.333333333333,02522,2525,false,366.4787,1472.2490,1105.7703,0.6544695085275267,0.9095731973648071,"[368, 664, 464, 727]","[368, 664, 464, 727]"
7733142959513,197,6566.666666666667,78F,2525,false,358.3159,1377.3727,1019.0568,0.886094868183136,0.9067083597183228,"[373, 664, 466, 728]","[373, 664, 466, 728]"
7733142959513,198,6600.000000000001,92522,2525,false,423.6822,1303.7481,880.0659,0.6122163356382054,0.9039554595947266,"[375, 665, 467, 728]","[375, 665, 467, 728]"
7733142959513,199,6633.333333333334,82522,2525,false,387.4216,1448.1957,1060.7741,0.5586032432340241,0.888209342956543,"[375, 665, 470, 729]","[375, 665, 470, 729]"
7733142959513,200,6666.666666666667,82522,825,false,371.1507,1276.7119,905.5612,0.5481903016723878,0.8795478940010071,"[377, 666, 473, 729]","[377, 666, 473, 729]"
7733142959513,201,6700.0,82522,2525,false,355.6020,1568.0664,1212.4644,0.6390473715791996,0.8884939551353455,"[382, 666, 474, 729]","[382, 666, 474, 729]"
7733142959513,202,6733.333333333333,82522,2525,false,467.7504,1442.8277,975.0773,0.9001235961914062,0.9001235961914062,"[382, 665, 476, 729]","[382, 665, 476, 729]"
7733142959513,203,6766.666666666667,82522,2525,false,439.2035,1440.1125,1000.9090,0.868216797874935,0.8731945753097534,"[380, 666, 478, 730]","[380, 666, 478, 730]"
7733142959513,204,6800.000000000001,78FA,2525,false,388.6799,1638.1656,1249.4857,0.6075797859078856,0.8738782405853271,"[381, 665, 479, 731]","[381, 665, 479, 731]"
7733142959513,205,6833.333333333334,82522,825,false,393.1693,1330.7507,937.5814,0.48121513192568877,0.8820717930793762,"[386, 669, 481, 731]","[386, 669, 481, 731]"
7733142959513,206,6866.666666666667,82522,2525,false,441.4627,1549.4831,1108.0204,0.7520526349583928,0.8773824572563171,"[390, 668, 483, 732]","[390, 668, 483, 732]"
7733142959513,207,6900.0,82522,2525,false,407.0861,1647.0678,1239.9817,0.6365069865932838,0.8682419061660767,"[391, 668, 485, 733]","[391, 668, 485, 733]"
7733142959513,208,6933.333333333334,82522,825,false,360.6022,1326.2658,965.6636,0.5148739344147306,0.8727961778640747,"[392, 669, 486, 734]","[392, 669, 486, 734]"
7733142959513,209,6966.666666666667,82522,82825,false,355.9273,1978.8020,1622.8747,0.4875456443946363,0.8707038164138794,"[393, 671, 489, 733]","[393, 671, 489, 733]"
7733142959513,210,7000.0,82522,8282,false,370.7379,2955.4012,2584.6633,0.4051996027391602,0.868455708026886,"[395, 672, 489, 733]","[395, 672, 489, 733]"
7733142959513,211,7033.333333333334,02522,825,false,364.9879,1639.0368,1274.0489,0.3288842207457959,0.8701874613761902,"[395, 672, 490, 733]","[395, 672, 490, 733]"
7733142959513,212,7066.666666666667,92522,825,false,439.7278,1544.1571,1104.4293,0.7163459140451409,0.8651631474494934,"[397, 671, 491, 732]","[397, 671, 491, 732]"
7733142959513,213,7100.000000000001,82522,825,false,381.3777,1471.7932,1090.4155,0.7129533443116571,0.8804233074188232,"[401, 671, 492, 732]","[401, 671, 492, 732]"
7733142959513,214,7133.333333333334,12522,825,false,372.5657,1606.8125,1234.2468,0.4170148744949932,0.8924375772476196,"[403, 672, 494, 732]","[403, 672, 494, 732]"
7733142959513,215,7166.666666666667,82522,825,false,391.9527,2080.3383,1688.3856,0.4116559118940066,0.8757340908050537,"[405, 671, 497, 730]","[405, 671, 497, 730]"
7733142959513,216,7200.0,78FA,825,false,411.6346,1598.4730,1186.8384,0.7541528447377808,0.8765699863433838,"[405, 670, 498, 730]","[405, 670, 498, 730]"
7733142959513,217,7233.333333333333,82522,825,false,821.2624,1861.8590,1040.5966,0.2980519179839396,0.8715290427207947,"[406, 670, 498, 731]","[406, 670, 498, 731]"
7733142959513,218,7266.666666666667,92522,825,false,486.8607,1830.3609,1343.5002,0.3810418267441028,0.822530210018158,"[408, 671, 499, 730]","[408, 671, 499, 730]"
7733142959513,219,7300.000000000001,9252,825,false,535.5238,1649.7082,1114.1844,0.8310762047767639,0.8310762047767639,"[410, 671, 501, 728]","[410, 671, 501, 728]"
7733142959513,220,7333.333333333334,92522,825,false,423.0583,1450.5644,1027.5061,0.8305840828077926,0.8345248699188232,"[412, 671, 503, 728]","[412, 671, 503, 728]"
7733142959513,221,7366.666666666667,92522,825,false,461.7753,1416.5230,954.7477,0.537154550594622,0.8425939679145813,"[414, 672, 504, 727]","[414, 672, 504, 727]"
7733142959513,222,7400.0,82522,825ZRL,false,572.7762,2006.7813,1434.0051,0.6392008069277407,0.8762202858924866,"[417, 671, 504, 727]","[417, 671, 504, 727]"
7733142959513,223,7433.333333333334,92522,825,false,468.0885,1754.8498,1286.7613,0.7099952032882039,0.887930154800415,"[419, 671, 505, 727]","[419, 671, 505, 727]"
7733142959513,224,7466.666666666667,82522,2520,false,378.1409,1731.2424,1353.1015,0.6251580618393252,0.8633118867874146,"[421, 670, 506, 725]","[421, 670, 506, 725]"
7733142959513,225,7500.0,92522,2525,false,467.9387,1758.5472,1290.6085,0.8524653911590576,0.8524653911590576,"[418, 669, 506, 726]","[418, 669, 506, 726]"
7733142959513,226,7533.333333333334,92522,2525,false,358.6647,1824.4197,1465.7550,0.6090273839348498,0.8586061596870422,"[415, 670, 506, 725]","[415, 670, 506, 725]"
7733142959513,227,7566.666666666667,82522,2520,false,392.2233,1515.4712,1123.2479,0.8430673744849901,0.8630657196044922,"[416, 671, 507, 725]","[416, 671, 507, 725]"
7733142959513,228,7600.000000000001,12522,825,false,434.5537,1285.9244,851.3707,0.6799501203464422,0.8667545318603516,"[419, 670, 507, 726]","[419, 670, 507, 726]"
7733142959513,229,7633.333333333334,12522,825,false,415.2618,1284.6552,869.3934,0.5695927260388128,0.8445484042167664,"[421, 670, 508, 726]","[421, 670, 508, 726]"
7733142959513,230,7666.666666666667,78FA,2525,false,620.8376,1476.6342,855.7966,0.5765841452725208,0.846070408821106,"[422, 670, 508, 724]","[422, 670, 508, 724]"
7733142959513,231,7700.0,82522,2525,false,392.7863,1428.0979,1035.3116,0.5035039211332849,0.8604785799980164,"[422, 671, 508, 725]","[422, 671, 508, 725]"
7733142959513,232,7733.333333333333,78FA,825,false,397.1952,1298.7177,901.5225,0.8731619119644165,0.8731619119644165,"[422, 671, 508, 725]","[422, 671, 508, 725]"
7733142959513,233,7766.666666666667,92522,2520,false,343.1075,1474.2294,1131.1219,0.46896830981749027,0.8753082752227783,"[421, 670, 508, 724]","[421, 670, 508, 724]"
7733142959513,234,7800.000000000001,92522,825,false,364.3726,1351.6451,987.2725,0.5697194407425468,0.8703258633613586,"[421, 670, 509, 723]","[421, 670, 509, 723]"
7733142959513,235,7833.333333333334,92522,2525,false,598.4048,1657.5429,1059.1381,0.8294478258143898,0.8735778331756592,"[420, 670, 509, 723]","[420, 670, 509, 723]"
7733142959513,236,7866.666666666667,92522,2525,false,337.0383,1550.6307,1213.5924,0.4564530357334166,0.8540789484977722,"[416, 669, 508, 722]","[416, 669, 508, 722]"
7733142959513,237,7900.0,78FA,2525,false,440.3199,1588.9415,1148.6216,0.5796727489416202,0.8599736094474792,"[419, 669, 509, 722]","[419, 669, 509, 722]"
7733142959513,238,7933.333333333334,78FA,2525,false,363.5789,1591.5717,1227.9928,0.4442708011485713,0.8582891821861267,"[419, 669, 509, 722]","[419, 669, 509, 722]"
7733142959513,239,7966.666666666667,92522,2525,false,345.1516,1583.2340,1238.0824,0.4776918036797331,0.8671450018882751,"[419, 668, 509, 721]","[419, 668, 509, 721]"
7733142959513,240,8000.0,92522,825,false,420.1072,1320.4981,900.3909,0.6554226866034886,0.8715443015098572,"[420, 668, 509, 721]","[420, 668, 509, 721]"
7733142959513,241,8033.333333333333,92522,825,false,480.4889,1456.0132,975.5243,0.37711549217860146,0.8744248151779175,"[422, 668, 510, 721]","[422, 668, 510, 721]"
7733142959513,242,8066.666666666666,92522,825,false,378.3132,1409.7201,1031.4069,0.8737597465515137,0.8737597465515137,"[426, 668, 510, 720]","[426, 668, 510, 720]"
7733142959513,243,8100.0,92522,825,false,448.1310,1303.0134,854.8824,0.4345085657430579,0.8673211336135864,"[426, 668, 510, 720]","[426, 668, 510, 720]"
7733142959513,244,8133.333333333333,92522,825,false,428.7388,1363.1508,934.4120,0.5937497834426099,0.8728471994400024,"[427, 668, 509, 720]","[427, 668, 509, 720]"
7733142959513,245,8166.666666666668,92522,825,false,400.7311,1460.3327,1059.6016,0.6118101207554962,0.8888833522796631,"[427, 667, 510, 720]","[427, 667, 510, 720]"
7733142959513,246,8200.000000000002,92522,825,false,451.2237,1319.9116,868.6879,0.6863317785009782,0.8918641209602356,"[428, 667, 510, 720]","[428, 667, 510, 720]"
7733142959513,247,8233.333333333334,92522,825,false,405.4301,1338.2701,932.8400,0.8963637948036194,0.8963637948036194,"[428, 667, 510, 720]","[428, 667, 510, 720]"
7733142959513,248,8266.666666666668,92522,825,false,396.5295,1273.4556,876.9261,0.897773802280426,0.897773802280426,"[428, 666, 510, 719]","[428, 666, 510, 719]"
7733142959513,249,8300.0,92522,825,false,452.9559,1254.9167,801.9608,0.8981025218963623,0.8981025218963623,"[428, 666, 510, 719]","[428, 666, 510, 719]"
7733142959513,250,8333.333333333334,92522,825,false,459.8437,1305.7152,845.8715,0.901601254940033,0.901601254940033,"[428, 666, 510, 719]","[428, 666, 510, 719]"
7733142959513,251,8366.666666666668,82522,825,false,432.1718,1414.3645,982.1927,0.7312403114757758,0.8960704207420349,"[427, 666, 510, 718]","[427, 666, 510, 718]"
7733142959513,252,8400.0,82522,825,false,441.9761,1381.5326,939.5565,0.7274211775345613,0.8967132568359375,"[427, 666, 510, 718]","[427, 666, 510, 718]"
7733142959513,253,8433.333333333334,92522,825,false,461.5570,1554.5302,1092.9732,0.6135453825286392,0.8951761722564697,"[427, 666, 510, 719]","[427, 666, 510, 719]"
7733142959513,254,8466.666666666666,92522,825,false,357.7145,1607.7030,1249.9885,0.8634584964062456,0.8881214261054993,"[428, 665, 510, 718]","[428, 665, 510, 718]"
7733142959513,255,8500.0,02522,825,false,440.6044,1661.0559,1220.4515,0.8582641174043685,0.889740526676178,"[429, 665, 510, 718]","[429, 665, 510, 718]"
7733142959513,256,8533.333333333334,02522,825,false,433.6438,1497.0769,1063.4331,0.6922274914395041,0.8896178603172302,"[428, 665, 511, 718]","[428, 665, 511, 718]"
7733142959513,257,8566.666666666666,92522,825,false,472.7189,1399.0852,926.3663,0.5228074110193792,0.8915942311286926,"[428, 664, 511, 718]","[428, 664, 511, 718]"
7733142959513,258,8600.0,92522,825,false,377.8004,1342.4622,964.6618,0.8363281929384319,0.8898650407791138,"[428, 664, 511, 717]","[428, 664, 511, 717]"
7733142959513,259,8633.333333333332,92522,825,false,453.2392,1373.4594,920.2202,0.75127701936025,0.890233039855957,"[428, 664, 510, 717]","[428, 664, 510, 717]"
7733142959513,260,8666.666666666668,92522,2525,false,361.6599,1513.7475,1152.0876,0.48075767482572296,0.8952234387397766,"[428, 664, 511, 717]","[428, 664, 511, 717]"
7733142959513,261,8700.000000000002,92522,825,false,437.8951,1389.3620,951.4669,0.5997011900973712,0.8949381709098816,"[429, 663, 510, 717]","[429, 663, 510, 717]"
7733142959513,262,8733.333333333334,92522,825,false,463.4437,1290.5178,827.0741,0.8860635264242549,0.8979523777961731,"[429, 663, 510, 717]","[429, 663, 510, 717]"
7733142959513,263,8766.666666666668,92522,825,false,428.5614,1417.2409,988.6795,0.8261021326657303,0.8946771025657654,"[430, 663, 510, 717]","[430, 663, 510, 717]"
7733142959513,264,8800.0,92522,825,false,462.3897,1748.5959,1286.2062,0.841940449309817,0.8956603407859802,"[430, 663, 510, 717]","[430, 663, 510, 717]"
7733142959513,265,8833.333333333334,92522,825,false,381.4357,1552.3796,1170.9439,0.30514011753513626,0.8936470150947571,"[431, 663, 511, 716]","[431, 663, 511, 716]"
7733142959513,266,8866.666666666668,92522,825,false,422.3854,1510.8358,1088.4504,0.8101175452547464,0.8902493715286255,"[431, 663, 511, 716]","[431, 663, 511, 716]"
7733142959513,267,8900.0,92522,825,false,463.7569,1483.3683,1019.6114,0.5901224069456147,0.8896311521530151,"[431, 663, 511, 715]","[431, 663, 511, 715]"
7733142959513,268,8933.333333333334,92522,825,false,389.3324,1711.9614,1322.6290,0.8979183435440063,0.8979183435440063,"[430, 662, 512, 716]","[430, 662, 512, 716]"
7733142959513,269,8966.666666666666,92522,825,false,433.5717,1453.0526,1019.4809,0.8979148864746094,0.8979148864746094,"[430, 662, 512, 716]","[430, 662, 512, 716]"
7733142959513,270,9000.0,92522,2825,false,344.0975,1722.4852,1378.3877,0.8428811419973546,0.8784964680671692,"[430, 662, 514, 716]","[430, 662, 514, 716]"
7733142959513,271,9033.333333333334,18A,2825,false,378.1432,1719.9701,1341.8269,0.5424824357032776,0.87452632188797,"[430, 661, 515, 716]","[430, 661, 515, 716]"
7733142959513,272,9066.666666666666,92522,2525,false,451.8416,1480.8965,1029.0549,0.574868082224443,0.8702183365821838,"[429, 661, 515, 716]","[429, 661, 515, 716]"
7733142959513,273,9100.0,92522,2825,false,425.0726,1467.5580,1042.4854,0.8672236800193787,0.8672236800193787,"[430, 661, 516, 716]","[430, 661, 516, 716]"
7733142959513,274,9133.333333333334,82522,2525,false,675.8250,1494.9462,819.1212,0.7060517262151668,0.8674333691596985,"[431, 660, 515, 715]","[431, 660, 515, 715]"
7733142959513,275,9166.666666666668,78F,2525,false,436.0771,1447.9572,1011.8801,0.8557227253913879,0.8691073656082153,"[431, 660, 516, 714]","[431, 660, 516, 714]"
7733142959513,276,9200.000000000002,78FA,8,false,397.4352,1087.9428,690.5076,0.5950073206653994,0.8705469965934753,"[431, 659, 515, 715]","[431, 659, 515, 715]"
7733142959513,277,9233.333333333334,82522,82829,false,356.1626,1457.8684,1101.7058,0.565982423683808,0.8873292207717896,"[431, 659, 516, 713]","[431, 659, 516, 713]"
7733142959513,278,9266.666666666668,82522,82822,false,362.0339,1457.2161,1095.1822,0.4703402232840053,0.8885572552680969,"[432, 659, 518, 713]","[432, 659, 518, 713]"
7733142959513,279,9300.0,82522,82822,false,388.0705,1599.6513,1211.5808,0.4034416749094335,0.8837270736694336,"[432, 659, 518, 713]","[432, 659, 518, 713]"
7733142959513,280,9333.333333333334,82522,82822,false,371.0317,1476.6638,1105.6321,0.5539152006661882,0.8947526812553406,"[434, 659, 519, 712]","[434, 659, 519, 712]"
7733142959513,281,9366.666666666668,92522,82822,false,344.8180,1450.3712,1105.5532,0.43989921058824216,0.8980912566184998,"[436, 659, 520, 712]","[436, 659, 520, 712]"
7733142959513,282,9400.0,78FA,62822,false,486.5624,1257.3597,770.7973,0.8040015250080239,0.898926317691803,"[436, 659, 520, 711]","[436, 659, 520, 711]"
7733142959513,283,9433.333333333334,78FA,82822,false,367.6182,1423.2092,1055.5910,0.7736671416289694,0.8971158266067505,"[437, 659, 521, 711]","[437, 659, 521, 711]"
7733142959513,284,9466.666666666666,92522,82822,false,359.4429,1470.2666,1110.8237,0.3925047732820692,0.8948614001274109,"[437, 659, 522, 711]","[437, 659, 522, 711]"
7733142959513,285,9500.0,82522,825,false,375.5113,1246.6970,871.1857,0.4548288332501762,0.8953307271003723,"[437, 659, 522, 711]","[437, 659, 522, 711]"
7733142959513,286,9533.333333333334,82522,825,false,347.7156,1254.3217,906.6061,0.3477771619137467,0.8891969323158264,"[438, 658, 523, 711]","[438, 658, 523, 711]"
7733142959513,287,9566.666666666666,82522,825,false,358.6468,1287.6789,929.0321,0.5402829043682708,0.8808486461639404,"[439, 658, 524, 709]","[439, 658, 524, 709]"
7733142959513,288,9600.0,82522,82822,false,403.5042,1612.7880,1209.2838,0.8843614459037781,0.8843614459037781,"[439, 658, 524, 709]","[439, 658, 524, 709]"
7733142959513,289,9633.333333333334,82522,825,false,441.7871,1276.8502,835.0631,0.5966862633068842,0.8904995322227478,"[442, 657, 526, 708]","[442, 657, 526, 708]"
7733142959513,290,9666.666666666668,82522,82820,false,457.1131,1436.4573,979.3442,0.7767428777969084,0.882320761680603,"[443, 658, 528, 708]","[443, 658, 528, 708]"
7733142959513,291,9700.000000000002,82522,82822,false,446.9445,1442.6771,995.7326,0.7917311017378238,0.8851787447929382,"[443, 657, 527, 707]","[443, 657, 527, 707]"
7733142959513,292,9733.333333333334,82522,825,false,520.5407,1259.1421,738.6014,0.723168923462769,0.8752107620239258,"[445, 657, 529, 707]","[445, 657, 529, 707]"
7733142959513,293,9766.666666666668,02522,825,false,503.1844,1259.4029,756.2185,0.5154108458753388,0.8877719640731812,"[449, 657, 532, 707]","[449, 657, 532, 707]"
7733142959513,294,9800.0,92522,2525,false,445.2071,1449.4238,1004.2167,0.5630441507491919,0.8815336227416992,"[451, 656, 533, 706]","[451, 656, 533, 706]"
7733142959513,295,9833.333333333334,92522,82822,false,473.5192,1611.4498,1137.9306,0.490465785154062,0.8782308101654053,"[453, 657, 534, 705]","[453, 657, 534, 705]"
7733142959513,296,9866.666666666668,82522,8825,false,351.3609,1827.5495,1476.1886,0.33513624551019944,0.8801582455635071,"[455, 657, 536, 705]","[455, 657, 536, 705]"
7733142959513,297,9900.0,92522,82820,false,497.7607,1507.2532,1009.4925,0.46183361875721296,0.8858163952827454,"[455, 656, 538, 704]","[455, 656, 538, 704]"
7733142959513,298,9933.333333333334,92522,825,false,503.8543,1360.0513,856.1970,0.6688979839237065,0.8847500681877136,"[460, 656, 539, 704]","[460, 656, 539, 704]"
7733142959513,299,9966.666666666666,82522,2525,false,558.9808,1495.1311,936.1503,0.4186457105462489,0.8936253786087036,"[462, 654, 540, 703]","[462, 654, 540, 703]"
7733142959513,300,10000.0,82522,82822,false,451.4680,1533.3073,1081.8393,0.596819433688783,0.895301103591919,"[465, 652, 545, 702]","[465, 652, 545, 702]"
7733142959513,301,10033.333333333334,82522,825,false,393.8721,1536.3100,1142.4379,0.6700122597442213,0.9083134531974792,"[468, 651, 547, 702]","[468, 651, 547, 702]"
7733142959513,302,10066.666666666666,82522,825,false,452.4983,1293.1453,840.6470,0.9070764183998108,0.9070764183998108,"[469, 651, 550, 701]","[469, 651, 550, 701]"
7733142959513,303,10100.0,82522,825,false,497.5340,1300.1921,802.6581,0.4397680066989728,0.8927451372146606,"[473, 651, 553, 700]","[473, 651, 553, 700]"
7733142959513,304,10133.333333333334,02522,825,false,437.4702,1311.3427,873.8725,0.6276254132082154,0.8835920095443726,"[476, 651, 555, 699]","[476, 651, 555, 699]"
7733142959513,305,10166.666666666668,78FA,825,false,410.0202,1300.3184,890.2982,0.5556652348615433,0.8572725057601929,"[480, 650, 558, 698]","[480, 650, 558, 698]"
7733142959513,306,10200.000000000002,78FA,825,false,411.8493,1322.1127,910.2634,0.7767602366762782,0.8582580089569092,"[483, 649, 560, 698]","[483, 649, 560, 698]"
7733142959513,307,10233.333333333334,82522,825,false,398.1664,1339.7320,941.5656,0.6762811188373754,0.8721702098846436,"[486, 649, 566, 696]","[486, 649, 566, 696]"
7733142959513,308,10266.666666666668,18FA,825,false,499.6589,1332.9435,833.2846,0.7210149329001353,0.861031174659729,"[490, 648, 569, 695]","[490, 648, 569, 695]"
7733142959513,309,10300.0,82522,825,false,451.8849,1295.0574,843.1725,0.41818397292174797,0.8757648468017578,"[492, 647, 570, 694]","[492, 647, 570, 694]"
7733142959513,310,10333.333333333334,92522,6,false,463.1486,1105.7059,642.5573,0.6714311291654301,0.8713343143463135,"[498, 646, 574, 693]","[498, 646, 574, 693]"
7733142959513,311,10366.666666666668,82522,825,false,439.4677,1474.1821,1034.7144,0.479056266973705,0.8698209524154663,"[500, 644, 578, 692]","[500, 644, 578, 692]"
7733142959513,312,10400.0,92522,GSTZ,false,438.1894,1778.1381,1339.9487,0.6082370954325829,0.8549624681472778,"[502, 643, 581, 691]","[502, 643, 581, 691]"
7733142959513,313,10433.333333333334,02522,6,false,716.7024,1417.3311,700.6287,0.5284438442105129,0.8802367448806763,"[506, 640, 586, 689]","[506, 640, 586, 689]"
7733142959513,314,10466.666666666666,82522,825,false,438.7064,1423.1341,984.4277,0.7407871934803408,0.8746839165687561,"[507, 642, 587, 688]","[507, 642, 587, 688]"
7733142959513,315,10500.0,82522,825,false,341.8019,1383.5946,1041.7927,0.7791967988871683,0.8686443567276001,"[508, 642, 588, 688]","[508, 642, 588, 688]"
7733142959513,316,10533.333333333334,182522,825,false,452.7431,1467.0670,1014.3239,0.4280201694940943,0.8513178825378418,"[519, 641, 593, 685]","[519, 641, 593, 685]"
7733142959513,317,10566.666666666666,82522,825,false,381.2572,1555.6969,1174.4397,0.28295252259808545,0.8662283420562744,"[521, 639, 596, 684]","[521, 639, 596, 684]"
7733142959513,318,10600.0,192522,825,false,678.7356,1508.5832,829.8476,0.36237823206899916,0.8683596849441528,"[522, 639, 597, 683]","[522, 639, 597, 683]"
7733142959513,319,10633.333333333334,82522,825,false,459.4207,1387.8378,928.4171,0.44013786852819115,0.8629786372184753,"[528, 638, 600, 682]","[528, 638, 600, 682]"
7733142959513,320,10666.666666666668,82522,825,false,430.8296,1317.2212,886.3916,0.30946500251304293,0.8707289695739746,"[532, 636, 604, 680]","[532, 636, 604, 680]"
7733142959513,321,10700.000000000002,82522,2525,false,447.0701,1577.6689,1130.5988,0.6303861422206504,0.8491184115409851,"[533, 635, 606, 679]","[533, 635, 606, 679]"
7733142959513,322,10733.333333333334,02522,2525,false,588.8519,1523.0291,934.1772,0.8250905689406007,0.8349811434745789,"[534, 635, 608, 679]","[534, 635, 608, 679]"
7733142959513,323,10766.666666666668,182522,6,false,532.9818,1122.3192,589.3374,0.7322292471259563,0.8481414914131165,"[541, 633, 613, 676]","[541, 633, 613, 676]"
7733142959513,324,10800.0,82522,2522,false,510.1989,1756.8108,1246.6119,0.6095768059943406,0.8463013768196106,"[543, 633, 614, 675]","[543, 633, 614, 675]"
7733142959513,325,10833.333333333334,02522,825,false,486.7787,1409.5401,922.7614,0.4849228909346319,0.8558094501495361,"[547, 632, 617, 674]","[547, 632, 617, 674]"
7733142959513,326,10866.666666666668,82522,2525,false,391.7487,1580.3587,1188.6100,0.563869644239595,0.8723542094230652,"[550, 630, 620, 673]","[550, 630, 620, 673]"
7733142959513,327,10900.0,57,H,false,317.8807,1340.7467,1022.8660,0.6002955550080226,0.8807671666145325,"[1, 807, 67, 920]","[1, 807, 67, 920]"
7733142959513,328,10933.333333333334,91,ITEM,false,279.5396,1185.0440,905.5044,0.6448313713979268,0.8996644616127014,"[1, 800, 84, 914]","[1, 800, 84, 914]"
7733142959513,329,10966.666666666666,0231,029,false,271.1057,1465.3492,1194.2435,0.6003090143203735,0.9268116354942322,"[1, 795, 109, 906]","[1, 795, 109, 906]"
7733142959513,330,11000.0,73,ITEM,false,336.9859,1404.5097,1067.5238,0.29415355906027607,0.9299537539482117,"[0, 791, 116, 902]","[0, 791, 116, 902]"
7733142959513,331,11033.333333333334,23,ITEM,false,425.8017,1581.3287,1155.5270,0.5986054749064523,0.9221428632736206,"[4, 783, 131, 894]","[4, 783, 131, 894]"
7733142959513,332,11066.666666666666,357,ITEM,false,360.9028,1609.9841,1249.0813,0.22375544905662537,0.9019855260848999,"[28, 777, 152, 881]","[28, 777, 152, 881]"
7733142959513,333,11100.0,0291,HH,false,366.8730,949.0323,582.1593,0.47413259744644165,0.9123252630233765,"[32, 775, 160, 879]","[32, 775, 160, 879]"
7733142959513,334,11133.333333333334,257,ITEM,false,436.6975,1171.3477,734.6502,0.3025023125132282,0.9181867241859436,"[48, 766, 175, 872]","[48, 766, 175, 872]"
7733142959513,335,11166.666666666668,2757,GST,false,429.8256,1114.4159,684.5903,0.1989939957857132,0.9199116230010986,"[62, 764, 185, 868]","[62, 764, 185, 868]"
7733142959513,336,11200.000000000002,337,BEST,false,382.6578,1212.8093,830.1515,0.23467758297920227,0.9275583028793335,"[76, 765, 196, 863]","[76, 765, 196, 863]"
7733142959513,337,11233.333333333334,283,BEST,false,431.3847,1137.6256,706.2409,0.07802843302488327,0.9177612662315369,"[91, 762, 210, 859]","[91, 762, 210, 859]"
7733142959513,338,11266.666666666668,284,BEST,false,327.0034,1191.2284,864.2250,0.36042460799217224,0.926590085029602,"[102, 758, 222, 853]","[102, 758, 222, 853]"
7733142959513,339,11300.0,01291,829,false,412.9193,1362.3211,949.4018,0.5617103455345567,0.9079149961471558,"[114, 754, 232, 849]","[114, 754, 232, 849]"
7733142959513,340,11333.333333333334,234,629,false,581.1367,1337.4697,756.3330,0.16599658131599426,0.9039087891578674,"[128, 749, 244, 842]","[128, 749, 244, 842]"
7733142959513,341,11366.666666666668,27BR,620,false,349.9917,1313.1705,963.1788,0.25228361334298577,0.9230234622955322,"[139, 748, 253, 838]","[139, 748, 253, 838]"
7733142959513,342,11400.0,0UZ91,8291,false,397.5215,1171.7956,774.2741,0.45255608556322335,0.9023431539535522,"[151, 742, 264, 832]","[151, 742, 264, 832]"
7733142959513,343,11433.333333333334,29B3,00291,false,367.5730,1228.7631,861.1901,0.6368664653434265,0.8989428877830505,"[160, 738, 274, 825]","[160, 738, 274, 825]"
7733142959513,344,11466.666666666666,29B3,00291,false,328.5878,1185.1204,856.5326,0.23850082973213044,0.8999431729316711,"[173, 732, 283, 819]","[173, 732, 283, 819]"
7733142959513,345,11500.0,06291,00291,false,456.6671,1314.8079,858.1408,0.24261370798144002,0.8927460312843323,"[182, 732, 287, 817]","[182, 732, 287, 817]"
7733142959513,346,11533.333333333334,29B8,00291,false,338.4971,1252.2853,913.7882,0.25758893348684225,0.9145553708076477,"[196, 726, 302, 809]","[196, 726, 302, 809]"
7733142959513,347,11566.666666666666,00291,00291,true,393.2576,1369.4352,976.1776,0.7371907148997029,0.9039874076843262,"[202, 724, 310, 806]","[202, 724, 310, 806]"
7733142959513,348,11600.000000000002,00291,00291,true,379.9322,1176.7649,796.8327,0.4324590485829077,0.8994637131690979,"[208, 724, 314, 804]","[208, 724, 314, 804]"
7733142959513,349,11633.333333333334,00291,00291,true,362.0832,1115.7150,753.6318,0.8174008868645285,0.9040018320083618,"[226, 721, 327, 799]","[226, 721, 327, 799]"
7733142959513,350,11666.666666666668,00291,00291,true,476.5484,1298.2223,821.6739,0.26586798871372275,0.885948121547699,"[233, 720, 334, 794]","[233, 720, 334, 794]"
7733142959513,351,11700.000000000002,101291,00291,false,509.4538,1464.6729,955.2191,0.3663517644094313,0.8949598073959351,"[234, 720, 338, 793]","[234, 720, 338, 793]"
7733142959513,352,11733.333333333334,2914,00291,false,446.5864,1319.6020,873.0156,0.17810689730465715,0.8934575915336609,"[251, 715, 348, 788]","[251, 715, 348, 788]"
7733142959513,353,11766.666666666668,2914,00291,false,427.4212,1458.9150,1031.4938,0.19716094263445105,0.8875592947006226,"[259, 710, 355, 786]","[259, 710, 355, 786]"
7733142959513,354,11800.0,10291,00291,false,428.8495,1451.5135,1022.6640,0.6471216837305039,0.8927474021911621,"[261, 710, 359, 785]","[261, 710, 359, 785]"
7733142959513,355,11833.333333333334,NAZ91,00291,false,360.1747,1522.4063,1162.2316,0.3490451817999671,0.9191660284996033,"[275, 706, 368, 779]","[275, 706, 368, 779]"
7733142959513,356,11866.666666666668,29B1,00291,false,368.7554,1373.2780,1004.5226,0.4435147043425603,0.9112034440040588,"[281, 705, 376, 777]","[281, 705, 376, 777]"
7733142959513,357,11900.0,0AZ91,00291,false,345.1343,1450.6732,1105.5389,0.46485637023310983,0.90380859375,"[285, 705, 378, 777]","[285, 705, 378, 777]"
7733142959513,358,11933.333333333334,29BI,00291,false,341.4939,1371.4549,1029.9610,0.30607636132973776,0.9142452478408813,"[290, 704, 384, 774]","[290, 704, 384, 774]"
7733142959513,359,11966.666666666666,29,00291,false,364.2271,1359.8955,995.6684,0.9086044430732727,0.9086044430732727,"[299, 703, 393, 772]","[299, 703, 393, 772]"
7733142959513,360,12000.0,29BH,00291,false,344.2634,1410.4669,1066.2035,0.4633149278688004,0.9053556323051453,"[300, 701, 395, 771]","[300, 701, 395, 771]"
7733142959513,361,12033.333333333334,I00291,00291,false,362.6954,1727.0072,1364.3118,0.2789108426169203,0.9203935861587524,"[309, 700, 400, 769]","[309, 700, 400, 769]"
7733142959513,362,12066.666666666666,29B04,00291,false,376.8725,1411.4483,1034.5758,0.22461251933629658,0.8940230011940002,"[317, 698, 408, 767]","[317, 698, 408, 767]"
7733142959513,363,12100.000000000002,29BH,00291,false,344.7617,1449.6049,1104.8432,0.8494881958526018,0.8961860537528992,"[319, 697, 411, 766]","[319, 697, 411, 766]"
7733142959513,364,12133.333333333334,29B04,00291,false,425.3225,1437.2248,1011.9023,0.3916661484531078,0.9250760078430176,"[326, 696, 415, 764]","[326, 696, 415, 764]"
7733142959513,365,12166.666666666668,29B4,00291,false,429.0883,1479.9594,1050.8711,0.29814884229587507,0.9042693972587585,"[335, 695, 423, 762]","[335, 695, 423, 762]"
7733142959513,366,12200.000000000002,29BH,00291,false,341.5552,1431.2598,1089.7046,0.5869730191342657,0.9062567353248596,"[335, 693, 425, 761]","[335, 693, 425, 761]"
7733142959513,367,12233.333333333334,29BH,00291,false,384.1675,1437.1448,1052.9773,0.9261590838432312,0.9261590838432312,"[340, 692, 429, 758]","[340, 692, 429, 758]"
7733142959513,368,12266.666666666668,29BH,00291,false,394.0503,1613.8891,1219.8388,0.9089887142181396,0.9089887142181396,"[349, 690, 437, 755]","[349, 690, 437, 755]"
7733142959513,369,12300.0,29BH,00291,false,425.8346,1366.5225,940.6879,0.4492025601547958,0.9078074097633362,"[351, 690, 439, 755]","[351, 690, 439, 755]"
7733142959513,370,12333.333333333334,00291,00291,true,392.3862,1445.6903,1053.3041,0.6398546576487238,0.9173074960708618,"[356, 689, 443, 753]","[356, 689, 443, 753]"
7733142959513,371,12366.666666666668,00291,00291,true,363.8865,1623.0536,1259.1671,0.27159451452053696,0.909823477268219,"[364, 686, 451, 751]","[364, 686, 451, 751]"
7733142959513,372,12400.0,29B8,00291,false,454.9758,1385.0762,930.1004,0.3541911224417444,0.9080870151519775,"[367, 686, 452, 750]","[367, 686, 452, 750]"
7733142959513,373,12433.333333333334,29BR,00291,false,411.9940,1420.2829,1008.2889,0.4284674636304629,0.9165850877761841,"[370, 684, 456, 747]","[370, 684, 456, 747]"
7733142959513,374,12466.666666666666,29B8,00291,false,390.2472,1298.5488,908.3016,0.34667085499486905,0.9357966184616089,"[377, 680, 462, 744]","[377, 680, 462, 744]"
7733142959513,375,12500.0,29B8,00291,false,420.9960,1313.6408,892.6448,0.46419703606696827,0.9290834665298462,"[381, 680, 464, 743]","[381, 680, 464, 743]"
7733142959513,376,12533.333333333334,29B,00291,false,349.3320,1347.4334,998.1014,0.7857583165168762,0.9240744113922119,"[384, 679, 469, 741]","[384, 679, 469, 741]"
7733142959513,377,12566.666666666666,29BH,00291,false,399.9888,1631.8938,1231.9050,0.711538443824568,0.9311718940734863,"[387, 679, 473, 739]","[387, 679, 473, 739]"
7733142959513,378,12600.000000000002,29B3,00291,false,386.8728,1402.3757,1015.5029,0.2832294742523124,0.9362724423408508,"[394, 679, 478, 738]","[394, 679, 478, 738]"
7733142959513,379,12633.333333333334,29BH,00291,false,437.9460,1438.0513,1000.1053,0.6243081007779583,0.9118449687957764,"[400, 678, 484, 737]","[400, 678, 484, 737]"
7733142959513,380,12666.666666666668,29BH,00291,false,389.0848,1501.8995,1112.8147,0.5074845703018671,0.9199194312095642,"[404, 676, 488, 736]","[404, 676, 488, 736]"
7733142959513,381,12700.000000000002,29B4,00291,false,572.0762,1305.2039,733.1277,0.3256678876854609,0.9169843792915344,"[405, 676, 491, 735]","[405, 676, 491, 735]"
7733142959513,382,12733.333333333334,29B4,00291,false,412.8947,1346.2530,933.3583,0.5624553074032062,0.9052978157997131,"[414, 674, 498, 733]","[414, 674, 498, 733]"
7733142959513,383,12766.666666666668,00Z91,00291,false,415.9948,1364.8785,948.8837,0.4404517773842043,0.8777994513511658,"[422, 672, 504, 730]","[422, 672, 504, 730]"
7733142959513,384,12800.0,29BH,00291,false,441.6625,1356.2681,914.6056,0.6295961947245163,0.8858861327171326,"[422, 670, 506, 729]","[422, 670, 506, 729]"
7733142959513,385,12833.333333333334,29BH,00291,false,409.4605,1473.5500,1064.0895,0.8530143826080677,0.893288254737854,"[431, 668, 513, 725]","[431, 668, 513, 725]"
7733142959513,386,12866.666666666668,29BH,60291,false,414.2759,1546.8660,1132.5901,0.9066846966743469,0.9066846966743469,"[433, 666, 518, 723]","[433, 666, 518, 723]"
7733142959513,387,12900.0,29BH,00291,false,399.8912,1320.9109,921.0197,0.6219661196159397,0.9096679091453552,"[438, 665, 520, 722]","[438, 665, 520, 722]"
7733142959513,388,12933.333333333334,29BH,00291,false,383.5588,1298.9273,915.3685,0.8650280376094462,0.9010916352272034,"[447, 663, 528, 719]","[447, 663, 528, 719]"
7733142959513,389,12966.666666666666,29BH,00291,false,664.6346,1318.2207,653.5861,0.9098125100135803,0.9098125100135803,"[452, 662, 533, 717]","[452, 662, 533, 717]"
7733142959513,390,13000.0,29BH,00291,false,512.2433,1279.3130,767.0697,0.5307782374350071,0.8811430931091309,"[456, 661, 535, 715]","[456, 661, 535, 715]"
7733142959513,391,13033.333333333334,29B8,00291,false,425.4406,1271.1982,845.7576,0.7269931408437231,0.8992242813110352,"[465, 658, 542, 713]","[465, 658, 542, 713]"
7733142959513,392,13066.666666666666,29B8,00291,false,481.2738,1336.3788,855.1050,0.7050334330016458,0.8914819359779358,"[471, 658, 549, 709]","[471, 658, 549, 709]"
7733142959513,393,13100.000000000002,29B8,00291,false,550.3566,1394.9328,844.5762,0.6572444003458959,0.8851006031036377,"[475, 656, 551, 707]","[475, 656, 551, 707]"
7733142959513,394,13133.333333333334,29B3,00291,false,513.7676,1504.5025,990.7349,0.407792996273212,0.9006316065788269,"[484, 651, 559, 704]","[484, 651, 559, 704]"
7733142959513,395,13166.666666666668,29BH,00291,false,381.0882,1345.9170,964.8288,0.41151465736540666,0.9013773798942566,"[489, 650, 565, 701]","[489, 650, 565, 701]"
7733142959513,396,13200.000000000002,0P291,00291,false,381.9659,1359.2030,977.2371,0.5711505108491922,0.8885841965675354,"[492, 647, 568, 700]","[492, 647, 568, 700]"
7733142959513,397,13233.333333333334,29BH,00299,false,632.6331,1368.0458,735.4127,0.7428834160120036,0.8853330612182617,"[499, 643, 575, 696]","[499, 643, 575, 696]"
7733142959513,398,13266.666666666668,29BH,00299,false,450.7917,1337.8846,887.0929,0.8669302463531494,0.8669302463531494,"[505, 643, 581, 692]","[505, 643, 581, 692]"
7733142959513,399,13300.0,29BH,00299,false,460.3420,1352.2516,891.9096,0.6116988528118361,0.8757578134536743,"[509, 643, 583, 691]","[509, 643, 583, 691]"
7733142959513,400,13333.333333333334,29BH,002919,false,358.9609,1347.3069,988.3460,0.4126044365376608,0.8844748735427856,"[516, 641, 588, 689]","[516, 641, 588, 689]"
7733142959513,401,13366.666666666668,29BH,00291,false,461.1781,1313.8213,852.6432,0.8979339003562927,0.8979339003562927,"[524, 637, 596, 685]","[524, 637, 596, 685]"
7733142959513,402,13400.0,29BH,00291,false,391.0549,1252.7382,861.6833,0.6943314575681301,0.8679435849189758,"[527, 636, 599, 685]","[527, 636, 599, 685]"
7733142959513,403,13433.333333333334,29BH,00291,false,392.9221,1205.1475,812.2254,0.8716848492622375,0.8716848492622375,"[533, 635, 604, 682]","[533, 635, 604, 682]"
7733142959513,404,13466.666666666666,29BH,00291,false,380.7272,1231.8365,851.1093,0.6577897798614633,0.8609967827796936,"[542, 632, 613, 677]","[542, 632, 613, 677]"
7733142959513,405,13500.0,29BH,002919,false,395.8502,1731.5199,1335.6697,0.558805105731813,0.8613283634185791,"[545, 631, 615, 675]","[545, 631, 615, 675]"
7733142959513,406,13533.333333333334,29BH,002911,false,397.4214,1627.0528,1229.6314,0.5799942600349177,0.8589799404144287,"[550, 628, 621, 673]","[550, 628, 621, 673]"
7733142959513,407,13566.666666666666,0029N1,00291,false,376.3560,1200.1867,823.8307,0.15365215231781393,0.876693844795227,"[560, 627, 628, 669]","[560, 627, 628, 669]"
7733142959513,408,13600.000000000002,29BH,40291,false,377.7111,1221.3836,843.6725,0.48127456387063183,0.8685065507888794,"[561, 625, 631, 668]","[561, 625, 631, 668]"
7733142959513,409,13633.333333333334,00291,40291,false,352.7704,1271.6887,918.9183,0.7318809070615807,0.8454258441925049,"[566, 622, 636, 666]","[566, 622, 636, 666]"
7733142959513,410,13666.666666666668,29BH,40291,false,366.9448,1233.8975,866.9527,0.3091647396669166,0.8296122550964355,"[574, 623, 643, 663]","[574, 623, 643, 663]"
7733142959513,411,13700.000000000002,29BH,40294,false,337.3458,1255.5714,918.2256,0.6045090614246778,0.8202511072158813,"[576, 622, 646, 662]","[576, 622, 646, 662]"
7733142959513,412,13733.333333333334,29BH,40294,false,396.9756,1390.8330,993.8574,0.5725852990277726,0.8754389882087708,"[582, 620, 649, 660]","[582, 620, 649, 660]"
7733142959513,413,13766.666666666668,29BH,00291,false,392.4976,1292.6346,900.1370,0.29610859459556205,0.8588123917579651,"[588, 620, 655, 659]","[588, 620, 655, 659]"
7733142959513,414,13800.0,29BH,00294,false,344.2750,1229.0105,884.7355,0.6519424218720521,0.834644615650177,"[590, 619, 657, 658]","[590, 619, 657, 658]"
7733142959513,415,13833.333333333334,29BH,00294,false,367.8619,1235.9141,868.0522,0.6596633076320219,0.8425816297531128,"[597, 618, 663, 657]","[597, 618, 663, 657]"
7733142959513,416,13866.666666666668,29BH,00294,false,322.4459,1241.0137,918.5678,0.825090765953064,0.825090765953064,"[597, 617, 665, 656]","[597, 617, 665, 656]"
7733142959513,417,13900.0,29BH,00291,false,436.3253,1273.8982,837.5729,0.5964273819190496,0.7731062769889832,"[603, 615, 669, 656]","[603, 615, 669, 656]"
7733142959513,418,13933.333333333334,29BH,00294,false,320.0790,1231.6272,911.5482,0.65924267603572,0.758975625038147,"[610, 616, 672, 655]","[610, 616, 672, 655]"
7733142959513,419,13966.666666666666,29BH,00291,false,314.2689,1236.6779,922.4090,0.522155094753861,0.7119944095611572,"[611, 614, 675, 653]","[611, 614, 675, 653]"
7733142959513,420,14000.0,00291,00291,true,373.7862,1452.9795,1079.1933,0.6099260543012824,0.7757253646850586,"[612, 614, 677, 652]","[612, 614, 677, 652]"
7733142959513,421,14033.333333333334,00291,70291,false,503.9951,1352.9368,848.9417,0.7919122576713562,0.7919122576713562,"[618, 613, 680, 652]","[618, 613, 680, 652]"
7733142959513,422,14066.666666666668,0029,60293,false,393.0647,1225.6612,832.5965,0.7705445289611816,0.7705445289611816,"[618, 612, 681, 651]","[618, 612, 681, 651]"
7733142959513,423,14100.000000000002,00291,10291,false,353.3506,1384.0555,1030.7049,0.7664008140563965,0.7664008140563965,"[621, 611, 683, 650]","[621, 611, 683, 650]"
7733142959513,424,14133.333333333334,00Z9,40293,false,414.5109,1213.9348,799.4239,0.3030835210482083,0.7582210302352905,"[625, 610, 687, 650]","[625, 610, 687, 650]"
7733142959513,425,14166.666666666668,00Z9,1029,false,401.3722,1403.9884,1002.6162,0.7901114225387573,0.7901114225387573,"[623, 608, 688, 649]","[623, 608, 688, 649]"
7733142959513,426,14200.000000000002,0029U,10291,false,411.1031,1195.2593,784.1562,0.22949569799076916,0.7985362410545349,"[625, 610, 688, 649]","[625, 610, 688, 649]"
7733142959513,427,14233.333333333334,029U,T0ZST,false,435.1562,1369.4441,934.2879,0.3324180360918171,0.8262364864349365,"[627, 607, 693, 648]","[627, 607, 693, 648]"
7733142959513,428,14266.666666666668,029U,00291,false,346.6127,1257.4110,910.7983,0.20752026060257803,0.8159530758857727,"[629, 609, 695, 648]","[629, 609, 695, 648]"
7733142959513,429,14300.0,0029U,100291,false,372.2919,1225.6343,853.3424,0.3798751048073958,0.8067370057106018,"[627, 609, 696, 647]","[627, 609, 696, 647]"
7733142959513,430,14333.333333333334,0029U,00291,false,438.4258,1335.0999,896.6741,0.24443616449874397,0.7624256610870361,"[633, 609, 699, 647]","[633, 609, 699, 647]"
7733142959513,431,14366.666666666668,00Z9,00291,false,399.0349,1352.3698,953.3349,0.7231431603431702,0.7231431603431702,"[632, 609, 700, 646]","[632, 609, 700, 646]"
7733142959513,432,14400.0,0029,00291,false,461.2178,1244.0854,782.8676,0.5660992371529598,0.7140123248100281,"[633, 609, 701, 645]","[633, 609, 701, 645]"
7733142959513,433,14433.333333333334,00Z9,00291,false,521.7790,1207.4478,685.6688,0.34592046080355005,0.7001963257789612,"[635, 609, 703, 644]","[635, 609, 703, 644]"
7733142959513,434,14466.666666666666,00291,00291,true,426.1995,1198.7936,772.5941,0.28231332923726693,0.506010115146637,"[637, 609, 704, 645]","[637, 609, 704, 645]"
7733142959513,435,14500.0,002911,00291,false,423.1224,1191.2472,768.1248,0.2545134096424251,0.4668883979320526,"[636, 609, 704, 645]","[636, 609, 704, 645]"
7733142959513,436,14533.333333333334,,,true,65.3737,69.1133,3.7396,0.0,0.0,,
7733142959513,437,14566.666666666668,00291,00291,true,385.4424,1261.8575,876.4151,0.32547316726984105,0.3405677080154419,"[637, 607, 710, 645]","[637, 607, 710, 645]"
7733142959513,438,14600.000000000002,00291,560291,false,316.2975,1670.7161,1354.4186,0.26602653081171795,0.2980741858482361,"[640, 607, 710, 644]","[640, 607, 710, 644]"
7733142959513,439,14633.333333333334,,,true,61.8284,74.2107,12.3823,0.0,0.0,,
7733142959513,440,14666.666666666668,,,true,62.5860,68.9725,6.3865,0.0,0.0,,
7733142959513,441,14700.000000000002,,,true,61.7582,70.0293,8.2711,0.0,0.0,,
7733142959513,442,14733.333333333334,,,true,61.6277,70.8835,9.2558,0.0,0.0,,
7733142959513,443,14766.666666666668,,,true,55.6295,69.7220,14.0925,0.0,0.0,,
7733142959513,444,14800.0,,,true,53.9089,68.1297,14.2208,0.0,0.0,,
7733142959513,445,14833.333333333334,,,true,59.7375,69.1396,9.4021,0.0,0.0,,
7733142959513,446,14866.666666666668,,,true,59.0014,69.4225,10.4211,0.0,0.0,,
7733142959513,447,14900.0,,,true,63.1694,67.0537,3.8843,0.0,0.0,,
7733142959513,448,14933.333333333334,,,true,64.1837,67.6697,3.4860,0.0,0.0,,
7733142959513,449,14966.666666666666,,,true,60.4944,71.6903,11.1959,0.0,0.0,,
7733142959513,450,15000.0,,,true,58.0782,64.9811,6.9029,0.0,0.0,,
7733142959513,451,15033.333333333334,,,true,61.3297,68.9743,7.6446,0.0,0.0,,
7733142959513,452,15066.666666666668,,,true,57.0023,71.7892,14.7869,0.0,0.0,,
7733142959513,453,15100.000000000002,,,true,55.4306,69.1304,13.6998,0.0,0.0,,
7733142959513,454,15133.333333333334,,,true,57.7639,70.7642,13.0003,0.0,0.0,,
7733142959513,455,15166.666666666668,,,true,77.5133,72.0993,-5.4140,0.0,0.0,,
7733142959513,456,15200.000000000002,,,true,129.2832,69.5936,-59.6896,0.0,0.0,,
7733142959513,457,15233.333333333334,,,true,62.7679,68.5504,5.7825,0.0,0.0,,
7733142959513,458,15266.666666666668,,,true,65.9723,69.6251,3.6528,0.0,0.0,,
7733142959513,459,15300.0,,,true,68.4271,71.2473,2.8202,0.0,0.0,,
7733142959513,460,15333.333333333334,,,true,60.7614,67.3995,6.6381,0.0,0.0,,
7733142959513,461,15366.666666666668,,,true,59.1839,63.4990,4.3151,0.0,0.0,,
7733142959513,462,15400.0,,,true,60.2018,69.9441,9.7423,0.0,0.0,,
7733142959513,463,15433.333333333334,,,true,56.4846,69.7483,13.2637,0.0,0.0,,
7733142959513,464,15466.666666666666,,,true,59.2696,68.0761,8.8065,0.0,0.0,,
7733142959513,465,15500.0,,,true,55.3600,70.9270,15.5670,0.0,0.0,,
7733142959513,466,15533.333333333334,,,true,55.1122,70.8687,15.7565,0.0,0.0,,
7733142959513,467,15566.666666666668,,,true,57.5828,69.6851,12.1023,0.0,0.0,,
7733142959513,468,15600.000000000002,,,true,56.7726,69.9406,13.1680,0.0,0.0,,
7733142959513,469,15633.333333333334,,,true,56.9385,71.8512,14.9127,0.0,0.0,,
7733142959513,470,15666.666666666668,,,true,98.0509,68.7088,-29.3421,0.0,0.0,,
7733142959513,471,15700.000000000002,,,true,75.8125,67.0696,-8.7429,0.0,0.0,,
7733142959513,472,15733.333333333334,,,true,67.3035,70.7602,3.4567,0.0,0.0,,
7733142959513,473,15766.666666666668,,,true,61.4183,70.4949,9.0766,0.0,0.0,,
7733142959513,474,15800.0,,,true,136.5214,66.0885,-70.4329,0.0,0.0,,
7733142959513,475,15833.333333333334,,,true,73.4472,111.3740,37.9268,0.0,0.0,,
7733142959513,476,15866.666666666668,,,true,70.0199,66.6639,-3.3560,0.0,0.0,,
7733142959513,477,15900.0,,,true,78.8368,68.9327,-9.9041,0.0,0.0,,
7733142959513,478,15933.333333333334,,,true,68.7722,68.9648,0.1926,0.0,0.0,,
7733142959513,479,15966.666666666666,,,true,58.1764,70.6571,12.4807,0.0,0.0,,
7733142959513,480,16000.0,,,true,58.2152,70.6415,12.4263,0.0,0.0,,
7733142959513,481,16033.333333333336,,,true,70.1553,67.7442,-2.4111,0.0,0.0,,
7733142959513,482,16066.666666666666,,,true,68.1030,72.2913,4.1883,0.0,0.0,,
7733142959513,483,16100.000000000002,,,true,229.0170,1055.3988,826.3818,0.0,0.28512904047966003,"[0, 807, 49, 951]","[0, 807, 49, 951]"
7733142959513,484,16133.333333333332,,IT,false,210.8269,1044.5339,833.7070,0.0,0.8162720203399658,"[2, 801, 58, 942]","[2, 801, 58, 942]"
7733142959513,485,16166.666666666668,,6,false,247.0276,1110.7409,863.7133,0.0,0.903366208076477,"[2, 796, 75, 937]","[2, 796, 75, 937]"
7733142959513,486,16200.0,,,true,261.1134,1191.0854,929.9720,0.0,0.9059332013130188,"[1, 792, 79, 935]","[1, 792, 79, 935]"
7733142959513,487,16233.333333333334,,ITEM,false,276.0278,1525.2758,1249.2480,0.0,0.922633945941925,"[2, 788, 87, 929]","[2, 788, 87, 929]"
7733142959513,488,16266.666666666666,322,ITEM,false,299.7376,1318.2018,1018.4642,0.12467803806066513,0.9385830163955688,"[2, 781, 98, 922]","[2, 781, 98, 922]"
7733142959513,489,16300.0,22,ITEM,false,321.7928,1268.0390,946.2462,0.3218292211966899,0.94354248046875,"[1, 780, 102, 919]","[1, 780, 102, 919]"
7733142959513,490,16333.333333333336,275,ITEM,false,262.7341,1233.9950,971.2609,0.1518035829916761,0.9312207698822021,"[1, 779, 111, 916]","[1, 779, 111, 916]"
7733142959513,491,16366.666666666668,73729,ITEM,false,443.7205,1253.0868,809.3663,0.3201735498581188,0.9366863369941711,"[1, 777, 119, 912]","[1, 777, 119, 912]"
7733142959513,492,16400.000000000004,717,RM,false,393.2223,1096.5486,703.3263,0.18454795114938904,0.923976719379425,"[2, 774, 126, 908]","[2, 774, 126, 908]"
7733142959513,493,16433.333333333332,747,TAX,false,468.0059,1214.3753,746.3694,0.1703859401330122,0.9307745099067688,"[0, 771, 132, 904]","[0, 771, 132, 904]"
7733142959513,494,16466.666666666668,241,GST,false,466.5637,1507.3595,1040.7958,0.15211530029773712,0.928410530090332,"[0, 770, 139, 900]","[0, 770, 139, 900]"
7733142959513,495,16500.0,2941,6749,false,538.0937,1286.3564,748.2627,0.08018579334020615,0.9258643388748169,"[0, 765, 145, 897]","[0, 765, 145, 897]"
7733142959513,496,16533.333333333336,2717,67229,false,555.5890,1122.2649,566.6759,0.1273917505031945,0.9217090010643005,"[1, 762, 151, 894]","[1, 762, 151, 894]"
7733142959513,497,16566.666666666668,134I9,6249,false,341.1859,1382.2412,1041.0553,0.24832600767628252,0.9265019297599792,"[4, 760, 159, 890]","[4, 760, 159, 890]"
7733142959513,498,16600.0,281,6249,false,419.2455,1359.2641,940.0186,0.10521954143515481,0.9276923537254333,"[11, 759, 165, 886]","[11, 759, 165, 886]"
7733142959513,499,16633.333333333332,13419,249,false,402.8674,1585.5206,1182.6532,0.446738816939147,0.9240124225616455,"[20, 758, 172, 883]","[20, 758, 172, 883]"
7733142959513,500,16666.666666666668,29111,2949,false,510.2995,1542.3163,1032.0168,0.4831975388653171,0.9253893494606018,"[28, 757, 178, 880]","[28, 757, 178, 880]"
7733142959513,501,16700.0,7771,2449,false,416.0233,1447.9640,1031.9407,0.1615205705165863,0.9205061197280884,"[33, 755, 182, 877]","[33, 755, 182, 877]"
7733142959513,502,16733.333333333336,2911,37919,false,389.6823,1262.0743,872.3920,0.40725353360176086,0.9282127022743225,"[45, 753, 194, 872]","[45, 753, 194, 872]"
7733142959513,503,16766.666666666664,137417,37910,false,346.9308,1249.3109,902.3801,0.30055421947901456,0.9248487949371338,"[54, 749, 203, 868]","[54, 749, 203, 868]"
7733142959513,504,16800.0,4977,GSTNO,false,485.8568,1517.4262,1031.5694,0.3786441683769226,0.9263439774513245,"[60, 747, 207, 866]","[60, 747, 207, 866]"
7733142959513,505,16833.333333333336,7931,82110,false,412.9747,1995.4839,1582.5092,0.20246544480323792,0.9184725284576416,"[72, 742, 218, 860]","[72, 742, 218, 860]"
7733142959513,506,16866.666666666668,2911,62910,false,452.1540,1417.5464,965.3924,0.16561465914249288,0.9306161999702454,"[81, 738, 225, 856]","[81, 738, 225, 856]"
7733142959513,507,16900.000000000004,2971,62910,false,413.1256,1582.7514,1169.6258,0.5588383674621582,0.9278392791748047,"[85, 738, 229, 855]","[85, 738, 229, 855]"
7733142959513,508,16933.333333333332,2911,12910,false,415.4911,1375.0670,959.5759,0.24388425647986317,0.923745334148407,"[100, 735, 242, 848]","[100, 735, 242, 848]"
7733142959513,509,16966.666666666668,2931,32910,false,439.5053,1595.1961,1155.6908,0.18573824140532252,0.9247180223464966,"[109, 731, 250, 843]","[109, 731, 250, 843]"
7733142959513,510,17000.0,49,12919,false,352.8798,1602.6357,1249.7559,0.44746652245521545,0.9199056029319763,"[110, 730, 254, 841]","[110, 730, 254, 841]"
7733142959513,511,17033.333333333336,2911,32910,false,431.7342,1358.9700,927.2358,0.23462883311209878,0.9203288555145264,"[125, 727, 264, 837]","[125, 727, 264, 837]"
7733142959513,512,17066.666666666668,291711,32919,false,481.2527,1369.3837,888.1310,0.12352133413733872,0.917858898639679,"[133, 724, 270, 833]","[133, 724, 270, 833]"
7733142959513,513,17100.0,2911,32919,false,435.4450,1382.1156,946.6706,0.11921178599302887,0.9175043106079102,"[137, 724, 273, 831]","[137, 724, 273, 831]"
7733142959513,514,17133.333333333332,2911,13919,false,511.9298,1501.7791,989.8493,0.3081974759072582,0.9264060854911804,"[147, 722, 284, 827]","[147, 722, 284, 827]"
7733142959513,515,17166.666666666668,29,13919,false,370.8857,1720.4371,1349.5514,0.7352822943050683,0.9253188967704773,"[156, 721, 289, 823]","[156, 721, 289, 823]"
7733142959513,516,17200.0,2961,32919,false,378.6355,1673.1883,1294.5528,0.30938897999029535,0.9258193969726562,"[159, 719, 292, 821]","[159, 719, 292, 821]"
7733142959513,517,17233.333333333336,29,32919,false,395.5497,1371.6057,976.0560,0.9232125878334045,0.9232125878334045,"[163, 718, 297, 819]","[163, 718, 297, 819]"
7733142959513,518,17266.666666666664,132419,32919,false,362.5579,1493.5013,1130.9434,0.42354630196274573,0.9265985488891602,"[173, 716, 305, 815]","[173, 716, 305, 815]"
7733142959513,519,17300.0,29K7,32919,false,364.8002,2741.3182,2376.5180,0.553037078760889,0.9174039959907532,"[177, 714, 308, 813]","[177, 714, 308, 813]"
7733142959513,520,17333.333333333336,132449,32919,false,413.5342,2156.6635,1743.1293,0.329193991847129,0.9289242029190063,"[187, 712, 313, 813]","[187, 712, 313, 813]"
7733142959513,521,17366.666666666668,29K1,32919,false,351.7584,1916.4690,1564.7106,0.32798047187578294,0.913349449634552,"[197, 710, 321, 809]","[197, 710, 321, 809]"
7733142959513,522,17400.000000000004,2911,32919,false,431.5493,1601.6727,1170.1234,0.6689422207329169,0.916332483291626,"[198, 710, 324, 807]","[198, 710, 324, 807]"
7733142959513,523,17433.333333333332,132449,32919,false,344.3145,1386.5399,1042.2254,0.565973684948491,0.917544960975647,"[204, 708, 329, 805]","[204, 708, 329, 805]"
7733142959513,524,17466.666666666668,13244,32919,false,400.5701,1605.5345,1204.9644,0.6607198898959952,0.927697479724884,"[211, 707, 338, 802]","[211, 707, 338, 802]"
7733142959513,525,17500.0,132449,32919,false,414.1536,1668.3138,1254.1602,0.5625343211893744,0.9270738959312439,"[214, 707, 340, 801]","[214, 707, 340, 801]"
7733142959513,526,17533.333333333336,2941,32919,false,408.0889,2478.9560,2070.8671,0.5383029394613239,0.917980432510376,"[224, 704, 346, 798]","[224, 704, 346, 798]"
7733142959513,527,17566.666666666668,2961,32919,false,556.8285,2668.5262,2111.6977,0.28603922607245036,0.9114711284637451,"[231, 700, 353, 793]","[231, 700, 353, 793]"
7733142959513,528,17600.0,12443,32919,false,364.9509,1735.4878,1370.5369,0.27526045585750286,0.9154682755470276,"[233, 699, 354, 792]","[233, 699, 354, 792]"
7733142959513,529,17633.333333333332,12443,32919,false,357.9652,2297.2883,1939.3231,0.5604889377301373,0.9138808250427246,"[237, 698, 358, 790]","[237, 698, 358, 790]"
7733142959513,530,17666.666666666668,29K1,32919,false,351.9234,1984.0889,1632.1655,0.2543013095855713,0.9102908968925476,"[242, 694, 364, 786]","[242, 694, 364, 786]"
7733142959513,531,17700.0,132449,32919,false,450.8383,1469.4963,1018.6580,0.3748825656715801,0.9130951762199402,"[243, 694, 366, 785]","[243, 694, 366, 785]"
7733142959513,532,17733.333333333336,2961,32919,false,379.0883,1483.4678,1104.3795,0.5070361495018005,0.9077966809272766,"[251, 693, 370, 784]","[251, 693, 370, 784]"
7733142959513,533,17766.666666666668,12443,32919,false,370.3809,1397.3671,1026.9862,0.3961865237636564,0.905558168888092,"[256, 691, 375, 782]","[256, 691, 375, 782]"
7733142959513,534,17800.0,132449,32919,false,363.7904,1637.9260,1274.1356,0.8529909681823853,0.9060956239700317,"[259, 691, 378, 780]","[259, 691, 378, 780]"
