image_id,text_gt,confidence
plate_0001,51C70096,0.2876842444485587
plate_0002,57G10096,0.37569820960045447
plate_0003,51465474,0.4943197444879197
plate_0004,61G51936,0.41463996325637276
plate_0005,61G51936,0.5345041961337889
plate_0006,51464826,0.5238733080502
plate_0007,BIF86988,0.5617999592438611
plate_0008,EIF86988,0.2971082079968729
plate_0009,52Y6490,0.23848063764477617
plate_0010,61G49520,0.4288209779273139
plate_0011,EING617,0.03574726365704808
plate_0012,61F79512,0.6483105766162954
plate_0013,BIF79512,0.21243703341507394
plate_0014,2951779,0.5338913268472584
plate_0015,29451790,0.3946759917307543
plate_0016,61F68784,0.39825653261480753
plate_0017,B0NFZG6,0.1296031117295365
plate_0018,8A02866,0.14535020598867174
plate_0019,61622802,0.8610880516764309
plate_0020,61649539,0.30808414810043555
plate_0021,51619539,0.3263024236854756
plate_0022,3418650,0.4078467413132829
plate_0023,3418650,0.7480635390976004
plate_0024,61F73420,0.42142130982472553
plate_0025,51F73420,0.5555171766670411
plate_0026,708546,0.19888407038644662
plate_0027,4706526,0.537317159869619
plate_0028,89357,0.6999266158110482
plate_0029,26514648,0.7014610319029772
plate_0030,5IF86988,0.2587364465349337
plate_0031,BIF86988,0.8180152704315022
plate_0032,52Y6490,0.7204380879108084
plate_0033,52Y6490,0.9769044349279811
plate_0034,0209,0.614068142750569
plate_0035,11649524,0.17729055732299104
plate_0036,570422,0.12037726383554884
plate_0037,51496141,0.3357180273940374
plate_0038,51F795112,0.23301981054904508
plate_0039,5IF68784,0.1611064591645812
plate_0040,51F68784,0.355681678459008
plate_0041,148402866,0.5010829137000864
plate_0042,48402868,0.32012019503997957
plate_0043,4953951G,0.47544899333879714
plate_0044,5621670,0.5415060311615584
plate_0045,89357,0.9229159636541444
plate_0046,67405227,0.2942704536710006
plate_0047,6105227,0.27183151666626315
plate_0048,61621670,0.38592546036013886
plate_0049,5G21670,0.6481431872549023
plate_0050,67601204,0.15610858872828465
plate_0051,51F06978,0.40687665755997615
plate_0052,51639466,0.4112990359594213
plate_0053,BIF07973,0.34271904386252405
plate_0054,61F0797,0.5809541105041207
plate_0055,51G49160,0.6816459852900609
plate_0056,51F61712,0.6151099343838814
plate_0057,8A05177,0.287014161942167
plate_0058,EIF76354,0.35911848063355145
plate_0059,EFF88270,0.29153880570067014
plate_0060,51F88270,0.47606199313242054
plate_0061,5654698,0.7653777059038257
plate_0062,51F63084,0.40883822672167774
plate_0063,BIF63034,0.4238984353758428
plate_0064,62Y61790,0.2011064746904678
plate_0065,52Y6490,0.7532328732978217
plate_0066,61F1615G,0.4135399683424978
plate_0067,61422959,0.3678313798411249
plate_0068,61637675,0.531920360361786
plate_0069,61A89714,0.6156188853930518
plate_0070,6189717,0.23522712819804892
plate_0071,60A35981,0.5559225122359035
plate_0072,GAPMO,0.035955785009300543
plate_0073,BIN96NN,0.02445927355122667
plate_0074,BIF21403,0.22229209227277913
plate_0075,5F2L7O,0.02176826472282655
plate_0076,6G37307,0.6791747359252417
plate_0077,51631697,0.20008918168493964
plate_0078,51631691,0.35095053047572167
plate_0079,51631691,0.5373498728469682
plate_0080,51651332,0.3779509498491395
plate_0081,51651332,0.46489051577638074
plate_0082,EF15585,0.28634151410716097
plate_0083,6IF15585,0.28438875585411594
plate_0084,61F22261,0.6209368373597934
plate_0085,61F22201,0.2646657822614362
plate_0086,60A3598,0.48904650950134276
plate_0087,60435981,0.5919029196406513
plate_0088,60A35987,0.2065570962711465
plate_0089,61F5G017,0.04627756969467335
plate_0090,51F04275,0.12308371918192794
plate_0091,61F32488,0.4252961585889854
plate_0092,5F32488,0.8096261332718793
plate_0093,RANE2Y26644313,0.28891284099974124
plate_0094,EF15585,0.3462967878903058
plate_0095,BIF59881,0.23363232722567848
plate_0096,5IF59881,0.33799931307105
plate_0097,60L000411,0.17811826506240824
plate_0098,50L004411,0.2518014629481835
plate_0099,50L005411,0.30679336722429146
plate_0100,50L004411,0.6933688355995813
plate_0101,E1F82606,0.40174601114234443
plate_0102,61F06532,0.24264437491849586
plate_0103,5472078,0.13121834408240576
plate_0104,61477529,0.6264683663485596
plate_0105,51405227,0.25601820673620546
plate_0106,51405227,0.5498353336913459
plate_0107,61621670,0.34525593464025356
plate_0108,67F59887,0.21448153650370028
plate_0109,B1F59887,0.3477197838767129
plate_0110,51401204,0.25725104162545026
plate_0111,61A01204,0.2775318851593674
plate_0112,51639466,0.8143783815866981
plate_0113,BIF07973,0.45236909701364925
plate_0114,61F61712,0.4884988634030433
plate_0115,51F61712,0.7007840893742591
plate_0116,48A05177,0.5996791874483939
plate_0117,51F76354,0.35968308811238
plate_0118,EIF88270,0.6345626241581062
plate_0119,51F37118,0.6381971997146132
plate_0120,56S4698,0.7163271116006703
plate_0121,56S4698,0.8990578690986147
plate_0122,51F63034,0.5340141469112283
plate_0123,51F63034,0.5944509903266353
plate_0124,61A69172,0.217790550466136
plate_0125,151469172,0.3657806239347519
plate_0126,52Y6490,0.7053254006920323
plate_0127,5ZY6490,0.8028289268661113
plate_0128,51F16159,0.3188651291570891
plate_0129,61422959,0.4219525297090995
plate_0130,61637675,0.5890168858559184
plate_0131,51637675,0.8258548784811766
plate_0132,51A89712,0.3055769208168234
plate_0133,61472M10,0.29102157253287336
plate_0134,51637691,0.21679499453383638
plate_0135,51631691,0.8318670653916729
plate_0136,61G51832,0.30576097112714284
plate_0137,51651332,0.6591183313889676
plate_0138,6IF15585,0.25217937009110014
plate_0139,6IF15585,0.32368121616949563
plate_0140,61F322260,0.2488480542557077
plate_0141,51F22261,0.6138538520877032
plate_0142,60A35981,0.4993284142926054
plate_0143,51F5901,0.40560090189824755
plate_0144,BIF5901,0.42631759393767593
plate_0145,61F82488,0.22683933314819235
plate_0146,51G49539,0.5838528495046815
plate_0147,61701204,0.23604528646817396
plate_0148,61720754,0.15350554917794385
plate_0149,51F20754,0.27743362855736625
plate_0150,51401204,0.17418436818036676
plate_0151,6IF31118,0.18324504740417977
plate_0152,51F31118,0.5199180040383267
plate_0153,BIF06522,0.13873149548364688
plate_0154,04411BOLD,0.5377347160831154
plate_0155,50L004411,0.24671657335405656
plate_0156,G0LD04411,0.19681330904436695
plate_0157,50L004417,0.5890077785258062
plate_0158,5IF06532,0.3520008038510382
plate_0159,GOLD04411,0.08770564305540478
plate_0160,51472078,0.2498917661178842
plate_0161,51472078,0.3961032296383071
plate_0162,151485325,0.1770176726500923
plate_0163,61477529,0.5159791923613537
plate_0164,51477529,0.6049218612241406
plate_0165,61G29034,0.7385908384457078
plate_0166,51629034,0.42874060086343113
plate_0167,68C737520,0.7421414303981042
plate_0168,6105227,0.3520760811199011
plate_0169,51625181,0.2737652851682292
plate_0170,51621670,0.5527013806462754
plate_0171,61621670,0.43505841612206175
plate_0172,6IF59881,0.154857248499302
plate_0173,51401204,0.28184643993899194
plate_0174,51401204,0.6131905691969708
plate_0175,51639466,0.7360497944410096
plate_0176,BIF07973,0.7686305314680977
plate_0177,51F07973,0.41644394734692963
plate_0178,51F61712,0.790983921370396
plate_0179,51642971,0.5647926471709368
plate_0180,61637307,0.8765997264485587
plate_0181,51697307,0.48536392560474884
plate_0182,6IF52170,0.5195587265359538
plate_0183,GIF63084,0.7126968963648451
plate_0184,BIF63034,0.5282529104028654
plate_0185,60A208180,0.41370960054273925
plate_0186,60420880,0.5924111393022127
plate_0187,51489714,0.3462767225099677
plate_0188,61A89710,0.10842586211105655
plate_0189,61G522237,0.5388815821061189
plate_0190,61C22237,0.3175892945056932
plate_0191,6772110,0.2699630188916331
plate_0192,5777210,0.217407183728345
plate_0193,BF44617,0.11659060545556238
plate_0194,617L67Z,0.024141115775135297
plate_0195,51637675,0.4381900405689677
plate_0196,61F21403,0.06633771070635873
plate_0197,51643630,0.5462768446039471
plate_0198,60251680,0.18283359728688894
plate_0199,51651332,0.42087131772131575
plate_0200,51F22267,0.1393386133242879
plate_0201,G0A35981,0.12139577862627045
plate_0202,F64665,0.2526853695765535
plate_0203,67F59017,0.3493420304744475
plate_0204,61F07560,0.4201634405873371
plate_0205,7490905,0.17982966667382222
plate_0206,61600672,0.41138641593489467
plate_0207,51G00672,0.7896221607691662
plate_0208,BIF06928,0.5861386025705402
plate_0209,61F57493,0.4605335662419355
plate_0210,57F06948,0.46275869094774064
plate_0211,51631691,0.6626901173583944
plate_0212,51G10096,0.5430863359866446
plate_0213,51402923,0.854430426685979
plate_0214,51416598,0.12724803509269939
plate_0215,48405177,0.40927158017378473
plate_0216,51679539,0.3366536885891719
plate_0217,61601177,0.5075572122823304
plate_0218,51601177,0.5074992450021188
plate_0219,B7F3118,0.06964792285803031
plate_0220,51637307,0.8794476512784837
plate_0221,51637307,0.18576656917904136
plate_0222,50L004411,0.4121323898579459
plate_0223,61647340,0.28086194990305907
plate_0224,51F06582,0.5305966482236586
plate_0225,6172078,0.34936626736844123
plate_0226,6472078,0.785204835132319
plate_0227,51477529,0.652846925022869
plate_0228,62405772,0.9435485953966961
plate_0229,57F06532,0.16069966980201575
plate_0230,6DLD0050,0.153245135298213
plate_0231,604211118,0.11855303675840133
plate_0232,60421418,0.7091113380664544
plate_0233,61F22029,0.3278970710260749
plate_0234,BIF22029,0.1879268372730573
plate_0235,51405227,0.33178366394064057
plate_0236,57405227,0.08754624055405032
plate_0237,IF59881,0.4969587080575894
plate_0238,51639466,0.48034236424334575
plate_0239,51639468,0.663640057657498
plate_0240,51F61712,0.25760365631280613
plate_0241,B1F61712,0.1469845062740676
plate_0242,61642971,0.3452460441628777
plate_0243,61637307,0.8701147715219013
plate_0244,51637307,0.9048982347397341
plate_0245,51469172,0.5603221356253044
plate_0246,52Y6490,0.8122112603650615
plate_0247,5IF76159,0.20454021362218833
plate_0248,BIF16159,0.23740316409092488
plate_0249,066095IF,0.7877205797698459
plate_0250,5IF06609,0.734846210747265
plate_0251,51A8971,0.46654713060657627
plate_0252,51489714,0.7494071418745843
plate_0253,51G22237,0.4876718230383804
plate_0254,60403868,0.5964966538614364
plate_0255,60A03868,0.5676613352799186
plate_0256,51631697,0.46601709773638234
plate_0257,51631691,0.4510422457689507
plate_0258,51G43630,0.6931526207553667
plate_0259,5021630,0.8436993874497346
plate_0260,50Z1630,0.5210902880657964
plate_0261,51651832,0.5386421796053094
plate_0262,51F22261,0.40438873624258004
plate_0263,60435981,0.3966789571440341
plate_0264,5IF5901,0.48595369927868415
plate_0265,5IF590,0.24831865342958415
plate_0266,52P5688,0.8161247630259312
plate_0267,5688,0.9999738335609436
plate_0268,51600672,0.6990645690851611
plate_0269,51G00672,0.6091366887609263
plate_0270,61477529,0.3975116140658903
plate_0271,67477529,0.14433041795395726
plate_0272,51631691,0.5637098513123429
plate_0273,51G31691,0.3424647311307747
plate_0274,51F76776,0.09560083086400337
plate_0275,51F07973,0.44570516815656774
plate_0276,51685325,0.26996399908371355
plate_0277,57485325,0.5564057062912886
plate_0278,TARA51F82606,0.3224305398337289
plate_0279,51651292,0.4471833406461162
plate_0280,51651292,0.5274588399393308
plate_0281,62405772,0.8989642003834735
plate_0282,051G517008,0.2096211113767744
plate_0283,61F22029,0.44938635393978893
plate_0284,51F61712,0.5307860500219092
plate_0285,6A06844,0.38405196564760363
plate_0286,86A06840,0.5315192974660905
plate_0287,931000103,0.14601500847940055
plate_0288,61F88270,0.34483538289114996
plate_0289,5IF88270,0.2045976031213461
plate_0290,61F88270,0.35489875139423627
plate_0291,5IF88270,0.23369144893447147
plate_0292,61F88270,0.5474879334114798
plate_0293,51F04275,0.6193384545290663
plate_0294,51F78396,0.3369812766727642
plate_0295,61F78396,0.34433986392429533
plate_0296,51621797,0.9636391308004572
plate_0297,624055116,0.2889489603982006
plate_0298,6240551,0.2656633296952966
plate_0299,87G21670,0.4644299367906173
plate_0300,E51F59881,0.16215673297955382
plate_0301,DIF59881,0.10205463015503624
plate_0302,51F2117,0.436115140944559
plate_0303,56N7186,0.42100985720716716
plate_0304,61472444,0.3081847242607283
plate_0305,5IF31118,0.4720895397536323
plate_0306,81516254,0.8498821608684461
plate_0307,51401204,0.28494806971480435
plate_0308,617401204,0.252589950073064
plate_0309,50L004411,0.458744281847897
plate_0310,51485325,0.6578933041044094
plate_0311,5185325,0.30193679855863276
plate_0312,51F64619,0.18681672297167023
plate_0313,5IF64619,0.6073667147002227
plate_0314,047281,0.5127229011840737
plate_0315,61621748,0.5630401798165735
plate_0316,61621748,0.3870247030392679
plate_0317,51G10096,0.4953563580587012
plate_0318,51610096,0.4403117312448401
plate_0319,81637307,0.6234723908936843
plate_0320,2637307,0.46436901824625704
plate_0321,51639466,0.5819630004349495
plate_0322,51F06532,0.36343302681511525
plate_0323,51F06532,0.3800339992483069
plate_0324,51F61712,0.7795347975542964
plate_0325,61477529,0.7059257996026704
plate_0326,51477529,0.5257775211410457
plate_0327,93LD00103,0.7107967407737008
plate_0328,93LD00103,0.3129372230123338
plate_0329,61F88270,0.5435768481432294
plate_0330,51F88270,0.2531106667479263
plate_0331,61F88270,0.43070163342112366
plate_0332,BIF88270,0.6305751227985907
plate_0333,51F22029,0.3490185117982264
plate_0334,61601470,0.28545224505267336
plate_0335,61C59823,0.24347042357318388
plate_0336,61405227,0.3250247061722394
plate_0337,61RG6E5,0.014614024793122824
plate_0338,51621670,0.52970812338307
plate_0339,5IF59881,0.23806074173264255
plate_0340,BIF63034,0.46403803652567793
plate_0341,B701204,0.03743953396008481
plate_0342,67F069485,0.18305887989076433
plate_0343,61639466,0.3851878411435637
plate_0344,5IF07973,0.43797442113460744
plate_0345,57F88270,0.16527159163017754
plate_0346,61F16159,0.4214329258725902
plate_0347,59614229,0.6353092896628516
plate_0348,61637307,0.23797858411322834
plate_0349,6472170,0.3059535123574463
plate_0350,6ING6NN,0.03461754051320316
plate_0351,6F44617,0.28151614498407274
plate_0352,6FLZ6T,0.03682021326956006
plate_0353,BIF20403,0.10017651462371494
plate_0354,5169172,0.45154174402421965
plate_0355,51469172,0.4899675808948414
plate_0356,51F16159,0.23975085661022622
plate_0357,61439537,0.3346063174854999
plate_0358,51651332,0.42694301088911524
plate_0359,51F22261,0.4710175723663945
plate_0360,BIF58250,0.3954061371419472
plate_0361,6F64665,0.19190183998683466
plate_0362,B1G4728,0.4192297780025208
plate_0363,5IF59011,0.19819725930771828
plate_0364,67A30007,0.4915639369113745
plate_0365,61422959,0.2248289786635805
plate_0366,61627471,0.5711074973409137
plate_0367,66N0666,0.440412679969706
plate_0368,61647281,0.41637440220865646
plate_0369,51489717,0.3049052431673741
plate_0370,1A89714,0.24984846467098226
plate_0371,BIF49142,0.4170121188063233
plate_0372,IIF49142,0.6180431656184336
plate_0373,61821668,0.2689669740280433
plate_0374,51B21666,0.8046009810877385
plate_0375,61F20754,0.13149835364977716
plate_0376,61642867,0.6630254062045225
plate_0377,51496141,0.3684644355002552
plate_0378,G1F31118,0.11861951445579738
plate_0379,51496141,0.4665372511070219
plate_0380,51496141,0.15711415074132454
plate_0381,50496141,0.26410966797808266
plate_0382,686OA038D,0.5734010298451941
plate_0383,50L004411,0.5657416732577398
plate_0384,51785325,0.20741069566269146
plate_0385,5185825,0.16639639849240173
plate_0386,51F4L61,0.18402288992125745
plate_0387,51F63084,0.44841663835003287
plate_0388,BIF63034,0.5680592417248235
plate_0389,51F21103,0.1817972091544704
plate_0390,51F2003,0.36546184328712017
plate_0391,647207,0.1146544057314995
plate_0392,6A7207,0.4901203773736573
plate_0393,51651332,0.5592956284222524
plate_0394,67F69545,0.37739010955708757
plate_0395,51F75585,0.2613417256083223
plate_0396,5IF15585,0.5127388349496232
plate_0397,61G01440,0.36628981056888127
plate_0398,51601440,0.6376507090915812
plate_0399,51C59323,0.4721623488501549
plate_0400,51C59323,0.6766992005318158
plate_0401,51F22261,0.3600114403796738
plate_0402,BIF59881,0.22401205423207846
plate_0403,61F22261,0.4578773434147103
plate_0404,51N01204,0.1253684138313301
plate_0405,61401204,0.27903599579372335
plate_0406,5IF06948,0.5655364294944287
plate_0407,NV3993,0.22569109425142725
plate_0408,51G39468,0.6289824884678228
plate_0409,BIF07973,0.36131461283622796
plate_0410,51F07973,0.4345364618076689
plate_0411,B1F07973,0.34437092821744286
plate_0412,51F6172,0.5034058198579546
plate_0413,51F61712,0.3546955249471355
plate_0414,61F88270,0.8527826634165265
plate_0415,51F55822,0.41612929760536316
plate_0416,BIFI63032,0.3676161575165998
plate_0417,51469172,0.45835895942522714
plate_0418,5169172,0.4316709781068888
plate_0419,6122959,0.26515902156030985
plate_0420,67422959,0.4930152594333479
plate_0421,51610209,0.5455985913204313
plate_0422,51G10209,0.7734315758656232
plate_0423,60435981,0.40335239347709895
plate_0424,51760276,0.30138213752305787
plate_0425,5772110,0.08985737801799794
plate_0426,29451796,0.6836680191457414
plate_0427,29451796,0.397286526576391
plate_0428,6F4614,0.12431279309840196
plate_0429,61F7461,0.15362504285469541
plate_0430,57F44614,0.30020896510257616
plate_0431,EIF77617,0.03410835806151944
plate_0432,29451796,0.5349386675450237
plate_0433,29A51796,0.33684687493808185
plate_0434,577A60216,0.3226260479224333
plate_0435,51460216,0.261725365263136
plate_0436,51F20403,0.23660668094550033
plate_0437,51F21403,0.4506902885837105
plate_0438,6739534,0.20824142643066712
plate_0439,61739534,0.36506893139023466
plate_0440,51332516,0.5265090677111516
plate_0441,51651332,0.8778562518211787
plate_0442,57F15585,0.3100979176004366
plate_0443,5IF15585,0.5627363539493568
plate_0444,51F22207,0.5762962881258455
plate_0445,60435981,0.4146300442396426
plate_0446,51F259011,0.27166148804496953
plate_0447,58250,0.5719887368505192
plate_0448,BIF5901,0.5147994528587068
plate_0449,61430001,0.6149267937585482
plate_0450,51F02687,0.5318484271309035
plate_0451,51651936,0.819456958822173
plate_0452,8651936,0.2637721958826134
plate_0453,51469172,0.4737312582811571
plate_0454,514691721,0.21180613063347725
plate_0455,61F1615G,0.2590266526766373
plate_0456,GIF16169,0.5593813159559183
plate_0457,51647281,0.6760591113852447
plate_0458,61G49160,0.3847457679635337
plate_0459,51720754,0.4554266871270878
plate_0460,61F20750,0.08191710925014052
plate_0461,51489710,0.318425550875621
plate_0462,6148971,0.3752744974657286
plate_0463,50100661,0.2116614770471833
plate_0464,5185825,0.21469066939763873
plate_0465,1485325,0.7120547525536909
plate_0466,2518151G,0.5612578211850618
plate_0467,BIF49172,0.30310417892533936
plate_0468,61821668,0.6299249033639877
plate_0469,51490905,0.2574395067761016
plate_0470,1G70096,0.2235085072914464
plate_0471,61G70096,0.29912156613297436
plate_0472,48A051,0.539965143365708
plate_0473,48A051,0.3819111912547779
plate_0474,G07177,0.33395715392173647
plate_0475,6IA72110,0.21111441833702302
plate_0476,577210,0.6871768053922639
plate_0477,61637307,0.8598103403657174
plate_0478,117637307,0.3193157312206687
plate_0479,60435981,0.5715475166539642
plate_0480,51647320,0.2893893358304205
plate_0481,6ING6IN,0.06711192576459785
plate_0482,61496141,0.1854971136557186
plate_0483,EIN96170,0.03607938322497334
plate_0484,61496141,0.38450456796612126
plate_0485,60421418,0.25999768109439103
plate_0486,61477529,0.5847912799348579
plate_0487,651A77529,0.3366946004908039
plate_0488,57F4461,0.280054420034662
plate_0489,5FZ761,0.14463207392309158
plate_0490,51651008,0.584815585981375
plate_0491,51F21403,0.32945404346205787
plate_0492,51F79512,0.35239782058710967
plate_0493,61F79512,0.47785539823674256
plate_0494,6105227,0.10571878191205532
plate_0495,61405227,0.30211219168495607
plate_0496,BIF59887,0.4595301613654634
plate_0497,BIF59887,0.5605709163386049
plate_0498,61F07973,0.2477306006304767
plate_0499,6IF61742,0.33471050588516843
plate_0500,6IA55433,0.40944535631489465
plate_0501,5IF88270,0.38371107072947425
plate_0502,BOEOOOGO,0.19732547626231406
plate_0503,BOE000GO,0.6295324494982835
plate_0504,G1F63084,0.2520935279209662
plate_0505,61F63030,0.2108679270475086
plate_0506,61469172,0.45777442414387287
plate_0507,51G10209,0.82347183145295
plate_0508,61651008,0.21260096591107813
plate_0509,51F35613,0.5429168968716311
plate_0510,547MO,0.1043903793290131
plate_0511,6ING6IN,0.052402103794914306
plate_0512,6N96171,0.030985942459654078
plate_0513,57FL4617,0.06718214613362868
plate_0514,5F27403,0.2814271513495848
plate_0515,61651332,0.5815911140574671
plate_0516,67F15585,0.37558073027904343
plate_0517,BF15585,0.3860378036589556
plate_0518,51F75585,0.3272822039811427
plate_0519,51651332,0.6030395630282658
plate_0520,6035880,0.19809046832363206
plate_0521,29451796,0.4566220021281139
plate_0522,86A06642,0.6492565893687299
plate_0523,BIF59011,0.39352081101444514
plate_0524,61620520,0.528626570790406
plate_0525,517F15380,0.17449629575680045
plate_0526,61F21255,0.2248240609128378
plate_0527,61F69259,0.4414528565099845
plate_0528,5F69259,0.7403682891990392
plate_0529,GIF13251,0.31955224003009375
plate_0530,61F13257,0.5420981494149694
plate_0531,67F76585,0.3337584208251509
plate_0532,5091239E,0.42955403156992666
plate_0533,5IF15585,0.346617187457127
plate_0534,61F75585,0.5971295946858698
plate_0535,51648154,0.5691149315980748
plate_0536,51G28154,0.13413012219433024
plate_0537,51F77836,0.5557180451216726
plate_0538,5IF77836,0.257951582380092
plate_0539,51F98466,0.1400681222360645
plate_0540,5F98466,0.5519160067290194
plate_0541,61F21255,0.2387729594252438
plate_0542,61F27809,0.2916234704958107
plate_0543,1F27809,0.3707780928509085
plate_0544,61620536,0.3978397448117661
plate_0545,6IF22261,0.258190937695687
plate_0546,8013993,0.9499495093794761
plate_0547,6013993,0.3676763987268411
plate_0548,61C10096,0.5284992515368429
plate_0549,61475932,0.3189229436713389
plate_0550,60LD4379,0.20835461346152642
plate_0551,60A35981,0.749002733318944
plate_0552,60435981,0.4324365989157639
plate_0553,5705227,0.2505429483159617
plate_0554,29151790,0.5040621570129228
plate_0555,29451796,0.5127749327215091
plate_0556,5IF89357,0.71205573571881
plate_0557,51405227,0.29790160443890784
plate_0558,BIF59017,0.24916481720428962
plate_0559,ALL,0.17079288470263654
plate_0560,93L000103,0.4958274852863537
plate_0561,61405227,0.5482599319768198
plate_0562,BIF59885,0.24692261266687263
plate_0563,5IF59880,0.429882239581633
plate_0564,51401204,0.44033496747841466
plate_0565,E7F06948,0.1723159799242585
plate_0566,BIF07973,0.18522392136697688
plate_0567,51F61712,0.36339706918527287
plate_0568,51F5901,0.28000772654249384
plate_0569,51455433,0.46424234075178733
plate_0570,BOE00090,0.29442133207325943
plate_0571,B1F63034,0.33729727957901584
plate_0572,5IF63034,0.645335254503043
plate_0573,61469172,0.268303326862275
plate_0574,51469172,0.37076283870492555
plate_0575,61422959,0.2823942729274677
plate_0576,61422959,0.45813760213286675
plate_0577,51651008,0.3749693563802172
plate_0578,51651008,0.7532136681894626
plate_0579,51F35618,0.3290911350495406
plate_0580,GIF35613,0.35341927576538523
plate_0581,651472110,0.5172846651127296
plate_0582,51N061,0.029356760992353265
plate_0583,51496141,0.3785323165855458
plate_0584,51F7461,0.07326282468628931
plate_0585,61F24403,0.14127751242719672
plate_0586,753265IF,0.5825710985639194
plate_0587,61G51832,0.30615519508407213
plate_0588,61F15585,0.4829747845924759
plate_0589,51F15585,0.30147250807161147
plate_0590,6IF15585,0.26137299126335556
plate_0591,60435981,0.417093739543257
plate_0592,04877BIF,0.4295283475927071
plate_0593,BIF04877,0.38594199652448846
plate_0594,UA06642,0.28275717823045465
plate_0595,D06642,0.47404931155823116
plate_0596,ETF590,0.4096055251392168
plate_0597,5IF59011,0.4629455817649634
plate_0598,51620536,0.4844082660455627
plate_0599,51620538,0.3922063886758051
plate_0600,5IF78904,0.2157801897186916
plate_0601,61651936,0.45511509377130105
plate_0602,51G51936,0.6036818344834839
plate_0603,61F21255,0.33967417793490423
plate_0604,61F21255,0.6091710038591357
plate_0605,BIF69259,0.687190106530934
plate_0606,BIF69259,0.3808186170512846
plate_0607,51F13250,0.3476538428711876
plate_0608,51F13257,0.14804890431000217
plate_0609,29723950,0.22008490343622655
plate_0610,29423950,0.4589786675904084
plate_0611,51648154,0.3521350572931353
plate_0612,51G48154,0.2656971431693085
plate_0613,51F77836,0.5235776193517783
plate_0614,BIF98466,0.3623387406868373
plate_0615,BIF58210,0.3830298849994282
plate_0616,BIF5821,0.6524500968047847
plate_0617,51F21255,0.5899391228657301
plate_0618,5IF21255,0.567384357927823
plate_0619,50Z0618,0.467478825421199
plate_0620,50Z0618,0.7260796580922613
plate_0621,61F161159,0.18110621308256483
plate_0622,BING6N,0.08661906963341293
plate_0623,614592,0.049063594194031765
plate_0624,61F73029,0.5165871052490699
plate_0625,5101202,0.09195015347139217
plate_0626,51401204,0.6538298970695519
plate_0627,5IF07973,0.3209604035142501
plate_0628,5144592,0.25574819986514735
plate_0629,51445974,0.37160186735648015
plate_0630,51651332,0.4388856747655714
plate_0631,5F04275,0.38381407293061204
plate_0632,51F07568,0.3581101427238589
plate_0633,5IF07568,0.552153386384855
plate_0634,5IF57493,0.47283668947178603
plate_0635,IIF57493,0.16282811759302326
plate_0636,51631691,0.45846928499308265
plate_0637,51416598,0.41016698310413924
plate_0638,51416598,0.4355813362530666
plate_0639,51G49539,0.19337219008561127
plate_0640,51649539,0.6366018654739598
plate_0641,51F31118,0.130735514076887
plate_0642,51F31118,0.5040013817183515
plate_0643,0541160LD,0.08901612291441563
plate_0644,50LD00411,0.1993581417460833
plate_0645,51G10096,0.27862645601945646
plate_0646,51F73029,0.3824526342290913
plate_0647,60439957,0.6209845761559234
plate_0648,60A39951,0.2325639979000614
plate_0649,51F206532,0.32552070994858695
plate_0650,71472078,0.35585936118681943
plate_0651,51477529,0.46784413827954324
plate_0652,6IF59881,0.2614115023836972
plate_0653,EF59881,0.2830371088672957
plate_0654,EIH012L,0.03052143321664951
plate_0655,51A01204,0.18643262875430341
plate_0656,EIF07973,0.5107599191546827
plate_0657,51F88270,0.4291428405957126
plate_0658,61F88270,0.5491864073636953
plate_0659,B1F86988,0.3692548901108313
plate_0660,677469172,0.17304188331361464
plate_0661,61422959,0.8263744769512589
plate_0662,61G1020G,0.314318600387233
plate_0663,8851651008,0.3432092785848683
plate_0664,6F2740,0.10948395353121601
plate_0665,67F215585,0.2902760610805598
plate_0666,BIF15585,0.3607866559746091
plate_0667,6IF22267,0.10518783588730662
plate_0668,8013993,0.6379333111606297
plate_0669,5IF5901,0.190434185685644
plate_0670,61F78396,0.39355202448551435
plate_0671,51621797,0.908801887881919
plate_0672,62405576,0.5002620571632032
plate_0673,61F2107,0.24198523052553988
plate_0674,5GN7186,0.2433421992956233
plate_0675,51620754,0.21090918317288088
plate_0676,5IF31118,0.5088145980232056
plate_0677,50LD04411,0.3484290042546968
plate_0678,51185325,0.20597993189638017
plate_0679,5185825,0.4358364696215425
plate_0680,6IF6461G,0.35156472095758035
plate_0681,51647281,0.4002343028035061
plate_0682,61621748,0.8255906065393965
plate_0683,51634471,0.6743817260965025
plate_0684,61637307,0.43476890187908396
plate_0685,57F06532,0.38673511700392965
plate_0686,61472078,0.38975575126413325
plate_0687,61477529,0.2956361120880298
plate_0688,6IF22029,0.4801437472154594
plate_0689,1F22029,0.4784216982423207
plate_0690,51405227,0.34774187906228926
plate_0691,6IA05227,0.41556726191950405
plate_0692,51621670,0.37505400317768517
plate_0693,51621670,0.6672009879953987
plate_0694,59U150906,0.6726183732890629
plate_0695,51F59881,0.4451019407974752
plate_0696,BIF59881,0.475924311283827
plate_0697,5IF59880,0.11557251768434457
plate_0698,7A01204,0.14974582660211463
plate_0699,51401204,0.5415402291456014
plate_0700,61C39468,0.24228843684500923
plate_0701,BIF07973,0.14299390189675895
plate_0702,51F61712,0.47899030481910304
plate_0703,51F61712,0.4116394805449091
plate_0704,6IF88270,0.3520168746098159
plate_0705,51F88270,0.5803621117933003
plate_0706,5IF88270,0.7330816920550003
plate_0707,57A25668,0.2114453148466703
plate_0708,51425668,0.21261696278490558
plate_0709,F86988,0.937018228783714
plate_0710,86988,0.5803525998085576
plate_0711,51469172,0.39385834815908616
plate_0712,BIF16159,0.17638624534436198
plate_0713,F16159,0.5407191112278963
plate_0714,61422959,0.42897773582416954
plate_0715,6122959,0.40045459084915963
plate_0716,51G10209,0.6334842518939819
plate_0717,1020951G,0.9493766751852271
plate_0718,52797557,0.33797709936254977
plate_0719,6279755,0.4021088380227849
plate_0720,57489714,0.1728432127651925
plate_0721,51489717,0.40244947704476564
plate_0722,E1N96171,0.11890272072359044
plate_0723,5IA96140,0.09027090373249576
plate_0724,BIF4461,0.06500786220369274
plate_0725,51G51008,0.4545388796549527
plate_0726,61G51008,0.2853611115182595
plate_0727,51411122,0.6597776114514978
plate_0728,51651332,0.7739099545227146
plate_0729,5IF15585,0.4702472661162682
plate_0730,BIF15585,0.33954375736371684
plate_0731,5IF22261,0.521824611109699
plate_0732,30V3993,0.6034047248650698
plate_0733,4DNNCOROULP51A4032,0.3587142205613954
plate_0734,OQOLL5144032,0.5968474242801184
plate_0735,15267,0.3239576687839962
plate_0736,BNYTHNHCHDLONGPHUC0327,0.1506963553914936
plate_0737,624476256,0.6084283256234606
plate_0738,IDONGAR624257481,0.2731850838718675
plate_0739,,0.0
plate_0740,85958UNO8Z,0.4742340402137246
plate_0741,NCUNEMCIANGFANGE5GOC56611,0.30558425035739045
plate_0742,GALFRODOURANGOC5661,0.3301612227077115
plate_0743,MAGNERS7261801171EEP,0.5741232054402271
plate_0744,GOK26831,0.45215396693807597
plate_0745,S0E01296,0.3177448039565959
plate_0746,SOE01296,0.7136013730592873
plate_0747,EUKOLLUUELVAVLHIEU0IOLO1UNUWICITUONOUO15162G95,0.19693145513051571
plate_0748,60857976955X86135,0.7316101942591847
plate_0749,GOAIVINDEN504SUA15000MANHAUANGPNMGCAEKEIAYCAFECAL1300061294CALECALE15000,0.4056864439492336
plate_0750,,0.0
plate_0751,THON,0.04411599040031433
plate_0752,,0.0
plate_0753,00156,0.899709044473238
plate_0754,BANHMCIHEOPIU8K,0.47909843582976663
plate_0755,468,0.9932917772830057
plate_0756,68965IK508CUNCAU,0.6135820844458739
plate_0757,BIA18281,0.45849851364799254
plate_0758,MAS6AFTRAOAUSOKINEEE5TH69031,0.3556599813986243
plate_0759,78088,0.6634864724541892
plate_0760,OWLLRANGER29H50138GIO,0.3229118868321149
plate_0761,,0.0
plate_0762,51F09900358260065,0.6349350898259519
plate_0763,5160269751C02697,0.5905193964405852
plate_0764,WSH06L,0.17130012350237211
plate_0765,CUVU1010597I9803674011017,0.48956700193102404
plate_0766,6PT1658052548201,0.25823038935836545
plate_0767,77905127608608366563,0.4720221521474553
plate_0768,55781I105,0.5446595062038208
plate_0769,UQIGMEMCIRCLECCIRCLEGZ4HRSCIRCLECAPHL7881022206ZPZ897867C172309,0.3926002222941553
plate_0770,CIRCLEG6F93L0708059036237681383,0.518532999723857
plate_0771,51631594,0.5353569970378411
plate_0772,VIGNA120567084,0.07725048429208402
plate_0773,51F90090,0.7855453536530923
plate_0774,HO51G99627,0.4883483667787134
plate_0775,07O7KUO,0.05750049632523466
plate_0776,USUS1K10146,0.3612797339852898
plate_0777,,0.0
plate_0778,59C164460,0.2634900255372955
plate_0779,CUO7HNGEBLC184008GOONG,0.25646357517582785
plate_0780,61G51717,0.4970598878815698
plate_0781,2C50YI1589,0.4400811896927281
plate_0782,76811848,0.5214624891944986
plate_0783,EO76816061873OO,0.5448546465806257
plate_0784,59PI68112,0.71980938944801
plate_0785,76B11873,0.5429867069666042
plate_0786,SUAQUANUUGUDNGLUCHB,0.24983347270019673
plate_0787,6165129,0.4934785292054728
plate_0788,59X139458,0.6017975615072966
plate_0789,59KI89458,0.3664158506221333
plate_0790,TVAIIQUANG9MUCMUPUVEKL88398593945DNG,0.35985121776220025
plate_0791,59KB20430,0.4172017935446296
plate_0792,80TRIEU,0.6329095683995252
plate_0793,IGLUGGRAO71635,0.39442746722069877
plate_0794,5IF823385921GOEK121901,0.5981021101603041
plate_0795,GLUAADCNG82506046OPLUNGBAODAMGWUQANDHONHSIK25905UI,0.16939638772885454
plate_0796,IOYDCUNGTLUGACES6UCHANT,0.12985982977128868
plate_0797,095HADANH00163B6415142D2HMA,0.23116531144811797
plate_0798,6814103638282K0102295,0.31793499501002764
plate_0799,IVORC2,0.3946389652752109
plate_0800,,0.0
plate_0801,59206529,0.7020429982321823
plate_0802,,0.0
plate_0803,51416KUIOIO,0.1753897494699546
plate_0804,59K7111844,0.17952601597792045
plate_0805,5686RAVADAUAS26751B226785TRANKHIKEXIMLOIALAMPHIEKL,0.3667723444866613
plate_0806,59K1BIOSZGOEK5061501,0.37505558469209244
plate_0807,TSDA51B26786U,0.41689891974260246
plate_0808,8723618,0.9697478932694257
plate_0809,WANRACE604817861,0.10396365007593425
plate_0810,55819,0.6440021230987919
plate_0811,EWM7EFHKYUNOAI22,0.14611594331308306
plate_0812,,0.0
plate_0813,5911IEZ,0.2436957998306069
plate_0814,TSDABYNKA19AE,0.06125656147463541
plate_0815,10020,0.05640552556370175
plate_0816,84,0.06837134982514807
plate_0817,,0.0
plate_0818,BGE,0.09281357194650708
plate_0819,12249129FI00806,0.5187675211921251
plate_0820,32G88I,0.07894797092494006
plate_0821,SHAEZ85259556,0.45796949382647884
plate_0822,5512BL8,0.19439475031941383
plate_0823,S1K02073,0.1915632797876268
plate_0824,SKKGXIWHWVIRNSE1205L,0.12399727118273439
plate_0825,123276IC,0.563275537843019
plate_0826,DAHKUAIUBYUGASAMCO51440,0.3800462362717794
plate_0827,,0.0
plate_0828,TSL,0.1447862684726715
plate_0829,,0.0
plate_0830,EIWIKUIUZARSU,0.023258478745457507
plate_0831,TSAPVNARCY,0.15727623029486923
plate_0832,CUHEAULAIAAINCUNRIRKGYAG,0.11301444060469529
plate_0833,507100994,0.5273624373408315
plate_0834,28ENO,0.40291135412693846
plate_0835,169432,0.41536457465917564
plate_0836,34,0.14411342628098123
plate_0837,,0.0
plate_0838,3E2EO,0.07880935426719349
plate_0839,67D,0.04896289144974321
plate_0840,TETRIDICU10336INCCAAFLONMPE,0.45419413052854335
plate_0841,CA,0.07458746348666573
plate_0842,,0.0
plate_0843,M2M8R4ULSWU4SIKUMWIBIXOKAG575UIVEIOIUOHATTIN62OKATTMLCGTESEOOCSRVOGLU131920N1OICOI5000,0.14944926848047563
plate_0844,TIN5952OHATGIGYOL21G291904,0.39217572527593103
plate_0845,,0.0
plate_0846,,0.0
plate_0847,0641,0.9801099896430969
plate_0848,55817162,0.6319609657550966
plate_0849,MEUEXDIDC4410860K79780,0.24326713412347115
plate_0850,ANGHUEUIOPDENDAV86959926061CI,0.29988485174920776
plate_0851,NUMIEUIOPDEKDIU175237367KT854186272,0.38463563645639476
plate_0852,,0.0
plate_0853,SNKZUHB4YMPAVVAVOMA,0.09263924225866707
plate_0854,51H69860,0.5575936353055673
plate_0855,6070023,0.7247843146324158
plate_0856,RNN89608023,0.43216791402185406
plate_0857,60Z0023,0.8329339027404785
plate_0858,597220025,0.4963093230656738
plate_0859,59XT195293,0.5774018167143165
plate_0860,60B862972,0.4221425009130303
plate_0861,60251,0.4048414559114397
plate_0862,592101922,0.6871222033638744
plate_0863,597101922,0.5952294251917272
plate_0864,,0.0
plate_0865,6025716,0.36678246696032435
plate_0866,55YI1849,0.7524315869085532
plate_0867,,0.0
plate_0868,818I93928,0.4350857001891106
plate_0869,61638726,0.5360542685481209
plate_0870,59P226533,0.6823771969543964
plate_0871,TOCM608877171NAGI,0.517647451550409
plate_0872,51K37082,0.31501463891811365
plate_0873,HUNGSFEI71C263510,0.4870410700083416
plate_0874,CE,0.0749074567066109
plate_0875,,0.0
plate_0876,868755759,0.4095379515896804
plate_0877,LF115481,0.15968996757707024
plate_0878,ZU99,0.49586863322603836
plate_0879,628680175123,0.6539347068792893
plate_0880,S003201,0.51800530555692
plate_0881,51G72509,0.7030680634987472
plate_0882,252,0.035129719400745024
plate_0883,IBR322,0.1256015006485226
plate_0884,6C02802,0.7081412266029884
plate_0885,69KI68724,0.2592166436061758
plate_0886,BENSONG6TUD65TF22139,0.4260247200389232
plate_0887,KCACAG598GSUZUKI161002850,0.4099309295319639
plate_0888,69KT687L4,0.3105338472886193
plate_0889,RM,0.043556945427500056
plate_0890,15IC127,0.12448827536613385
plate_0891,57MM25652021655772564,0.5277208721654836
plate_0892,XETHBOUBAOOKAISUZU88829H73555,0.4428651401774702
plate_0893,0910,0.31431105732917786
plate_0894,0O551050063,0.714121830855679
plate_0895,600SUZU6IC27542,0.4613807240656183
plate_0896,610055091EE,0.22665313063942286
plate_0897,51400262,0.14848628648630788
plate_0898,51694706,0.36373848905400125
plate_0899,SUZUKI,0.13811324214253096
plate_0900,SUZUKI51035092,0.8568163758521895
plate_0901,QLE51H95737,0.27855072975807393
plate_0902,SIC16406,0.30003407157747836
plate_0903,0L,0.010890952472582427
plate_0904,61025261,0.1501155373693917
plate_0905,94H6756975426,0.4149342802394129
plate_0906,MOCLINH50H67569,0.653197503436577
plate_0907,1UU0NURI61H63681,0.1664924663246904
plate_0908,5IK41413PODSS,0.36807866082686597
plate_0909,SOH016,0.6334283503111069
plate_0910,805,0.028701217788131093
plate_0911,EG,0.035440045256392126
plate_0912,5IK14952,0.29709883215197413
plate_0913,6112682,0.12587875610545737
plate_0914,DPXERC5102E05015,0.3641358435910899
plate_0915,61105725,0.5186256167968024
plate_0916,G8A59E202192,0.4824540069890186
plate_0917,NLTHTDET61409798,0.42783620066088746
plate_0918,5OK15539ONAK,0.3321425105044329
plate_0919,608707222,0.554672963217252
plate_0920,SIC88290,0.42057324198543994
plate_0921,STCUUTHEPHA,0.5577483607707834
plate_0922,58251C62411,0.3368761193081369
plate_0923,51621576,0.6165914490739388
plate_0924,CUAILNVUAIN,0.10168368788790122
plate_0925,BF23429,0.3454972728715711
plate_0926,PHLTLUYEN51H9229606031,0.41138833320910617
plate_0927,06GGISUNHSHIHPHRFYWEQDANDIEGIUI03728958,0.18179318339962697
plate_0928,I4S,0.14773316351422644
plate_0929,00229,0.9648700196051074
plate_0930,UCUU67H60996,0.3401352631379155
plate_0931,KDLBCRLONGTRVONGKOYLHHTRVHGH1L1LIUSAMCOB1B1667718892LICDI,0.2533556068267733
plate_0932,88THNANHCHA,0.5146804970763404
plate_0933,VE6180985,0.21832837521685422
plate_0934,92296,0.6948347490170983
plate_0935,UOCTHNG7THI76596,0.3816286658129752
plate_0936,CUCHI82959M2676,0.3344343252343555
plate_0937,BUUTAAINVITNHISEZU61C95340THUCTHAINAMGPP,0.5110278244147635
plate_0938,I8RUNHHRN6YXUHHTRVHEHSLMCO51B0654159887,0.46632928389153167
plate_0939,51H3545259M72676,0.3626975303252891
plate_0940,51F65L7159T72676,0.4953737197616641
plate_0941,MYTINICRTUOINGONBAOHIENKEMIAYYAWADSUZUKKYMCO2OUGIEHP78410756,0.4710469325399753
plate_0942,59X165996,0.612385871889584
plate_0943,,0.0
plate_0944,ANEOWE59242,0.25377826651039453
plate_0945,51H028992296,0.630483243504891
plate_0946,5IH92296,0.4922632832058389
plate_0947,AUZ51H92296,0.364544261914528
plate_0948,S0N10418,0.4929767372023315
plate_0949,SYSU61C05240,0.23638821159364495
plate_0950,60A84499,0.5645584083915527
plate_0951,4625059KC032IZZ,0.24082417323289254
plate_0952,51080415,0.9388940419240573
plate_0953,RANR51080415,0.34859333141835996
plate_0954,5IC93891,0.5309279039991732
plate_0955,OUCA7OAS0HA552,0.0727035838288268
plate_0956,,0.0
plate_0957,5DED,0.08559922706459835
plate_0958,,0.0
plate_0959,51055415,0.6544649694928736
plate_0960,UUPNFRONTCA00ISOTRUNG63C00620,0.12371681975390682
plate_0961,51676010,0.6633060244716734
plate_0962,UAAMURER51012970,0.5445429647205489
plate_0963,N12970INEHH0N5125,0.27454126647918403
plate_0964,IUILLNTAIBLIHQURI51628885,0.5335207966031021
plate_0965,510818555408105567C112629,0.513396956549274
plate_0966,62C052586GIE,0.3192669383843725
plate_0967,IMVINAMVIAPDIREDAPKEDAPINHTNM,0.14752934355755656
plate_0968,PVOILYOIL,0.44757349658553847
plate_0969,EKAD,0.15818586945533752
plate_0970,,0.0
plate_0971,5INM1510,0.25251278103883107
plate_0972,19275HYUNDAHYUNDAI,0.6869853374653291
plate_0973,67H21950,0.5435003199889261
plate_0974,51627692,0.2838908765477651
plate_0975,61H736650,0.8242505772478657
plate_0976,GIC920710516920CU,0.29305289155154485
plate_0977,,0.0
plate_0978,,0.0
plate_0979,980OUONA,0.4538590255310532
plate_0980,SUZU,0.08647067099809647
plate_0981,MX,0.030176778780098005
plate_0982,0,0.559888777770766
plate_0983,288,0.08851018340095473
plate_0984,65C69632,0.7539632920426098
plate_0985,61142,0.3269028499848657
plate_0986,18220,0.7638941240014656
plate_0987,I6LMC,0.0299102157789073
plate_0988,3827272750206365DNLEDMPETHITBDIX,0.679433242065058
plate_0989,E159426250,0.15907447016851314
plate_0990,422YESAC8OHVUC,0.11659903755813743
plate_0991,AOUWANGOMGRCO582,0.17481718044023148
plate_0992,BHKERII5SDICSEIA,0.1536723661430661
plate_0993,,0.0
plate_0994,IIH46VA72F1500,0.34666292388806375
plate_0995,12122,0.36693436322916984
plate_0996,QNRIEU20EU913035120BO150MAM15037710501750371702624,0.5217946012774524
plate_0997,,0.0
plate_0998,51619579,0.8240821922933299
plate_0999,7970A,0.2045260508965558
plate_1000,,0.0
plate_1001,50E10295,0.60614313396875
plate_1002,,0.0
plate_1003,CA782LOVOCNINOTILP6THUOCQUXONM25URKOCKINSBOTISEABOUICYCUCTONCUORAGI,0.2029875941955279
plate_1004,E5YIEOH516234130,0.4995144299260398
plate_1005,,0.0
plate_1006,515N2,0.2687317106802171
plate_1007,0UEEEE9490830,0.2944491671319829
plate_1008,696,0.285606927602459
plate_1009,GO,0.2746452584465224
plate_1010,67AL0979,0.634830724433926
plate_1011,RBSSATHACO88371,0.07669676783920264
plate_1012,597215242,0.5708856994281937
plate_1013,LONGEEVLOUA,0.3018532417461028
plate_1014,51670432,0.5726997024914533
plate_1015,,0.0
plate_1016,E4TZFT02989,0.4560444203084
plate_1017,72FI02989,0.5309338120168974
plate_1018,60275408,0.6495333700748299
plate_1019,68,0.28575508812646944
plate_1020,HONDA50Y41420,0.48321631645096
plate_1021,59F22463L,0.38916498081442313
plate_1022,38L123157,0.5736939818667954
plate_1023,,0.0
plate_1024,OHOUW60Z65394,0.5228017016406632
plate_1025,66H1101253,0.4259292427082849
plate_1026,45602195367,0.2647050932669402
plate_1027,60U1S71,0.19991816580295563
plate_1028,59XE60017,0.4232049595564942
plate_1029,59T60017,0.6539902867388259
plate_1030,,0.0
plate_1031,51H101962,0.4337380380194378
plate_1032,60888281L,0.24932736263130442
plate_1033,S71SI,0.1398084712600983
plate_1034,OUUSHLMANR51D17226,0.4159911436172494
plate_1035,YHONNOVA374SAGOTA53920SAGOTA,0.3951406041096895
plate_1036,51493560,0.5606269134527759
plate_1037,,0.0
plate_1038,1012659,0.6976823844380915
plate_1039,51573255,0.7535317032554164
plate_1040,EUII,0.027755549177527428
plate_1041,590210643,0.4471622559747308
plate_1042,IALHH78IMH5YLL170994,0.2785016747420201
plate_1043,59BT49876,0.9469420804750079
plate_1044,59X2233951,0.4210612172273839
plate_1045,59B169876,0.6491381577952751
plate_1046,HONDA59CA01056,0.6277111691340139
plate_1047,9561836160,0.5676332194000245
plate_1048,590175530,0.6419205227496525
plate_1049,60K611357,0.6383744643945604
plate_1050,60C2195219,0.7275498760326167
plate_1051,62K36663,0.787360640475266
plate_1052,60C279021,0.8196995110749588
plate_1053,66ST15570,0.4971086248049222
plate_1054,940102767,0.723367000326427
plate_1055,60B919144,0.7785028797329603
plate_1056,85B7128415,0.34987486258884426
plate_1057,8978E1L7L40,0.47218594315397144
plate_1058,77766029577E140769,0.6111644283965816
plate_1059,3760365818111382,0.14506613408478017
plate_1060,591380614600261516,0.554892423176282
plate_1061,669850,0.7999270076190551
plate_1062,62269185,0.22562029269566347
plate_1063,59F235184NU,0.29184863927231325
plate_1064,674148066,0.4725687765761789
plate_1065,667T8L185,0.31517882377097706
plate_1066,52158936,0.9349029156431193
plate_1067,50233954NONON,0.1721646465018524
plate_1068,60C253130,0.9377964042714025
plate_1069,65167FI157014806,0.5799619928082325
plate_1070,Q1214596410,0.3229518634263217
plate_1071,HONON71H3261,0.60689861229145
plate_1072,CATCHMEFYN71L16O03OAYBIKE,0.34486638840286477
plate_1073,85C106241,0.8301020484079824
plate_1074,8181L13,0.41013767620201363
plate_1075,5239337,0.8235822463636926
plate_1076,776160295,0.8600914749207084
plate_1077,776139419,0.4532920715677693
plate_1078,HONDR47136750,0.35069025374694096
plate_1079,60C232596,0.9163588489691324
plate_1080,858728415,0.5867616367226326
plate_1081,59C292265,0.8263412217364228
plate_1082,68151632TEVV,0.2609139681072146
plate_1083,HONDN54XL6642,0.3831475111341185
plate_1084,86BT161032,0.5623964434838806
plate_1085,55P328398464559B1,0.8142046073964839
plate_1086,51P21467868264987,0.8112580996857959
plate_1087,57182598131651FA59B1,0.5531476938520992
plate_1088,93P139004,0.5780664502102946
plate_1089,60C239219,0.6874784556101128
plate_1090,59B154011,0.47872959048603425
plate_1091,60C27902770FT19188,0.6545748421486074
plate_1092,95F6666460H61357,0.7415767671569691
plate_1093,37818000,0.6130481782474052
plate_1094,95F6602666495219,0.6223767642281254
plate_1095,94AB08770,0.5710548975399116
plate_1096,59CA60C271343595202663101056,0.4803325684690985
plate_1097,HOVDA60C2195287,0.5805850040114032
plate_1098,602L967960B608783,0.42516454874593945
plate_1099,602608783598I149136,0.3477343201909925
plate_1100,59PI66480,0.5652609799414307
plate_1101,59C165331,0.8424679288974557
plate_1102,59T108264,0.722203295079084
plate_1103,59T108264,0.7967499996624346
plate_1104,63B957926,0.6616336491540076
plate_1105,59FI13060,0.6691366266212655
plate_1106,68F55727,0.8936238263518614
plate_1107,59C251109,0.7077799562116599
plate_1108,59C165331,0.7471410536589812
plate_1109,59C165331,0.5542773906226945
plate_1110,37M107918C,0.41165430182945006
plate_1111,59FI3060,0.2635561943840558
plate_1112,59FT07509,0.4935470287365875
plate_1113,63B957926,0.7629684385904485
plate_1114,6046482,0.435311401992363
plate_1115,59FT06711,0.535441249506037
plate_1116,5990977,0.8738890699827817
plate_1117,77F18054,0.6927344244616557
plate_1118,59E113417,0.5405756612419125
plate_1119,59H154986,0.7747433822795833
plate_1120,67C105355,0.8814424098591134
plate_1121,59W769575,0.6136564724611403
plate_1122,59Y107L73,0.4240773796425469
plate_1123,66G115722,0.5148628090548789
plate_1124,678181846,0.5373812248684323
plate_1125,59B1891Z,0.45478637074609507
plate_1126,59Y200285,0.787090705858636
plate_1127,72C112511,0.81792434175575
plate_1128,54L24264,0.7907836916285158
plate_1129,59K190300,0.621227376108807
plate_1130,51R56273,0.697886051630549
plate_1131,59K190300,0.7669239954097737
plate_1132,84G122593,0.4609633101548673
plate_1133,68H74213,0.6603165420055346
plate_1134,72C112511,0.9414515510352649
plate_1135,5128152L,0.40599533915519714
plate_1136,62V16814,0.898062301949305
plate_1137,68H74213,0.8782179627972667
plate_1138,59T188808,0.5444108600219468
plate_1139,59H1057,0.609582028244746
plate_1140,59C162293,0.5051041840347087
plate_1141,59U109619,0.4590280323240389
plate_1142,521522,0.5662566903466973
plate_1143,65FI31532,0.6999165775228878
plate_1144,59C116274,0.5879917838686739
plate_1145,59U170392,0.7804077464318376
plate_1146,59C168612,0.5974993235594258
plate_1147,621327,0.424864901457805
plate_1148,54L24264,0.8475007251886006
plate_1149,59165231,0.6536429797134087
plate_1150,54516312,0.7902481472841376
plate_1151,5292459PI,0.6425591423013095
plate_1152,59FI70424,0.9129030830981413
plate_1153,51L41138,0.5288998091762118
plate_1154,54Y25804,0.6250346010915346
plate_1155,51R56273,0.798031152651305
plate_1156,59LT97457,0.7366010979328184
plate_1157,86036I49Z,0.30127247489671954
plate_1158,94KL1831,0.5450284623555854
plate_1159,608157122,0.9086458693342608
plate_1160,59P11018,0.4913759594395769
plate_1161,59FI70424,0.9483272039656188
plate_1162,59125023,0.6202918854850238
plate_1163,65F131532,0.5849471696938775
plate_1164,53LI87760,0.6049887307268107
plate_1165,59X268327,0.7183477150633277
plate_1166,678181846,0.408609179904045
plate_1167,39754063,0.33837851712368106
plate_1168,9CH51031,0.28439902886748314
plate_1169,5475969,0.5482324021417189
plate_1170,59526555,0.8090327174991181
plate_1171,51V3998,0.6840974229696272
plate_1172,59C152610,0.5482881872555171
plate_1173,52P5033,0.6577117756305352
plate_1174,63Y10200,0.9654191977774214
plate_1175,595236623,0.8322019899188919
plate_1176,59526555,0.7193050031065982
plate_1177,52666,0.9001650456142806
plate_1178,13526163,0.4798658035038049
plate_1179,51K28397,0.3748755529050898
plate_1180,59U159897,0.813170592260468
plate_1181,59183357,0.6894556473177283
plate_1182,54TT5417,0.5897093406385314
plate_1183,59FI38151,0.70114651003549
plate_1184,59H153561,0.6355763337793875
plate_1185,77L107312,0.7181930204157423
plate_1186,595181386,0.7136475866135491
plate_1187,595286623,0.6551117807907914
plate_1188,63YI0200,0.8916516110231807
plate_1189,59C227998,0.6482262574606489
plate_1190,595235205,0.8478158624438352
plate_1191,610100626,0.6977623300356692
plate_1192,868319858,0.6514618321001848
plate_1193,71535011,0.5391443215243166
plate_1194,608813705,0.777345396116697
plate_1195,59H133046,0.6535514459638716
plate_1196,40F856,0.7194747470133687
plate_1197,54Y66004,0.33586979551210816
plate_1198,59XI54497,0.4520235591219434
plate_1199,59N209050,0.5739800416678746
plate_1200,595285205,0.5132814890734494
plate_1201,957K00839,0.40208636186943775
plate_1202,59F138151,0.6173000034078564
plate_1203,60B001075,0.5196823756405007
plate_1204,59FI9271,0.8853539107472586
plate_1205,595181386,0.7053398094657557
plate_1206,59EI64239,0.40806001276735615
plate_1207,59P183257,0.579113803142207
plate_1208,59F9271,0.718573741644766
plate_1209,59C1739785,0.14154843666127415
plate_1210,59P135202,0.44171078384274404
plate_1211,5951318B,0.4339925569486345
plate_1212,83P167560,0.873925200649392
plate_1213,59P220947,0.3067839954169074
plate_1214,593N787515,0.44553455492362676
plate_1215,54522148,0.7437308614500555
plate_1216,86K79591,0.7995154309952255
plate_1217,59L177693,0.7213144728544085
plate_1218,59FI20158,0.6687910591872894
plate_1219,597154049,0.4626641334791106
plate_1220,59FTI29346,0.6286069456847645
plate_1221,59U125418,0.533172938859608
plate_1222,59L227560,0.6685697878376778
plate_1223,590162787,0.561178495740243
plate_1224,4206,0.43652281165122986
plate_1225,470142872,0.4737233447333924
plate_1226,59G133671,0.6330985394791313
plate_1227,47K100279,0.601237246316273
plate_1228,608734176,0.8555852053827642
plate_1229,760724027,0.6910601694081151
plate_1230,598700002,0.3546828230435366
plate_1231,82K37689,0.7670723641758048
plate_1232,59PT7980,0.6437628806195146
plate_1233,591706458,0.5260764038968242
plate_1234,59U185226,0.7075592520073015
plate_1235,52279752,0.6577811111107811
plate_1236,59Y1L4665,0.5441157553074272
plate_1237,608325220,0.5514386081382718
plate_1238,59H155699,0.5630133624121114
plate_1239,51584605,0.7594571492878919
plate_1240,59P733202,0.5684269862484406
plate_1241,59U166141,0.8569221317923609
plate_1242,59U185226,0.46155762723260524
plate_1243,75K30899,0.6601968092378118
plate_1244,60FI140494,0.500287025870097
plate_1245,79T26658,0.9385192420442284
plate_1246,72FI20741,0.8678023933399783
plate_1247,66PI5739,0.7272970281112838
plate_1248,59F112229,0.3369430910901834
plate_1249,51730606,0.7910915326330801
plate_1250,428724701,0.5216663586261939
plate_1251,590166974,0.42661290120650885
plate_1252,59H1L6704,0.28740314158617625
plate_1253,54U57001,0.7802862610575683
plate_1254,598181149,0.7237895566702077
plate_1255,59P183202,0.8460374622226599
plate_1256,590149489,0.8564505646517372
plate_1257,59P229729,0.8921728643638003
plate_1258,59FI75291,0.603206728339933
plate_1259,5227602,0.6378215010679935
plate_1260,59C19744,0.5765378112474883
plate_1261,59YI82533,0.7599696912989915
plate_1262,54T56168,0.7270038942366812
plate_1263,5458964,0.6642942201141736
plate_1264,79H120023,0.5274750806446025
plate_1265,59U101985,0.6022377624860331
plate_1266,59M197582,0.5859463965494487
plate_1267,59245928,0.5197789022200019
plate_1268,61C106403,0.5145005223015922
plate_1269,59H15690,0.8282431239468602
plate_1270,59FI47488,0.7530427185804163
plate_1271,76G12000,0.6233999394197505
plate_1272,59U156141,0.8626588900424215
plate_1273,59158723,0.7575316743204568
plate_1274,59X160210,0.550410169845581
plate_1275,591223714,0.6300040099088724
plate_1276,640113241,0.6253843963156183
plate_1277,595114883,0.9123728219787808
plate_1278,72C136087,0.7205653594348445
plate_1279,59C123968,0.8678082155305791
plate_1280,595159484,0.7426423770278139
plate_1281,59P16138YA,0.3237714748972279
plate_1282,59Z727275,0.7794086379436882
plate_1283,61C106403,0.5592462756316285
plate_1284,59YI2323,0.7920211191684963
plate_1285,59E164141,0.8115405599385492
plate_1286,72FI20741,0.3365959842284345
plate_1287,76Y63629,0.5270566857762145
plate_1288,760124027,0.7990319716249297
plate_1289,59202084,0.836541415064705
plate_1290,760124027,0.755334155843841
plate_1291,59Y281467,0.45059050637976106
plate_1292,84K51618,0.7098968458249498
plate_1293,59FI14760,0.4046344144979298
plate_1294,54589169,0.7027790271213574
plate_1295,59TI03506,0.6261738963481074
plate_1296,59P231316,0.8212277094001342
plate_1297,59E1036Z0,0.2795618273559109
plate_1298,60Y73914,0.9533984950577601
plate_1299,59Y215800,0.498756039805771
plate_1300,59C224129,0.5727644922512323
plate_1301,93PI06312,0.6819485053708468
plate_1302,51L82105,0.8501401461621323
plate_1303,590149489,0.8117904960688491
plate_1304,4819,0.7219185829162598
plate_1305,590764063,0.2588202919605681
plate_1306,950801179,0.6239378108211
plate_1307,59M121704,0.5773516969266239
plate_1308,59C105899,0.6209760792240977
plate_1309,60C232301,0.5755207272759075
plate_1310,55P56876,0.9478814183373265
plate_1311,59C2L4011,0.7039081615423797
plate_1312,77C189373,0.47662744755970543
plate_1313,59U779751,0.45366936885375275
plate_1314,53197976,0.5032366965296972
plate_1315,508628032,0.821091760584914
plate_1316,59160811,0.6761810230632171
plate_1317,70S40365,0.4475935814656192
plate_1318,638138786,0.9172699639609905
plate_1319,54Y38211,0.626101803912546
plate_1320,59P187149,0.6026548086142407
plate_1321,608523822,0.7557171448226421
plate_1322,07R69618,0.4900693466430246
plate_1323,60838454,0.5774034716100986
plate_1324,59E61121,0.5528324124590437
plate_1325,55K17546,0.6119509928329876
plate_1326,63B222794,0.6188988512920429
plate_1327,59120954,0.3838277744916855
plate_1328,6685224,0.8984221929002743
plate_1329,5439902,0.8591917116318011
plate_1330,52F99280,0.6560916174637662
plate_1331,72859221,0.5445179343223572
plate_1332,59515133,0.5462353176762833
plate_1333,67FI11317,0.5728282699402171
plate_1334,62L122762,0.6698393936739903
plate_1335,595218904,0.7593480177161371
plate_1336,59511289,0.945269634769379
plate_1337,5903519,0.9980118969390954
plate_1338,55FI31469,0.6034331327967304
plate_1339,597160811,0.6558490763801019
plate_1340,59KI03235,0.5104200919025306
plate_1341,72FI207,0.7288161555569779
plate_1342,608736638,0.8986533496665754
plate_1343,858117851,0.5001790362123453
plate_1344,70017189,0.7613945686868195
plate_1345,59Y243654,0.7296905522151806
plate_1346,5901L6288,0.7207417897448312
plate_1347,59L223772,0.6532418617582453
plate_1348,59P281316,0.9342386529909407
plate_1349,595220617,0.4964993345139941
plate_1350,59E168973,0.5824032997595756
plate_1351,595217831,0.6051533990954119
plate_1352,59PI55811,0.489754129154988
plate_1353,59C201909,0.8020734670280152
plate_1354,71C286423,0.7847426556995531
plate_1355,59T155500,0.7061503593078777
plate_1356,93P1174OG,0.48395861698540343
plate_1357,5914U02,0.24948924518999982
plate_1358,66P15967,0.7099774051298084
plate_1359,59F17404,0.5998647724203088
plate_1360,51H30234,0.5397087057395316
plate_1361,51L74255,0.8940089303156068
plate_1362,54P11782,0.6592507950092812
plate_1363,85S15378,0.5419857137438605
plate_1364,51233664,0.6471605025083369
plate_1365,72LZ1703,0.8301422608654703
plate_1366,59FI31469,0.6140449542808926
plate_1367,54228101,0.5136919319629669
plate_1368,59PZ20947,0.8046421185111945
plate_1369,55U71469,0.22782720446203225
plate_1370,59K272061,0.635025180038102
plate_1371,688628022,0.4342365712545157
plate_1372,52F64378,0.5712482167395938
plate_1373,0Z10084,0.28013340663452435
plate_1374,638703323,0.5484808502219894
plate_1375,59P230351,0.7809023167955305
plate_1376,59M736452,0.3516830525196732
plate_1377,72C112511,0.6480252331863392
plate_1378,59NI8063,0.5296618075223741
plate_1379,86H79591,0.693890336396939
plate_1380,54514959,0.6634087525453245
plate_1381,858117851,0.8506442052633887
plate_1382,51T42133,0.5496527887430037
plate_1383,62M136169,0.37725808889930434
plate_1384,62828032,0.20912422553893037
plate_1385,595168287,0.9167545266653596
plate_1386,5915059L1,0.9557254007462566
plate_1387,51Y67665,0.7812952586751862
plate_1388,54514959,0.7178849958129856
plate_1389,597151002,0.5707210623278385
plate_1390,59765072,0.6692017320367526
plate_1391,59S153418,0.6592622554262828
plate_1392,950801179,0.6636238551502388
plate_1393,65521319,0.9002437992417165
plate_1394,85FI14927,0.9242147418493818
plate_1395,70SA0367,0.6673797931925308
plate_1396,54U51223,0.7110934940979127
plate_1397,79N160529,0.6948024729489136
plate_1398,60C123174,0.4215697938613643
plate_1399,59X256462,0.7771059205343233
plate_1400,60P71246,0.9331231863226359
plate_1401,77C189373,0.7574537293817408
plate_1402,597156987,0.7571784735261038
plate_1403,868624682VUE,0.6288900166840642
plate_1404,59716468,0.34173054673887115
plate_1405,59K100O78,0.6074335862487236
plate_1406,54X95116,0.37256915867328644
plate_1407,597160830,0.48256356215712626
plate_1408,59F123865,0.6639271233665189
plate_1409,59U145781,0.7114848616406013
plate_1410,610107911,0.9480040058899275
plate_1411,597101439,0.6724151398744768
plate_1412,66P15967,0.754179632232808
plate_1413,54716U8L,0.40575609475632984
plate_1414,79K78982,0.4530865821146499
plate_1415,59281195,0.7190995501619828
plate_1416,59M176054,0.738526036265833
plate_1417,6978559E1,0.591718940090397
plate_1418,591215800,0.830512931428266
plate_1419,65H9071,0.7419253724066063
plate_1420,79711858G,0.7056681721067648
plate_1421,51H21719,0.7443351765299613
plate_1422,34K23664,0.8106969902044371
plate_1423,718251318,0.8085124987695729
plate_1424,59V188114,0.8223518256397554
plate_1425,51H48354,0.815551460520646
plate_1426,62H132146,0.2790786468208444
plate_1427,818161386,0.8524749579120976
plate_1428,59K125521,0.77331510733632
plate_1429,718287757,0.42422746283971213
plate_1430,59C230513,0.741593451455639
plate_1431,59HI56378,0.6985181294494325
plate_1432,608223567,0.6249681827855535
plate_1433,5921704,0.8288691040413357
plate_1434,59C148275,0.6873598735029692
plate_1435,70L137096,0.8582478600428898
plate_1436,59PT89267,0.6197097980984452
plate_1437,71R21757,0.630066109210327
plate_1438,59H102876,0.5546117245549915
plate_1439,1H117550,0.509542037406215
plate_1440,59X277199,0.39222848185843456
plate_1441,51K28501,0.9814769224735153
plate_1442,7884859X2,0.5164240753845265
plate_1443,56P19074,0.8739438746968069
plate_1444,72K108989,0.7054423304297927
plate_1445,59KI62404,0.7546252548459773
plate_1446,59C2E57,0.5229531440306568
plate_1447,83H66954,0.572475494052885
plate_1448,597179742,0.740914283725798
plate_1449,59X149369,0.2835818183536833
plate_1450,53R908LL,0.41838294635408657
plate_1451,591263479,0.3398783284119119
plate_1452,59794176,0.36826856159744625
plate_1453,59Y26UB84,0.4699924287789061
plate_1454,49FT08660,0.19791051988123864
plate_1455,72L63974,0.6228132817359421
plate_1456,54573211,0.775734748500053
plate_1457,59XI5128,0.5105104683677855
plate_1458,86H79591,0.7944306540223889
plate_1459,51L80104,0.9554939224058667
plate_1460,59X278848,0.5287200009841742
plate_1461,49K107320,0.6792647165372416
plate_1462,69B223567,0.512564412902163
plate_1463,50HB2282,0.9450047293989905
plate_1464,6651309018,0.4252923997403094
plate_1465,59E122192,0.42867930030391166
plate_1466,597184807,0.6936142635570102
plate_1467,59C1131831,0.5933549231387546
plate_1468,59II177792,0.3939962118279652
plate_1469,49K707320,0.5331920980904666
plate_1470,8537011,0.6035566970122123
plate_1471,798120807,0.5004160662995083
plate_1472,62V16814,0.544554215790305
plate_1473,59Y104831,0.7651400386232396
plate_1474,49K107320,0.6334178662241964
plate_1475,60236687,0.592030741599059
plate_1476,52T76433,0.7659928330999395
plate_1477,7218179,0.5380412275377093
plate_1478,59T159973,0.71191952304631
plate_1479,940104771,0.7689574934414191
plate_1480,59K125521,0.40855742971602915
plate_1481,76V63129,0.3383759870274209
plate_1482,66KI20670,0.7955574121043432
plate_1483,59744716,0.38580218114377546
plate_1484,51525013,0.8260207091209268
plate_1485,59191651,0.6526006168733111
plate_1486,47RI301,0.6256339932696446
plate_1487,608206370,0.7238226608102778
plate_1488,59Y187304,0.7837031577561068
plate_1489,488128807,0.7845529731900001
plate_1490,37K46713,0.6086084739271826
plate_1491,72K125476,0.5235150848012132
plate_1492,52537078,0.6581408177195474
plate_1493,59E134192,0.8963841765897379
plate_1494,595223546,0.6560585692107693
plate_1495,51P54578,0.7713302995116298
plate_1496,59PI12875,0.5163180925412268
plate_1497,59L1836261,0.6293625882628181
plate_1498,54H15326,0.44731479446133426
plate_1499,59V189158,0.8347012353246577
plate_1500,59M160077,0.49859460925835947
plate_1501,50KT07428,0.592991235016173
plate_1502,55P62004,0.7619290296012251
plate_1503,54R47039VEE,0.5383762921953283
plate_1504,595185252,0.5587711587587096
plate_1505,590143391,0.31054247393849543
plate_1506,64K47483,0.5267654620110989
plate_1507,51V41579,0.37318399025322724
plate_1508,54P72138,0.7447739931295797
plate_1509,610107911,0.9091034929275843
plate_1510,60194808,0.428613475473639
plate_1511,63812UO4,0.1099218866175024
plate_1512,878126810,0.4849993678419531
plate_1513,59KI7102,0.40790965858668093
plate_1514,59P211120,0.8974761830807634
plate_1515,54X41983,0.643835657191718
plate_1516,59H159324,0.7919773997099735
plate_1517,5452110,0.6158891216887128
plate_1518,59U157674,0.5288106520161411
plate_1519,59P200263,0.8837326438016206
plate_1520,54H15326,0.5964108556509018
plate_1521,690105661,0.6611503446890917
plate_1522,77C129373,0.45807981008851334
plate_1523,57024827,0.6309061795473099
plate_1524,597102309,0.6301106188327037
plate_1525,59E19283,0.535367298559353
plate_1526,59U165072,0.6631530687925073
plate_1527,59ET19803,0.4552682972527696
plate_1528,59N173948,0.6566387582279725
plate_1529,59KI02625,0.5850593554268065
plate_1530,79017705,0.39578915557185024
plate_1531,59F103568,0.5353466709793038
plate_1532,5104827,0.7166769797931638
plate_1533,79N1701,0.45769971490708083
plate_1534,920142105,0.7455307641542983
plate_1535,595228834,0.8039236156634457
plate_1536,59FT15042,0.6314922412133994
plate_1537,56P25963,0.9218820769662156
plate_1538,54KL81,0.5972011574871403
plate_1539,59C1753993,0.6633989199203356
plate_1540,718259897,0.531468896969047
plate_1541,63H31295,0.8486175471717403
plate_1542,595153418,0.6983926092604017
plate_1543,595195382,0.8831908874982526
plate_1544,595244717,0.6430254159707953
plate_1545,86103139,0.30362861417186715
plate_1546,53222502,0.727035645102394
plate_1547,59H154289,0.7080898173683039
plate_1548,59FI09031,0.6287942295727976
plate_1549,78E124113,0.5605516682194902
plate_1550,51230606,0.8042907527356024
plate_1551,59HT0639,0.46680909192058373
plate_1552,59T188506,0.3110523419608535
plate_1553,595174203,0.9013460057991046
plate_1554,595232928,0.7268864478823074
plate_1555,79U24621,0.6326292668451206
plate_1556,595254455,0.4875974206895613
plate_1557,470162642,0.6972020767644941
plate_1558,54R24924,0.7908696431585152
plate_1559,59T1165550,0.5847295507485387
plate_1560,6H717550,0.23954728948230433
plate_1561,59C161891,0.40872194469738155
plate_1562,595181197,0.827539523964355
plate_1563,59205442,0.5445084919440647
plate_1564,591286167,0.5698639842016917
plate_1565,770112938,0.6708041139112366
plate_1566,59T18362,0.7687113045786667
plate_1567,59U135997,0.629138208884197
plate_1568,59TI05297,0.5345636362902126
plate_1569,59K243756,0.7768578711204592
plate_1570,95P26027,0.9881567271899647
plate_1571,7182789057,0.3622563837913246
plate_1572,2473,0.9858673214912415
plate_1573,54585489,0.7908511214486245
plate_1574,54856409,0.8005226490867644
plate_1575,39E129660,0.2921150965247128
plate_1576,597146101,0.517273863521402
plate_1577,59P152639,0.5820706097280034
plate_1578,61H59381,0.761691016087932
plate_1579,597166153,0.6042436360860629
plate_1580,598122119,0.5922438115581938
plate_1581,59ET55040,0.4204779489647725
plate_1582,59S1139487,0.2500367876770289
plate_1583,53R50201,0.7882992598776859
plate_1584,59N161776,0.39345872447458696
plate_1585,71555600,0.6881465030426469
plate_1586,59109596,0.3904460723806125
plate_1587,59K1L3840,0.4765555250349348
plate_1588,868621890,0.8168997777999474
plate_1589,54522148,0.8039815120404401
plate_1590,59C149684,0.7988651526049888
plate_1591,59EI129565,0.5573665022309233
plate_1592,595110393,0.46608145016832614
plate_1593,62K17929,0.8994761292849491
plate_1594,59E17936,0.4934209078729459
plate_1595,66L135224,0.9014973715999148
plate_1596,592083,0.6317978010242904
plate_1597,59ET53127,0.5035535204933363
plate_1598,54R22733,0.6472615747928825
plate_1599,67H1036554,0.5522697077917774
plate_1600,49E115383,0.7944603937986017
plate_1601,597105297,0.46579177092762103
plate_1602,630963020,0.39192992094168855
plate_1603,59H167791,0.5239385536106209
plate_1604,51K28501,0.7698400649291144
plate_1605,71K75518,0.678867290876237
plate_1606,59H167791,0.5689689922526054
plate_1607,54773400,0.8374506286888906
plate_1608,59C124785,0.6538584644988438
plate_1609,52F73840,0.661234372501371
plate_1610,54P72138,0.8236772124950063
plate_1611,59H19374,0.6757232775356442
plate_1612,51Y91894,0.5592384796622677
plate_1613,79Z104811,0.7069507803368493
plate_1614,59II08275,0.3139854446108816
plate_1615,59H167791,0.635116966810789
plate_1616,59C130923,0.5994971423248568
plate_1617,59H167791,0.8183011664280244
plate_1618,53711759,0.6829882836233929
plate_1619,59L145900,0.3820122223870912
plate_1620,59Y11364,0.8135861813668039
plate_1621,718112522,0.5755574641396286
plate_1622,59U169115,0.584052550285427
plate_1623,54L29072,0.55367411673069
plate_1624,59L16392,0.7050869037967566
plate_1625,638216353,0.743207201955519
plate_1626,59E1L2530,0.6906743685304919
plate_1627,54P72138,0.8705254448043573
plate_1628,59X296553,0.966513975550191
plate_1629,59X1374388,0.5518521404397683
plate_1630,69AB02673,0.7273659711598116
plate_1631,55251095,0.656521695283844
plate_1632,52FL1035,0.6727436924557031
plate_1633,76611649,0.7980754282513238
plate_1634,595181834,0.7291068999000911
plate_1635,59P183458,0.6245141762971353
plate_1636,66236400,0.6030300839578546
plate_1637,592L5387,0.4599409798491495
plate_1638,67N28789,0.5956534474191423
plate_1639,67H75226,0.6602227362265856
plate_1640,59XI86052,0.3251717490413624
plate_1641,7801108L69,0.4581323835327744
plate_1642,595155483,0.6800917958593302
plate_1643,83C117111,0.6226041238193363
plate_1644,59P218900,0.7273150546873318
plate_1645,52U62655,0.6235074851488409
plate_1646,54138314,0.57211241476254
plate_1647,59L282473,0.5153978175035162
plate_1648,608337846,0.7807441631959482
plate_1649,51H58092,0.6190766017878342
plate_1650,66P15739,0.8457304298133151
plate_1651,54K16483,0.7782259893255836
plate_1652,54F30096,0.6635954734106967
plate_1653,59E153127,0.4969210459843738
plate_1654,59B138559,0.6322318832265222
plate_1655,36F52678,0.6203785654269038
plate_1656,59FT62919,0.8685980154952906
plate_1657,59F17404,0.7722244536151762
plate_1658,5413696,0.6477908163211514
plate_1659,59C249200,0.5853891024727601
plate_1660,59U151771,0.3879863345113242
plate_1661,59P284276,0.7155038007745206
plate_1662,69C128588,0.5593028400624029
plate_1663,59H104425,0.8989210336960203
plate_1664,60C165829,0.5311323606216805
plate_1665,7763369,0.6971038859226699
plate_1666,54U46484,0.7216217618866125
plate_1667,60B89928,0.46426781857981503
plate_1668,54Z12997,0.6792854830083958
plate_1669,595107231,0.5334252601222094
plate_1670,N7087321681,0.3151999660941273
plate_1671,59FA00591,0.3393721180322267
plate_1672,597122229,0.8244389043273713
plate_1673,52F1L58,0.42033521389245915
plate_1674,5252L832,0.5904097722141479
plate_1675,77K119025,0.5273811782898242
plate_1676,60277813,0.839919126359316
plate_1677,55P48831,0.710089297907266
plate_1678,59P192893,0.5819305382559434
plate_1679,638191409,0.5249642323800503
plate_1680,59D120255,0.4230236243951744
plate_1681,597171364,0.6638078907385819
plate_1682,51R42488,0.8591380930435757
plate_1683,71FT80571,0.6661517240970545
plate_1684,53X66011,0.7483757329105323
plate_1685,608938385,0.647534799349041
plate_1686,59FI0I31636S0,0.38555807057107994
plate_1687,59H752512,0.6208330901043728
plate_1688,54799149,0.6623198562548148
plate_1689,54T19588,0.8728920465029641
plate_1690,595211998,0.9649102987432392
plate_1691,59E165653,0.520116685419262
plate_1692,54H14882,0.767436810204243
plate_1693,546177,0.6578676126535111
plate_1694,54T17232,0.7619228740677004
plate_1695,95H112178,0.5911816926799836
plate_1696,59GT85820,0.21634115883881327
plate_1697,49E105383,0.8059049038299841
plate_1698,59Y191982,0.6117896579745794
plate_1699,EME51P98308,0.8646896987117191
plate_1700,8216870875,0.5123857122329014
plate_1701,51K59102WOOD,0.41000468723652617
plate_1702,59P208324YA2,0.6108324154147816
plate_1703,O51550082,0.5154150063197332
plate_1704,78425203,0.7078176114256387
plate_1705,59P197255N,0.5822005740724631
plate_1706,59F142819,0.5827783142787459
plate_1707,54P28057,0.8297942689063511
plate_1708,95E117763,0.7449161358204512
plate_1709,51L38385,0.6208579741108344
plate_1710,796788,0.960864966757789
plate_1711,59L181006,0.7987929895187007
plate_1712,0129359L2,0.32141276355960186
plate_1713,FI82246,0.6758490637764221
plate_1714,59XI374388,0.644666547955579
plate_1715,52F33586,0.7485068695693681
plate_1716,54T20810,0.9211431960397038
plate_1717,N708132168,0.3124539806420385
plate_1718,59189412,0.4228402712840127
plate_1719,87H1Z20L,0.47466078564889913
plate_1720,542443,0.3511544466018677
plate_1721,59PT25512,0.4060531253502645
plate_1722,59T16685,0.8261292652105967
plate_1723,52452030,0.5035097656688179
plate_1724,82H108866,0.7768909832397021
plate_1725,5977771364,0.5110347464597319
plate_1726,59182243,0.9366563117020007
plate_1727,72C170989,0.7005193452083242
plate_1728,60F201949,0.5895878082675231
plate_1729,51P81515,0.5989308431744576
plate_1730,54522148,0.8115802483139185
plate_1731,61H109139,0.5363542153166302
plate_1732,60C161975,0.9066418041213518
plate_1733,928103003,0.6857451665455501
plate_1734,63520246,0.6784691346748037
plate_1735,79H57630,0.9523837652591292
plate_1736,59X294270,0.8170323082435536
plate_1737,828119189,0.7149629222748244
plate_1738,59C227415,0.7190296437800876
plate_1739,59E17236I,0.38794938231254517
plate_1740,59L150899,0.25371574377200706
plate_1741,59V25506,0.20951921384359246
plate_1742,59771541,0.6158894768200864
plate_1743,59H725460,0.5648742566125028
plate_1744,66H60786,0.7652956276224505
plate_1745,59P189355,0.4809983653380147
plate_1746,598125157,0.6147530222403053
plate_1747,52796177,0.5716496113952249
plate_1748,59520760696,0.49095894202030005
plate_1749,59M146204,0.46564889280279
plate_1750,59U15529,0.6745074863631394
plate_1751,51R52701,0.7177398428788602
plate_1752,54T36239,0.7081170581853884
plate_1753,59U184366,0.7929696699052217
plate_1754,597129612,0.6182666859865522
plate_1755,59MI61406,0.4955615308970195
plate_1756,59PI97255,0.34234826931253115
plate_1757,610112878,0.5249551671153846
plate_1758,59C246326,0.7656547474538828
plate_1759,82H1108866,0.49087632480494214
plate_1760,51F91341,0.9381291551621889
plate_1761,59VA00843,0.48644741002631886
plate_1762,012449L7,0.41267946018097584
plate_1763,,0.0
plate_1764,59C123083,0.6199872602605706
plate_1765,59FI00982,0.4539587349561641
plate_1766,59C244333,0.35524190883748896
plate_1767,5921704,0.6797023764745764
plate_1768,5907790,0.9796263259859861
plate_1769,59N171443,0.6882690951892667
plate_1770,59H706704,0.3327637695425114
plate_1771,59P186084,0.8215389303778803
plate_1772,6085QIEZN,0.38951317102755595
plate_1773,678169660,0.7982013031663339
plate_1774,59U149726,0.349830900291535
plate_1775,59FI36564,0.4779327744862147
plate_1776,595208082,0.9920576241845294
plate_1777,59H154192,0.6155105468752755
plate_1778,59P232134,0.5720947079104386
plate_1779,676106716,0.777430125097285
plate_1780,59Y192533,0.8447181642091681
plate_1781,54T20810,0.6545626455917647
plate_1782,59F171478,0.7669470327448251
plate_1783,59L24999,0.7540576210390633
plate_1784,498123254,0.25347813787454215
plate_1785,52Y35969,0.6229424768433082
plate_1786,59L148183,0.7860199350156477
plate_1787,59N101425,0.7716403012942068
plate_1788,54585452,0.6737517224499695
plate_1789,59X265176,0.9396038163653062
plate_1790,59U178039,0.7818619405875445
plate_1791,59P21206,0.4438547195041129
plate_1792,76G122607,0.929394689141392
plate_1793,491704456,0.668970371620522
plate_1794,797120886,0.6377865095249424
plate_1795,610352,0.5753333292608052
plate_1796,59XI40243,0.3724352087571765
plate_1797,59FI54719,0.647054923402596
plate_1798,71BT0140,0.8549985868542134
plate_1799,595124831,0.6967548516303993
plate_1800,59Y187724,0.3102518823584597
plate_1801,54525505,0.702450769717458
plate_1802,02991,0.5744110272989073
plate_1803,54554376,0.9452268111585931
plate_1804,66NT13034,0.8723971103571825
plate_1805,595214940,0.942171277442118
plate_1806,59Z19632,0.7637099399036504
plate_1807,608711557,0.8309085407343312
plate_1808,77H106830,0.6089495606795479
plate_1809,77C122697,0.7885878540095376
plate_1810,592126553,0.5767046135261471
plate_1811,591255150,0.8981562049597768
plate_1812,59C113696,0.5347986244150684
plate_1813,59L231318,0.851682601802475
plate_1814,59B133576,0.43236553070937234
plate_1815,59P185700,0.6618021427633074
plate_1816,59FI00982,0.7561971954421061
plate_1817,59U184366,0.7133346400555454
plate_1818,59C167071,0.6926198813620483
plate_1819,GOT35331,0.29270887568666926
plate_1820,59H15793,0.6203390336720347
plate_1821,53Y73196,0.6772638783323534
plate_1822,54H5581,0.6287680888285143
plate_1823,67N120886,0.5583203870544915
plate_1824,59FA00982,0.4876626022740402
plate_1825,59Y233522,0.7286065531084771
plate_1826,54585452,0.7871877977065778
plate_1827,59201195,0.69558115642443
plate_1828,67759687,0.547231800989559
plate_1829,718207999,0.6663580424724789
plate_1830,78K92348,0.4830774101623758
plate_1831,37E119145,0.5680524397608434
plate_1832,5278L3L,0.3900794857755427
plate_1833,79KI02061,0.6425076917825878
plate_1834,8233459P2,0.6582469345142468
plate_1835,54H44091,0.6824023466958031
plate_1836,54F23213,0.8027739015426569
plate_1837,590198276,0.7850831820262478
plate_1838,54FL5279,0.5899430960416794
plate_1839,59F49759,0.5333710163988845
plate_1840,54554463,0.6269679706048741
plate_1841,54525505,0.7061629531521294
plate_1842,60F718319,0.36465620464831305
plate_1843,597153485,0.8071459720988298
plate_1844,52267766,0.6512247210653495
plate_1845,53539152,0.730453370260769
plate_1846,59U13629,0.3998551588762487
plate_1847,72C178916,0.2942132850880106
plate_1848,59C281601,0.6733701949173012
plate_1849,62H57108,0.8247875869274139
plate_1850,7RBI979,0.28302089869976044
plate_1851,59C201208,0.5275181916527568
plate_1852,786104308,0.5498460501586268
plate_1853,5990208,0.5423962734846137
plate_1854,595109841,0.6444025966553276
plate_1855,59527061,0.8957890829889805
plate_1856,81G113556,0.833954729361816
plate_1857,60FI50670,0.9378028966334208
plate_1858,76H106161,0.722933442986617
plate_1859,597794458,0.2717650827151603
plate_1860,60817006,0.1961816464080009
plate_1861,54036961,0.6183615806456286
plate_1862,6781369660,0.4666850073148392
plate_1863,7847302133,0.41566635247752354
plate_1864,50C250621,0.5324255340618502
plate_1865,52H40236,0.5279553149603178
plate_1866,59Y226310,0.4302809070917209
plate_1867,970751HL,0.5489939036630851
plate_1868,54F24106,0.8755926757362676
plate_1869,54R30018,0.6853364464729391
plate_1870,52P20878,0.7736339494521358
plate_1871,59FT68564,0.576876330375279
plate_1872,590150216,0.6655808481853808
plate_1873,678160696,0.5922860428314182
plate_1874,54X99300,0.7790755476081098
plate_1875,477F7I5919,0.5616752864880394
plate_1876,54U54316,0.7028662308033405
plate_1877,54915558,0.624578669667244
plate_1878,54039055,0.6027339375926385
plate_1879,59FI65171,0.88076729557105
plate_1880,555221969,0.9157973448970242
plate_1881,53Y73196,0.815646364692218
plate_1882,551205212,0.42862682904939103
plate_1883,55PB9613,0.642980389940926
plate_1884,59L116511,0.7630310815142902
plate_1885,53Z111759,0.5597165894879296
plate_1886,638929219,0.7562969094771663
plate_1887,597700569,0.3324143815766001
plate_1888,52049980,0.8014344458195084
plate_1889,59106241,0.6165129117947608
plate_1890,59Y209048,0.41438007483740547
plate_1891,61G104305,0.575594101241572
plate_1892,78C119455ATL,0.5424242641512992
plate_1893,59XI2I394,0.4725424382557374
plate_1894,59L223164,0.46062605824586444
plate_1895,59X267951,0.7211123461620286
plate_1896,59H189404,0.5855166598567801
plate_1897,54RI1147,0.44476013235804013
plate_1898,55K82215,0.46879638790712175
plate_1899,71C282149,0.807467236765427
plate_1900,81G10665,0.477900789172352
plate_1901,59242200,0.4423648812478249
plate_1902,59P221181,0.9711150299808193
plate_1903,52H48060,0.7624667645111709
plate_1904,62P151909,0.8272435429406743
plate_1905,678100979,0.6233251502528571
plate_1906,59E162847,0.7323856924471925
plate_1907,59P171756,0.7954242156646176
plate_1908,54117676,0.33739278023758323
plate_1909,59B134682,0.8056946099990314
plate_1910,UUU59F211073,0.5470926117604517
plate_1911,59H160591,0.8614606743051059
plate_1912,79Z15804,0.8563687557312707
plate_1913,590795702,0.30417993404079424
plate_1914,590167824,0.48727727479718963
plate_1915,75F129830,0.441408389916249
plate_1916,608206912,0.5863247351150813
plate_1917,71C220079,0.3303786141234252
plate_1918,69C1700189,0.23151661482853791
plate_1919,54K46324,0.5661838358107147
plate_1920,590167393,0.7907139850095228
plate_1921,16F26303,0.6659490870743427
plate_1922,595226754,0.5372934007310877
plate_1923,3931572C1,0.549880458664331
plate_1924,598137858,0.7294621742014251
plate_1925,47A855999,0.6415567928261798
plate_1926,4701718716,0.5373934329561647
plate_1927,59728612,0.3878920276674772
plate_1928,590217244,0.7662723622383407
plate_1929,5539380,0.4550158773077483
plate_1930,76726315,0.7248050393905585
plate_1931,59C255006,0.8916769157936513
plate_1932,83P199696,0.9087294485439512
plate_1933,59164076,0.37656735861861784
plate_1934,60T77586,0.6465577460371852
plate_1935,50N102654,0.6356732369764688
plate_1936,72H58794,0.5060809732375522
plate_1937,54151899,0.7910090386867523
plate_1938,595212978,0.8167091564966238
plate_1939,59V153310,0.7203734018957075
plate_1940,66P15739,0.7344683940733527
plate_1941,59K196591,0.7294082826263777
plate_1942,60F204565,0.9089719175332356
plate_1943,59FI14064,0.4744677855163346
plate_1944,79N209854,0.6766988937237364
plate_1945,54K45335,0.8243516229315988
plate_1946,49G109999,0.9030775461369918
plate_1947,8811,0.9413405060768127
plate_1948,608608880,0.6515553490888917
plate_1949,6087546,0.9897856764462221
plate_1950,59C204837,0.5802380231997586
plate_1951,718272634,0.7033972422735565
plate_1952,59L138765,0.5345644998549788
plate_1953,83C122234,0.4817844457963141
plate_1954,5917828,0.7419150032373475
plate_1955,59U156452,0.6958884338961648
plate_1956,52K38683,0.9571283904164687
plate_1957,03HF6799,0.5321789151519839
plate_1958,9C128098,0.41826363913757947
plate_1959,59M156419,0.30531898125992885
plate_1960,79Z116792,0.6699712463540313
plate_1961,72K108550,0.3152667142128011
plate_1962,59U162884,0.6065092158810694
plate_1963,59C257492,0.95853841082666
plate_1964,59KI84075,0.38064048482314927
plate_1965,478799864,0.7005963306137839
plate_1966,498103126,0.5824123994608725
plate_1967,54546869,0.602985218167305
plate_1968,59U174675,0.8475637686649339
plate_1969,618161878,0.6235068355762847
plate_1970,59K144291,0.5741593674205456
plate_1971,597187564,0.637989372870087
plate_1972,59L778582,0.5635256620509382
plate_1973,54H3558,0.6958668947937521
plate_1974,37K710401,0.34459001590947247
plate_1975,59U13868,0.6668761126693676
plate_1976,597114860,0.7537226781550374
plate_1977,590159989,0.8846564649058526
plate_1978,51H22933,0.8103859008331913
plate_1979,54754498,0.7080639600753784
plate_1980,59G12671,0.41993367280213134
plate_1981,55P23999,0.8087973170239555
plate_1982,51K38796,0.7019972827834102
plate_1983,595240065,0.9422292440098896
plate_1984,59C201909,0.4667629627066692
plate_1985,596739257,0.5185067316036831
plate_1986,54P11782,0.8068029527690479
plate_1987,51RL2488,0.6640651478467792
plate_1988,59E153139,0.8624694165781934
plate_1989,5908275,0.9023078797236253
plate_1990,59V152755,0.602591543647607
plate_1991,508422155,0.7026968588930564
plate_1992,595117816,0.3218140142141823
plate_1993,59122209,0.4710518815919794
plate_1994,59V185584,0.6825008900891069
plate_1995,59T122189,0.6246148448732186
plate_1996,818187963,0.9573772592171589
plate_1997,59KI22599,0.7030936617340935
plate_1998,5189699,0.7962516157237588
plate_1999,59B19240,0.8338445863208752
plate_2000,59C106231,0.6397671946174608
plate_2001,594308011,0.9573016927448832
plate_2002,59ET51207,0.676068366356002
plate_2003,56872899,0.6772837308478117
plate_2004,59P2365,0.8251883292485207
plate_2005,52765061,0.6386689905675993
plate_2006,84L131408,0.713859586947485
plate_2007,78C114148,0.7631701671459916
plate_2008,54P73985,0.6969193565279721
plate_2009,52X47344,0.2692172367266296
plate_2010,51H3G809,0.48182074223621185
plate_2011,597788418,0.20240095685145554
plate_2012,59E118310,0.44063697516169753
plate_2013,79PI0580,0.6661801825357052
plate_2014,49KT39272,0.5896680873323425
plate_2015,52F53512,0.6227936319002827
plate_2016,592114999,0.5871390820608224
plate_2017,59H156197,0.7028314249155779
plate_2018,51132640,0.5403631288884807
plate_2019,55P87062,0.8737468070425982
plate_2020,59T123977,0.7799586809505812
plate_2021,55P871120,0.6060257467572425
plate_2022,52U83666,0.6248235462890794
plate_2023,64712383,0.7768424241034917
plate_2024,5997489,0.9243945666279835
plate_2025,597183013,0.6822601283798179
plate_2026,595159559,0.8888178088689663
plate_2027,51X9654,0.9259926676750183
plate_2028,595232928,0.7828502364790277
plate_2029,61N40663,0.9226329036762968
plate_2030,59C258256,0.5220647376219489
plate_2031,59B140870,0.40716331867106914
plate_2032,59H119466,0.7745439046395145
plate_2033,86C107261,0.6484515864555764
plate_2034,59P220770,0.7723039603518251
plate_2035,59T159973,0.9174026280353283
plate_2036,71F52321,0.8869315978629859
plate_2037,54Y93476,0.6810311546817217
plate_2038,597185717,0.9291829622557147
plate_2039,P88G52F3,0.7450128000275498
plate_2040,597096,0.9817190818181725
plate_2041,595106865,0.8895218313299007
plate_2042,597179742,0.6721819506815974
plate_2043,69F22140,0.7781833413773831
plate_2044,55PL8426,0.38517791386698175
plate_2045,59T1831340,0.37823796143261346
plate_2046,59P7733768,0.3324720115410396
plate_2047,214560Y2,0.5326817966167802
plate_2048,59Y167452,0.9028878017251947
plate_2049,70P15900,0.9778396300324212
plate_2050,59E182886,0.42881233292252374
plate_2051,54F44078,0.7962378258889142
plate_2052,53VL8609,0.7981846940565387
plate_2053,59Y155320,0.49682706559179723
plate_2054,52P49134,0.6074694088114001
plate_2055,78425203,0.6145896773567315
plate_2056,5973281,0.7081232669843788
plate_2057,70105963,0.6712997080733232
plate_2058,54V79675,0.5883900951607391
plate_2059,59NI07195,0.5474740019144964
plate_2060,59C151228,0.8404591168024907
plate_2061,71B16L573,0.34372390592379665
plate_2062,797110184,0.43916021649072307
plate_2063,54S88080,0.6212244325317684
plate_2064,51F9952,0.5684229845253517
plate_2065,59FI08501,0.7972689691996733
plate_2066,498132870,0.7312380164714926
plate_2067,850105960,0.839753609917804
plate_2068,69CT20591,0.5390777130636912
plate_2069,597127908,0.7134558297090705
plate_2070,59H71855,0.4487700126515868
plate_2071,590120274,0.7125520523899318
plate_2072,66K110547,0.7506618730870317
plate_2073,54L59913,0.6816432361122788
plate_2074,54F28259,0.8481093545067668
plate_2075,39F15014,0.6856415775957284
plate_2076,59U148850,0.5562762468396317
plate_2077,597155417,0.5452834313132409
plate_2078,68H26613,0.7060180007527221
plate_2079,55P67093,0.7527790228245186
plate_2080,67E106661,0.7290021932316911
plate_2081,54U541996F,0.40656873484345407
plate_2082,54558960,0.7791849634069198
plate_2083,72T152693,0.5636030232961037
plate_2084,59PT26989,0.8471092264963564
plate_2085,638346905,0.822427636001679
plate_2086,83PZ13173,0.8321357411910028
plate_2087,59KI86559,0.45170623399767423
plate_2088,590174283,0.7051758358908211
plate_2089,52T74640,0.8394006910961704
plate_2090,59KI20173,0.35606703691801866
plate_2091,47LI099,0.535920523397776
plate_2092,60LA76007,0.7257539678860306
plate_2093,59T181439,0.7306237079692038
plate_2094,59L110989,0.7187816074946751
plate_2095,63B436920,0.7012838156061261
plate_2096,53562712,0.4652078555224588
plate_2097,938117085,0.47199607949181543
plate_2098,54232172,0.5134795097842688
plate_2099,626109736,0.8807974755951171
plate_2100,595208338,0.6876762767384892
plate_2101,868227165,0.29305933911417614
plate_2102,54F16743,0.5526501387357712
plate_2103,63H5588,0.5926330044126651
plate_2104,597120243,0.6854181460053733
plate_2105,597748700,0.28104013872097217
plate_2106,59EI25297,0.8653448474969567
plate_2107,54Y8990,0.7268633972711077
plate_2108,590217148,0.8447801782765612
plate_2109,52F31770,0.9768622326028064
plate_2110,594303615,0.436173947282104
plate_2111,54584120,0.8800437830487096
plate_2112,84L132547,0.7491532446094591
plate_2113,59P203165,0.5765179610214587
plate_2114,59Y246589,0.5508141061248188
plate_2115,68N108117,0.6258331382390272
plate_2116,59C139113,0.34037013226610563
plate_2117,595231606,0.6940150870121085
plate_2118,523802,0.3402654388290897
plate_2119,595245275,0.8013951917248454
plate_2120,59X9573,0.6936103440625531
plate_2121,71557611,0.6641332237802599
plate_2122,78E124113,0.762281450756563
plate_2123,55P60839,0.8480607039147124
plate_2124,638512514,0.5470823321705816
plate_2125,59F121704,0.6765049479550486
plate_2126,59N187957,0.7224044291105727
plate_2127,59U151595,0.7277239014759606
plate_2128,59XI24340,0.7370888056765772
plate_2129,54N95449,0.7230962700167822
plate_2130,5952316060,0.564542482861656
plate_2131,59M197580,0.5759111291015093
plate_2132,54752159,0.8427718579769135
plate_2133,59X297772,0.9817690598652149
plate_2134,690704258,0.5200956566853531
plate_2135,59P211179,0.7366017230640045
plate_2136,59U109278,0.6520990632497147
plate_2137,595231606613,0.6316656853677661
plate_2138,59T135415,0.5689270122655743
plate_2139,59X291071,0.5157873788033809
plate_2140,597164455,0.36134098060320663
plate_2141,51557559,0.6459769416887885
plate_2142,47C115294,0.938326632757825
plate_2143,59FI32210,0.7108799689531506
plate_2144,51N21890,0.5256010573417459
plate_2145,608552333,0.6073527942339938
plate_2146,59Y154776,0.57712859058452
plate_2147,51R30737,0.6850726492459003
plate_2148,54P9587,0.669761911034584
plate_2149,597180203,0.7914972897355304
plate_2150,63F68L11,0.5146406995899336
plate_2151,59X262721,0.9695615793432315
plate_2152,83P261457,0.6959492998625582
plate_2153,597180203,0.642430583302992
plate_2154,59C241473,0.6335546064482664
plate_2155,598123468,0.5886711895597934
plate_2156,77F121626,0.8777446702447821
plate_2157,597171692,0.36475108107680265
plate_2158,47C113770,0.8624672678204743
plate_2159,62L120995,0.8245888956452394
plate_2160,59V159230,0.44276190242878477
plate_2161,72T28629,0.7139911443780662
plate_2162,52P9520,0.7545749027038213
plate_2163,68304426,0.47003470959026333
plate_2164,59H106028,0.5640135578158519
plate_2165,608316391,0.6207115124361826
plate_2166,60029890,0.5308312011396628
plate_2167,77X6954,0.7765213525991675
plate_2168,54723353,0.7060536812777503
plate_2169,488101442,0.6789901491270397
plate_2170,92287156,0.7182874418148458
plate_2171,47C110564,0.6003422698690022
plate_2172,510352,0.5800021417372779
plate_2173,59P198663,0.7874139144085085
plate_2174,76K3369L,0.6413757528366759
plate_2175,54846324,0.5353538315440349
plate_2176,590165455,0.4793352042097371
plate_2177,59V109869,0.7704548564835878
plate_2178,352,0.9992587171933486
plate_2179,51H21476,0.4935385126794619
plate_2180,54K64172,0.3903871163036883
plate_2181,595159694,0.8184778442844834
plate_2182,498161183,0.5436505548058321
plate_2183,59211347,0.8242402409251801
plate_2184,62K51250,0.6574411366565103
plate_2185,59U762231,0.5770709568333944
plate_2186,54S19755,0.5033738078854217
plate_2187,59S144895,0.7024470708898998
plate_2188,55P10009,0.9699569720156027
plate_2189,54U57406,0.585037114319954
plate_2190,71C2BOUOG,0.23976024141448532
plate_2191,UB221199,0.573585987387542
plate_2192,596125121,0.6117786933831147
plate_2193,59H184159,0.5369193640117658
plate_2194,7921580L,0.66131095637613
plate_2195,59F176597,0.7325193369376666
plate_2196,54785033,0.692494629137138
plate_2197,79LL0995,0.6063318755295927
plate_2198,77K29950,0.7932189238656026
plate_2199,59Y224614,0.32159503672288314
plate_2200,6210957,0.3433546133886092
plate_2201,595175715,0.6850997416370228
plate_2202,59G196577KT,0.7360801097468741
plate_2203,59F154573,0.4755286423770634
plate_2204,595141803,0.8019427724156729
plate_2205,59C128740,0.5629016062273628
plate_2206,59FI62478,0.3956528409909601
plate_2207,5949944,0.6378022090896718
plate_2208,59197998,0.6479601248343969
plate_2209,59P223930,0.7958435386520716
plate_2210,52524832,0.6259955973799037
plate_2211,671708347,0.5749589929364499
plate_2212,59K153782,0.7774441399827543
plate_2213,83C117111,0.6976715477080284
plate_2214,54P24739,0.9071297562291951
plate_2215,59H702636,0.7877153583888817
plate_2216,78C122179,0.7821042718885609
plate_2217,595223243,0.4423585059658544
plate_2218,72K67070,0.9732081809895567
plate_2219,17K29950,0.7755870213866711
plate_2220,01U700276,0.35588225323622946
plate_2221,7FH76992,0.5416533413190873
plate_2222,54S46869,0.6938206404447556
plate_2223,6270957,0.89863094157451
plate_2224,594308640,0.8454628883476887
plate_2225,59Y28744,0.6169469130177598
plate_2226,59KI85250,0.4135859861027332
plate_2227,59XTT41819,0.2513869217983713
plate_2228,59PI29381,0.3068278179097744
plate_2229,858102836,0.3651581587632385
plate_2230,76U11517,0.41861581178884016
plate_2231,51U71598,0.5976996737430895
plate_2232,59P166480,0.659755749327235
plate_2233,62NT36934,0.5857558724141323
plate_2234,54H33457,0.6768607167469816
plate_2235,59CT16349,0.7687445588417355
plate_2236,595199891,0.9591991862152862
plate_2237,59F118461,0.7938756455995009
plate_2238,59M193305,0.5256928463856616
plate_2239,59192411,0.6239395419893722
plate_2240,59XI69592,0.478671966487611
plate_2241,59T162133,0.6094742701915021
plate_2242,54425696,0.4490472901574974
plate_2243,4719859,0.5765348434527036
plate_2244,59H152697,0.8810520387098701
plate_2245,51U25965,0.5751846130594137
plate_2246,63H31295,0.7450508987644585
plate_2247,597155424,0.6451901278646571
plate_2248,59ET8343,0.502892113616545
plate_2249,51H32153A,0.5997051634859291
plate_2250,0067778K1,0.9435923592882329
plate_2251,52U40050,0.6334479560890545
plate_2252,595195762,0.7665832547244354
plate_2253,9B12267,0.8072430342969168
plate_2254,5455031,0.709645271726895
plate_2255,59H187668,0.6819950236120932
plate_2256,59V191460,0.781820015230166
plate_2257,086827201,0.7062408057416514
plate_2258,93E105119,0.6644433489835079
plate_2259,53P26531,0.39457463200595444
plate_2260,68X122306,0.5813765510786957
plate_2261,948119580,0.6409154544677937
plate_2262,590106399,0.6341713604395808
plate_2263,59C256237,0.7351542388934538
plate_2264,59P200263,0.9184810153083669
plate_2265,736112684,0.6387809629368575
plate_2266,85C123992,0.6794008215350218
plate_2267,52785761,0.9016991021277638
plate_2268,59T100381,0.5665600441971457
plate_2269,59520R418,0.544373636418945
plate_2270,5901NULLL440,0.6193522546908623
plate_2271,60Y77002,0.8560598162099442
plate_2272,59G186895,0.7119867532010328
plate_2273,51H32153,0.725294212601878
plate_2274,59H168876,0.6200629230384275
plate_2275,818138746,0.6356749940240887
plate_2276,65108396,0.535334959994868
plate_2277,5951767082,0.4694917950686149
plate_2278,82B119789,0.4479039270403547
plate_2279,23M73521,0.5266301736951915
plate_2280,618186588,0.7866524649394446
plate_2281,790115814,0.40467404811958896
plate_2282,51R32161,0.7417202947765333
plate_2283,5118088,0.5882345317507481
plate_2284,298110559,0.6210185398986532
plate_2285,75428428,0.47276478763738844
plate_2286,59U149726,0.6095014648049559
plate_2287,61T122609,0.6568313480394619
plate_2288,43SO0133,0.5200822190251643
plate_2289,66K49407,0.7457772983812722
plate_2290,59M181859,0.7387572074986839
plate_2291,598172338,0.8295994744382381
plate_2292,65U24787,0.9024433483328012
plate_2293,59EI50988,0.5795619206971298
plate_2294,86XI5955,0.8688373877946434
plate_2295,595126208,0.7304127901176275
plate_2296,55X20010,0.9347539640161313
plate_2297,50721594,0.7448861398626463
plate_2298,59C180543,0.6512127691889829
plate_2299,59C282471,0.323965733533533
plate_2300,16295425,0.6317713445464473
plate_2301,59H152576,0.37511803736164206
plate_2302,56153444,0.5359429441297339
plate_2303,498145348,0.5303476458356936
plate_2304,59C167790,0.8093910936398716
plate_2305,92HT142107,0.5438330693166706
plate_2306,51H36696,0.7710640657223993
plate_2307,16P9620L,0.6532020786626007
plate_2308,60U29125FV,0.38710890925218755
plate_2309,59TA00229,0.26950025593896654
plate_2310,595144895,0.3973994927544046
plate_2311,66T26685,0.5537819706552696
plate_2312,93C102079,0.5190985695874385
plate_2313,59F125123,0.440118027048542
plate_2314,79N718893,0.1329840311279708
plate_2315,1FT28472,0.5047160315455562
plate_2316,59EL9285,0.17243719757848106
plate_2317,59C143685,0.6159843902498516
plate_2318,59H161290,0.5149980198652482
plate_2319,63917784,0.5664080551017874
plate_2320,59E158720,0.5388965405114772
plate_2321,54X82567,0.6065758735504329
plate_2322,5981291175A,0.5409021759533531
plate_2323,595149525,0.6553407087498864
plate_2324,597146457,0.3491952660088872
plate_2325,59C35132,0.3993536255510042
plate_2326,59F1109865,0.3990774923555765
plate_2327,59C165515,0.9060525186576676
plate_2328,59V145217,0.7634813119627788
plate_2329,597169592,0.6694558510152481
plate_2330,59F159997,0.6926591767215113
plate_2331,86KL4616,0.39466541003319544
plate_2332,86AA01079,0.3986923971858884
plate_2333,59M775012,0.333513596892906
plate_2334,598101554,0.5685708798611246
plate_2335,50N112582,0.7494033958975326
plate_2336,59V221604,0.4931248983729917
plate_2337,93F97406,0.5261915398976097
plate_2338,93P179867,0.5877647157564763
plate_2339,47R12443,0.5986393749658467
plate_2340,SA29817210,0.3257159026956334
plate_2341,590185619,0.35629044602859333
plate_2342,59KI66958,0.41006867260535773
plate_2343,868340430,0.7155458070100362
plate_2344,595163497,0.5516378776938609
plate_2345,84L127271,0.7493917832769985
plate_2346,59K169323,0.5554601403772633
plate_2347,59YI60271,0.48024960470276423
plate_2348,77G125159,0.7243344633144715
plate_2349,59T192715,0.6764797537818896
plate_2350,79K2209L,0.6516064693036261
plate_2351,608558583,0.8847788734411989
plate_2352,54Y99149,0.9659941175907536
plate_2353,52H90589,0.7065588071874596
plate_2354,54U24957,0.46560587066183146
plate_2355,59FI21926,0.8082380660594047
plate_2356,595100685,0.7723511982125579
plate_2357,63HC0538,0.5596633003069551
plate_2358,59G161590,0.7555409590361999
plate_2359,595240017,0.7720554954174209
plate_2360,59E163978,0.7360920154034336
plate_2361,59Z205456,0.5825722507088611
plate_2362,59153122,0.6624374494067184
plate_2363,597167747,0.537884957123455
plate_2364,52U874577,0.19818609135917833
plate_2365,65XL4850,0.5192004504214911
plate_2366,50K18689,0.6007390303143714
plate_2367,59227345,0.7294723661867724
plate_2368,52P281461,0.4792643875659912
plate_2369,0114472FI,0.8110376197881116
plate_2370,84G122593,0.6265008966620234
plate_2371,78H10011,0.5919135496952921
plate_2372,54PL6793,0.5677837039392692
plate_2373,54T1995,0.8530169653727622
plate_2374,59P213159,0.7680317421399235
plate_2375,5428876,0.8804512281831607
plate_2376,59C76I162,0.5506106079117603
plate_2377,59C125110,0.4597230619975622
plate_2378,59FI13060,0.47196002601936193
plate_2379,590183414,0.9781223766608182
plate_2380,597134738,0.638747994195862
plate_2381,798125990,0.47762508917366464
plate_2382,591160778,0.2156969544274805
plate_2383,51R32161,0.9238692131998587
plate_2384,59C259392,0.662385656486378
plate_2385,55P84339,0.8170072610261244
plate_2386,59FI20066,0.6154750158688291
plate_2387,54K40723,0.7313547931751356
plate_2388,50184900,0.49172670821570036
plate_2389,,0.0
plate_2390,HUNU590206973,0.40148484904662113
plate_2391,79H36211,0.636598608748357
plate_2392,59C770173,0.28177369041498035
plate_2393,59U791897,0.4882204243139983
plate_2394,59V17832,0.5768053699458529
plate_2395,59M187173,0.7194305474673699
plate_2396,59K1653173,0.28615646568514674
plate_2397,608322083,0.929669060294469
plate_2398,53X86503,0.6072830022161245
plate_2399,598281428,0.39937404618131633
plate_2400,592202768,0.5266205074507488
plate_2401,54731538,0.3700950701289692
plate_2402,59259252,0.531480544722025
plate_2403,590108861,0.8194762301801561
plate_2404,6LKIT04348,0.3080357875600691
plate_2405,59M173948,0.5929795482362508
plate_2406,53R8556,0.6527166831106925
plate_2407,56H1882,0.5537770177877684
plate_2408,597158447,0.6961691479851002
plate_2409,54592073,0.8575458228588104
plate_2410,54892073,0.5861757900858537
plate_2411,595201079,0.9272161644741906
plate_2412,94KTT2426,0.5283291555661755
plate_2413,72H73221,0.7333770774210369
plate_2414,59T160574,0.714802927991981
plate_2415,597100985,0.7545223038457971
plate_2416,59ET04144,0.32456493845236634
plate_2417,54L48062,0.6852276474237442
plate_2418,59P223050,0.9025415348709005
plate_2419,59PI33202,0.7092703151301888
plate_2420,59C156086,0.7142556219295204
plate_2421,618181345,0.6971624232026506
plate_2422,55PB5535,0.6816188578473648
plate_2423,54RL7039VB,0.45336241050599974
plate_2424,52Y65446,0.9547598659992218
plate_2425,59FI38151,0.6991484590820902
plate_2426,78N25941,0.7879413104632162
plate_2427,52T72746,0.6468975722048507
plate_2428,59FI68955,0.36777105855891284
plate_2429,59FI75158,0.37089448622389454
plate_2430,WN608975564,0.4484578699696182
plate_2431,5105107182169331927,0.6411627873073055
plate_2432,2CLONGOUAN8286,0.39097695458145754
plate_2433,51644203,0.3649034742929658
plate_2434,ICAGTHN57573823252OMAN57RTHGNH1900KCONIFEICOM,0.4509951501478186
plate_2435,6IN9396551915,0.7962459661847654
plate_2436,GSDUAIIPFGONANNAETTLRONH80100COMGM60261867ENTRAL,0.3064089681209864
plate_2437,GENTRAL60261861,0.7456913598311049
plate_2438,59XI64689T,0.5266720250339306
plate_2439,670729109,0.19934253832643864
plate_2440,51B1391951B13919,0.7670295572971163
plate_2441,61C1312S0LO152641959ISBISTILSCRAKTRAI2OITAC,0.27265307112627934
plate_2442,U4718350531SIC,0.4217923928238119
plate_2443,ISUZU61H02708596222,0.39261275578988497
plate_2444,2I2OORRIO005IC70398,0.33261261103398504
plate_2445,C8GM202SI0ISUZU51004162,0.6021666085678173
plate_2446,51K17276,0.355295155072857
plate_2447,51K17276,0.9336706363794023
plate_2448,WBANZUANLOHOOAAI22145CRESSWLI0604200051K55325,0.37238345464097505
plate_2449,HUCPHTLNL017N48G7IPRN07I8LCHHHAHCNGTY0PXANOKHXIYDYNGTHUNPHTFOOSEMOWDUAICHIOVONINEMUEATPNCEILMVIEXFANKSOMNGASML8GO2CDSHOACUONCMHHINHNGTYTHRNSXXDDYMKHIGING097281007PNNMENMALHHAIO1900KAKHOHIRUONOOH8A0NKUNYPTIMIRLPUOURKINLIGHGOQUKICCILWONGDUCGPDYEGSYYLONGCAWVY7011DUANSI7IBYFGO0185A53ISAWGLUNHQUDUNUOICIE09101007QNIDCCMGNUCMIAANHHHXIMTRATACCHANMDAY8086CAFULRIANGOLBOKNUOCCIAIKHA0962206706CARUDICNTVOAIR0382208770007I0969Z00CORABICNGEPO86OLDLLADOS0972501007UNASFAORA,0.198085274171116
plate_2450,IOAIV7H07557I762OL,0.2955462735634295
plate_2451,,0.0
plate_2452,6774922,0.5205209744626493
plate_2453,CHALSER06639513,0.17180908274133047
plate_2454,201S0THU,0.06226997262942935
plate_2455,CN8AM2COSOBIHOIDUHK33092OUECIOKHOHRLON6IF62200516NCEKO,0.13881949396277432
plate_2456,51C920072225272,0.38518939868219587
plate_2457,AVAUKUUNEAUEQAILIGYUOCMIA1608BARR5752,0.20357729922388831
plate_2458,SC17BL31351,0.5194076761726022
plate_2459,51C92018717BL31351,0.608746915275192
plate_2460,ICUOHGM6EQUILMGOCIOOLIGCINCIRSIC9200759406909SUNIY,0.2184600718097839
plate_2461,41BHOACUOKCYOHIRUONGKCHUING51C92007,0.23841858196659274
plate_2462,HR4,0.1368871615386073
plate_2463,5IK49181OAN51C92087,0.4684559220568579
plate_2464,GM676FI25700,0.41137710572980957
plate_2465,51C92018759X190018,0.5427159979757888
plate_2466,66ITIPNGI50986047515,0.5316971753548563
plate_2467,SNMOIC592211L3,0.29222611993018643
plate_2468,22PR,0.0557794302555005
plate_2469,ANDU56G58IODIA74QWUI1SAUTO51826643NG,0.4858614150253874
plate_2470,OUAU76U1085,0.4817498673260663
plate_2471,669,0.41129399942501155
plate_2472,QUAERG51695177,0.4160124216477993
plate_2473,O3WS4SUEKAIUANMG1MDAYOK7100COC038AUHANRA,0.2531113178574637
plate_2474,89042UCWUFAIPHHANSFNUG0M01007PNVRUDS,0.15065368158357045
plate_2475,QUANHOMNNOLA5376190377KI38154,0.28894176005575467
plate_2476,59E275067,0.7655964051511445
plate_2477,CMGXIMGOK0262200100E7T87324,0.4624213627895233
plate_2478,NOCTHAUHHHIUB084029205,0.2118330768820583
plate_2479,QUANSTBETHERE033295E2,0.2683055689807753
plate_2480,5S5382,0.3280711756854918
plate_2481,H1186UORL8U1LRRNNL4IPHTLDI08723010010917448578DCMEWOURHEXGTYCOPHNCOKHIXIYDUHGNPHTACN8GO2CSHOACUONG20PUAONEE6728107KHOAIRUUNKSLONAHCN6T7TNHSXYDDMKHNE8GON922520KONAQFNNQAAUZMUUIDCWONGMNNLHHATOKULGLRSQUKIEIU7A2L205WPAUTPTHUDUCDT02822144925KASSDGSACUNIHD4898DUT4TIAISOSY57N21807UII48IGLANHOUN0972301007CMGNCMIANNRNAMTRAUHHXICHANHDAYINGFULNUOCKNA30KBOKCARDDIENIMOAI0200809COV012820DT0CTZOOODNGHFOLURIRNUOCTAC61A1,0.17915036636677809
plate_2482,610229625,0.7642729116103131
plate_2483,ELES0711,0.07894999347627163
plate_2484,KOS9689W007TRMDLR67MZ,0.2841490164184915
plate_2485,SIO50FQ024,0.2952854726375818
plate_2486,51073600OR2505,0.4950958419799048
plate_2487,GOC52011,0.7181199922995225
plate_2488,SIM8ORRDITANNIIY5145342472,0.21909535318875445
plate_2489,51031211,0.8198801914823701
plate_2490,RUOCMIATRATACCHANMDAYFFIAVAEGIECARDULO52P8465,0.2671540910339779
plate_2491,HE,0.21588462684815823
plate_2492,MIAA40OIANPTOAIZE575260,0.21341624773405224
plate_2493,ONSOGURVEIIEASAY50E05823,0.328371331738648
plate_2494,1661463261,0.4526814801896455
plate_2495,51677636,0.8334916256513716
plate_2496,MVN8GO2CDSDBHO4CUONGNRESXHOHIRUONO6IECO801,0.16726195599267124
plate_2497,NGUEVSOG,0.8228248608979944
plate_2498,KHOH015597,0.2599749397903815
plate_2499,N200,0.4197151951249048
plate_2500,CHN105101557759717138449140390,0.6379752706899919
plate_2501,51015577598532,0.6188379666690036
plate_2502,51015577,0.8977884117804023
plate_2503,5T80897,0.1107475676293168
plate_2504,51015577,0.9512021503556991
plate_2505,37PI1O27,0.23787318559897103
plate_2506,NDGR51015577,0.42808073396683566
plate_2507,510557192202,0.6185507795625252
plate_2508,QCLONGQUAD254H051Y1380,0.29994737912328645
plate_2509,283SUZU50H17561,0.4768376846862956
plate_2510,CUOUARUOC9E5678120308,0.2882656029450752
plate_2511,61763261,0.3991774571109749
plate_2512,DURIECDSBIKOAIVNCKHOLIRYAOEQUCONGDUP012,0.15545311507310966
plate_2513,DCLONGOURN5759GROOS,0.3631382631247323
plate_2514,LENOG2O2OARESI0704,0.1560223613198085
plate_2515,667283,0.7116779813447762
plate_2516,IVURCOMCAXI5674283,0.5869619537017182
plate_2517,CKNDBCVVRIGILI515LUUHSUINCM51K46302,0.279229167647179
plate_2518,61VAO61C4277026681,0.2956909597730809
plate_2519,V4O51406612,0.24378638902779798
plate_2520,651406612,0.23444753939552654
plate_2521,UUUU0837357785L1395829635,0.38643456111034574
plate_2522,DCLONG51690111,0.3407570417666442
plate_2523,KULYGLSQUKIEAGGIOR77C06720,0.3549572221137266
plate_2524,CANIR510792573I180,0.5162181187937914
plate_2525,GOOHIKD61D,0.19071061078852225
plate_2526,UGCLONGOUAN9ONINN,0.3393039782373191
plate_2527,CMIIDAYMANC0GIATKHADICMTMOAL7788266463,0.3631589322759268
plate_2528,DUCLONGIIIIIII8NL6IVAODUANONS597212456,0.3399653936593631
plate_2529,CURIE2COSBHOACUOXE167XHOHIRUONOTEE4M5S130497INIQIN,0.3015095765149345
plate_2530,KINLGIIGLANDSIMWMWI3OKE,0.0674133371838723
plate_2531,SUULL712,0.10651322081217787
plate_2532,9I0CUVHUDINGM1200700E7I65491,0.3424530530491745
plate_2533,,0.0
plate_2534,OCLONGOURN61419875,0.3299405301175537
plate_2535,EKNO67419875,0.08003155399570924
plate_2536,02MW129277HOINKIONOFR6179875,0.20675981889024092
plate_2537,RAIIWVA5262R61482463,0.3057655762508754
plate_2538,295IA193560,0.35260401219127896
plate_2539,OIG6257H,0.45500539427763886
plate_2540,51GE,0.14434204294225883
plate_2541,CRV60A62734,0.4462001329090091
plate_2542,,0.0
plate_2543,52I0230,0.608431302011013
plate_2544,57755,0.17805579419520418
plate_2545,840129996,0.7764468638310484
plate_2546,95E187299638Y44610L,0.5139265116644012
plate_2547,9X3873795E17399,0.4533116994430999
plate_2548,51,0.1246375189907845
plate_2549,FA,0.13200373123704784
plate_2550,59K1165139,0.1747651075774805
plate_2551,1944A60IGS0665,0.41175635887956563
plate_2552,AL665,0.7244405956006089
plate_2553,,0.0
plate_2554,8,0.23535491658894703
plate_2555,59X1752894,0.4793806851650865
plate_2556,,0.0
plate_2557,,0.0
plate_2558,,0.0
plate_2559,81KC5959,0.6281798636400934
plate_2560,W,0.8099171325898311
plate_2561,7786177012151934342,0.38218699953808116
plate_2562,,0.0
plate_2563,95E09178,0.2940284403620122
plate_2564,2816572867777H9,0.5027687858847929
plate_2565,62L183567,0.6440435924154361
plate_2566,69K216298,0.6233874051094889
plate_2567,769152182,0.44179780931204327
plate_2568,WL,0.30471980009252275
plate_2569,59026466KI99227410,0.7676452939817968
plate_2570,3887853,0.5638379361693169
plate_2571,180,0.5187827348709106
plate_2572,61C19579NZLI54,0.3312054974019151
plate_2573,7F11050450F3167411,0.4550102098005594
plate_2574,78F11058460F367411,0.6557000351797833
plate_2575,D4E0452,0.11741045635727415
plate_2576,AU27054,0.2930947902049231
plate_2577,59PB810065,0.25210184228725235
plate_2578,68679Z159X130452P874768336,0.6343082669407533
plate_2579,AN594189171,0.41759476797311557
plate_2580,NGER597820430,0.24914235331714707
plate_2581,BSNCAKGNGIAYDPIQUANGTRUNGENBSNCE39458CIAY5911,0.3663346371871969
plate_2582,59KI89458,0.2231609960066252
plate_2583,SHOPRUDUTASUGIA5T41275XLZ7CU0MOINATGO,0.33856146998771863
plate_2584,DEDCCTBAOESSATEYIAL61690260,0.22443351061404987
plate_2585,,0.0
plate_2586,M99KCATBAOEQWEEHIEA269KTE01REMTOA026051K66458,0.2195388773619997
plate_2587,50E012609026666E,0.3913303843152579
plate_2588,51165458670180735,0.2548220906425643
plate_2589,G9KUILIFUCAALHG9XQUC269KUALEILEF45E,0.18473001216072044
plate_2590,GUIKCAIV59I519132,0.378525307267555
plate_2591,2S59T797310610212784,0.45891970564941503
plate_2592,55059C316178,0.4606879328798055
plate_2593,51693612YS55X24966,0.39777330548012935
plate_2594,77K110683,0.5799669669957478
plate_2595,NOPOU5225159028379283CT16109,0.47528226461913325
plate_2596,5169261259Z03792591281259T1265729,0.5692277330742076
plate_2597,99KDIEM0N199KWEMHUNC269KRCKIWREKTOAK6LS501U761,0.35187916181909223
plate_2598,4UICICUA1CALCUNG8OTUOICNGPILALATOUIOHEMTIMSOADITITCXINGYNBAWLAKHNGDEAETAIDIXYOYHI61693613NAUK,0.19849236888871877
plate_2599,793485071104761,0.5014059284907396
plate_2600,51K51828,0.6132434071901142
plate_2601,MULCHCTNG912908E4A7YEAIL5105846993P2220763,0.32637402995717185
plate_2602,159XG00673,0.7492454940972832
plate_2603,8GOLLUS60FL08272,0.44952743018569785
plate_2604,17130601964350TT17142,0.49613411220849263
plate_2605,616525486155461,0.7330286882587794
plate_2606,51F87323,0.5032371863861029
plate_2607,,0.0
plate_2608,60F20566,0.6654401642575498
plate_2609,GROO00595H214328,0.4296928150840304
plate_2610,7C0710167C071017OG27272,0.5687261613873857
plate_2611,FOODFFSODKAFFSAR72C29859K3L9107,0.4883943390922979
plate_2612,UFSCDKAFF8510C2591219107IFESD,0.2691693789387327
plate_2613,61R58879,0.6307837973291337
plate_2614,5TF36169,0.8897306184983551
plate_2615,9895459126696,0.7707139832595845
plate_2616,59X267216,0.6539747714933979
plate_2617,77FI27785,0.3767342154352552
plate_2618,PVOIL59571P7802,0.4282573354538857
plate_2619,59YT43044,0.48665148350983733
plate_2620,5IF8233860867856,0.4342785330536835
plate_2621,595208923OUTUOGRIP,0.5345642834040747
plate_2622,MCAYAL50Y109634CM,0.44768565672597677
plate_2623,SALDUNBUS51832932084,0.39921528148914515
plate_2624,1281259V301472,0.6929558695326556
plate_2625,595186088,0.9734713545949873
plate_2626,51816160ZUMDOID59K152254,0.4421794356448011
plate_2627,SAMCO70N51816160ILOIPUMPHIEN59XI158254,0.3917920633463039
plate_2628,SANCO51816160ZNPMONR58254778D125693,0.49358711746053974
plate_2629,YS,0.6621402524055874
plate_2630,59130670L59388578,0.5416896685991976
plate_2631,59F76595,0.5973448786893917
plate_2632,9720659135528460B8188995,0.6437837242288822
plate_2633,7701037,0.4907605544865701
plate_2634,QUIL8UDDMOHI950972,0.16844631708697239
plate_2635,5980347,0.495977306008879
plate_2636,YAEALB,0.19767591320155087
plate_2637,5148314259T216607,0.7221424947952695
plate_2638,60C221089,0.8417680597553565
plate_2639,51F0233147T10387,0.7610881329544316
plate_2640,SU,0.9359991776814255
plate_2641,EREEND59OFFICAL19442,0.571736568676476
plate_2642,50G008155068888,0.40400585475096057
plate_2643,868MAK67P12099,0.5961203622306798
plate_2644,,0.0
plate_2645,GIA0778070FI,0.7125131345910477
plate_2646,51B2661951B26619XL0I04LAMPHIEILKHIXERA507111006,0.6332718347815184
plate_2647,SUZL59369012,0.47592093555325327
plate_2648,32SI0884159K3690125988842,0.5608501289504984
plate_2649,597241005777059205,0.4575936417732116
plate_2650,KEMPRYI228SUZU5OH7067,0.20713001919390178
plate_2651,67021334,0.37213525782355195
plate_2652,AGAAE60F392663,0.6390027911574491
plate_2653,47A47647,0.2445795344004294
plate_2654,73E1177,0.6442609534427584
plate_2655,CELLPHONE58HHIAOUS598877GI50150,0.3617486849770855
plate_2656,47E113102,0.33004132363766714
plate_2657,5965497,0.6271687217604132
plate_2658,0465049OUZUUL119095745965497,0.5015614962021484
plate_2659,,0.0
plate_2660,GOEK78G160,0.6072505932540798
plate_2661,5IH61587,0.2658872317868888
plate_2662,TI0518087E83723,0.5285068290534052
plate_2663,59712528,0.19812385186976172
plate_2664,59XI58588,0.5288527755753776
plate_2665,77C258792516,0.582387553935621
plate_2666,599115104L,0.1486427709204357
plate_2667,71C205421,0.8532375687802498
plate_2668,9FT68690,0.28695123459099525
plate_2669,VNE593158189,0.3258223056574648
plate_2670,57520126GFD71627O01153,0.41618072054401295
plate_2671,GROE5224127,0.43116269440988225
plate_2672,79AL00119,0.4274472173709287
plate_2673,72104318659712100,0.34241212319962494
plate_2674,COROO78L125527,0.5043065468043484
plate_2675,OSPOCELLPHONE5RFOA79539267,0.44443193526014635
plate_2676,665136385,0.8546715848770116
plate_2677,D10985528826,0.349837187920668
plate_2678,8279E21924,0.6381004626387731
plate_2679,61648767596174560,0.46252797925111694
plate_2680,59YT08380,0.263708486200964
plate_2681,5160996456P23135,0.9580335028349406
plate_2682,516099IWNESS29KT68442,0.6608449004935343
plate_2683,3ESS75H63787,0.3326422399530037
plate_2684,QUS51H23283,0.5402993262152166
plate_2685,516B4G04,0.5837675071204316
plate_2686,GSPORTELLPHONE5IWIMOA51684904507I7250AHCMOVE,0.5334006077241452
plate_2687,EUONONA5011102761LUB,0.13298078822706433
plate_2688,6382190679O,0.544893615733585
plate_2689,6217190121,0.6451804858394867
plate_2690,0885100,0.17644739894850062
plate_2691,51F7938559YI28099,0.6863755612427468
plate_2692,7938584B20575,0.389672162338594
plate_2693,,0.0
plate_2694,,0.0
plate_2695,510E,0.1919109111186634
plate_2696,2375,0.3746022880077362
plate_2697,XETHBO50LD13192,0.7678386898869283
plate_2698,EIE,0.3186994291493722
plate_2699,51F83514610229793,0.508786198805339
plate_2700,59K52194,0.35006944601525053
plate_2701,,0.0
plate_2702,SRNE2Y5B017511,0.20228832386863735
plate_2703,ICTINAELNLHAG1DALAMPHIENRAV1B06206395,0.17533699928866955
plate_2704,591205161,0.18313269047605527
plate_2705,,0.0
plate_2706,,0.0
plate_2707,,0.0
plate_2708,,0.0
plate_2709,3FSOD920129667,0.32104723456101186
plate_2710,,0.0
plate_2711,30657EAYE4,0.1253450469397114
plate_2712,6010057,0.2460308135945632
plate_2713,,0.0
plate_2714,,0.0
plate_2715,L3880,0.4310364533917266
plate_2716,,0.0
plate_2717,72190279,0.6548221141359136
plate_2718,,0.0
plate_2719,,0.0
plate_2720,1,0.36669598925422875
plate_2721,6507651,0.4225311612751043
plate_2722,,0.0
plate_2723,,0.0
plate_2724,760101998,0.3743698257906364
plate_2725,59X3132614,0.5024337094598856
plate_2726,MW,0.06818984483897775
plate_2727,59729989,0.2584653468059528
plate_2728,BC9,0.18749980086771942
plate_2729,604T510,0.2293584951047507
plate_2730,8783121596,0.601421064382758
plate_2731,1L66OF3,0.2961689718067646
plate_2732,667ILBL2,0.28479345869965617
plate_2733,7323,0.5264484791306377
plate_2734,,0.0
plate_2735,5981U1L107,0.23912847820259808
plate_2736,60AK06873,0.8716084809807388
plate_2737,596106550,0.2966907834009494
plate_2738,596221538,0.7979251829200125
plate_2739,61U28604,0.8013310449484471
plate_2740,1UZ0604778287593,0.5591599843362425
plate_2741,760125522,0.9457085671658205
plate_2742,15204059YI,0.47727257488458374
plate_2743,8827797296995,0.4493029908180617
plate_2744,7249KZ96995SWOS,0.3399393487029356
plate_2745,IU515148IKUY38907GAV574,0.30151030536637236
plate_2746,PR51438907,0.5262347933832716
plate_2747,EARSSHHUYL88987BIXMY,0.19121623496617768
plate_2748,1831YRHMNIERNN,0.44568081545206667
plate_2749,,0.0
plate_2750,6597SAIGOF,0.45061888869572186
plate_2751,,0.0
plate_2752,512,0.10598364641451201
plate_2753,NGE29C65227,0.6799137357017672
plate_2754,9407379,0.34203027016328874
plate_2755,30F88013,0.5265475899823064
plate_2756,G8417339,0.45011808666860326
plate_2757,5TF86947,0.594306681515517
plate_2758,56P6961,0.9984672990887121
plate_2759,62A02636,0.9582236762766755
plate_2760,51400530,0.7137049719765842
plate_2761,53S8195,0.8460984813263923
plate_2762,80G40304,0.5570617162949891
plate_2763,3ANGE29H77054,0.49914175390184007
plate_2764,BOF25697,0.550386006402589
plate_2765,9130928,0.28893669831833746
plate_2766,80G40304,0.5570617162949891
plate_2767,80E43502,0.3627542172270339
plate_2768,294146294,0.41781912127607906
plate_2769,2946294,0.3283556401305181
plate_2770,30FL6564,0.7919880337628296
plate_2771,BOE43502,0.4340699776968632
plate_2772,30G50236,0.5670922681051642
plate_2773,29460225,0.2884901839488354
plate_2774,30468250,0.23997382756945243
plate_2775,B0F71165,0.7484583392199586
plate_2776,BOF71554,0.3934308111898847
plate_2777,BOF86034ANDER,0.3287063881717123
plate_2778,E0F86034FANDER,0.46880720556608235
plate_2779,306837213,0.6696838294564137
plate_2780,BOF9725,0.6486142192516907
plate_2781,29102343,0.6061594544536908
plate_2782,80646885,0.4579230587642605
plate_2783,43B0F326,0.5807561298957822
plate_2784,101B0F64,0.5396925299337334
plate_2785,29177998,0.5743910221100176
plate_2786,16806039,0.5884406697330186
plate_2787,6798A134,0.6756991736550738
plate_2788,80158373,0.526118459538592
plate_2789,56S0009,0.478040172948388
plate_2790,30A26144,0.6010184909575222
plate_2791,7901989A,0.18784066976383404
plate_2792,8063153,0.22121631797594268
plate_2793,66S000G,0.3653507962360673
plate_2794,56S0009,0.971343210491862
plate_2795,56S0009,0.9386263670965962
plate_2796,56S0009,0.9435243867724845
plate_2797,BOA00180,0.21008073345263792
plate_2798,0A0L180,0.10539469979826858
plate_2799,BOA04180,0.3694324482207195
plate_2800,UA05684,0.9142232582118722
plate_2801,29005685,0.7830609004205713
plate_2802,,0.0
plate_2803,89406932,0.7646100902362107
plate_2804,0N0771,0.3135957733738492
plate_2805,18407826,0.6042116405042075
plate_2806,8407828,0.27971350699168446
plate_2807,20810785,0.5468167090079974
plate_2808,2TLA2NF08G31,0.2611377753099547
plate_2809,904109054ME27SE,0.38409547894729407
plate_2810,4709290,0.7058600347032856
plate_2811,66EVROLER2901095,0.4748848033560196
plate_2812,IMG2900G5660,0.2507478919513601
plate_2813,290209868EXETGGLER,0.16827071679762698
plate_2814,99412497,0.9502748312703785
plate_2815,89C13497,0.7814243095550804
plate_2816,89C1GGZ,0.3966627916854457
plate_2817,8841L436,0.38234003888283224
plate_2818,89C15637,0.9170214076154033
plate_2819,79089A,0.24488321038111566
plate_2820,206115970,0.5741472503412897
plate_2821,B0118036,0.38898417569640087
plate_2822,0189761,0.4347072864667842
plate_2823,B0G19663,0.5117482444648215
plate_2824,19B0F200,0.4075058837905734
plate_2825,34420477,0.690060676519282
plate_2826,30E14499,0.5853227313038554
plate_2827,0942174,0.5367752330561456
plate_2828,8023150,0.22628398751775103
plate_2829,29425808,0.5941844296764959
plate_2830,2942258857,0.38649750894029733
plate_2831,30426146,0.1751696412648571
plate_2832,2614430A,0.627676819941558
plate_2833,BOA2614,0.5000651552817179
plate_2834,30426583,0.6210147647594507
plate_2835,180E285,0.6794931421506338
plate_2836,IVICUNUEL19429736,0.49179039037099315
plate_2837,0NBO629750,0.3307618271924713
plate_2838,98429814,0.5096337382608749
plate_2839,NR29C180581,0.5499276279517032
plate_2840,29D09566,0.500947372107113
plate_2841,30E32586GUL,0.574258550587263
plate_2842,43B0F326,0.5807561298957822
plate_2843,3OF32659,0.34944407574450953
plate_2844,00F32659,0.2756335085257608
plate_2845,71722665,0.042315711940916545
plate_2846,19422726,0.5739552285999124
plate_2847,19A32126,0.5224396455887673
plate_2848,98432802,0.7081378218848389
plate_2849,99433254,0.39877064306147897
plate_2850,89133256,0.2952238814328377
plate_2851,8063153,0.22121631797594268
plate_2852,14884337,0.629688843197462
plate_2853,B0A37519,0.20888338621101324
plate_2854,80637986,0.42297627409540833
plate_2855,3064117,0.33752271968934644
plate_2856,B0G43755,0.20710444259413463
plate_2857,80F44,0.2784432630607719
plate_2858,KIBL30E45676,0.4630907939648706
plate_2859,3OF46865,0.2078713039675384
plate_2860,29446510,0.2535897879056924
plate_2861,294465,0.4495324851529875
plate_2862,29A46517,0.22934901400322355
plate_2863,806T46885,0.521352112130133
plate_2864,0F50483,0.37908992310643197
plate_2865,30F5204WSVA,0.5772063650390793
plate_2866,275204IMSIOY30F,0.4459768962146431
plate_2867,30FAEIRICLOVA5204,0.4410835163089343
plate_2868,3OF5204,0.6842790593114986
plate_2869,30F5204,0.9349983887157267
plate_2870,3OFINOWA5204,0.5960070935016812
plate_2871,0E62374,0.5889874223356131
plate_2872,52911616,0.19093095483098152
plate_2873,61G52970,0.12446475729901675
plate_2874,30448277IRON4UY7U,0.40548093927877493
plate_2875,1291560,0.6907347746570949
plate_2876,CLEDA0G56801,0.3915698893655251
plate_2877,80158373,0.526118459538592
plate_2878,045946,0.36294718008989735
plate_2879,20190546,0.3005834932203239
plate_2880,29480432,0.559852396184863
plate_2881,GIRD29460432,0.3976725573553404
plate_2882,064461083AOTFSI,0.536602976979906
plate_2883,NIRAGESU7161I53,0.2578620740685029
plate_2884,30G61239,0.7047041336220701
plate_2885,30G62107,0.7827621920702476
plate_2886,30E63563,0.622446445853808
plate_2887,2A4651,0.27537746683192227
plate_2888,8129C65227,0.5475952265747267
plate_2889,BOF65847,0.457644561982153
plate_2890,VOE226612,0.4545449961570336
plate_2891,BOF68947,0.46180036507505157
plate_2892,X530E769486,0.2902403937282075
plate_2893,30478340,0.602633252463848
plate_2894,30F81060MEKOE,0.5301326436335468
plate_2895,BOF85806,0.3067773521298151
plate_2896,3028657,0.7033474808849133
plate_2897,3028657,0.9009047956834599
plate_2898,30V8692,0.7269842094308125
plate_2899,30789685,0.7111362428171258
plate_2900,894109096,0.3243650305385971
plate_2901,GORD89C1G492,0.26180537568470824
plate_2902,B049029,0.6171836075761429
plate_2903,1980F9261,0.578836838376593
plate_2904,453044026,0.5155958626025133
plate_2905,B0F9959AE,0.25586060893023865
plate_2906,OF93644,0.35242471269565545
plate_2907,1580E9383,0.5429204666067096
plate_2908,BOE9451,0.6327772364788776
plate_2909,BOF95280,0.7401937322916814
plate_2910,29495394,0.5910369483388439
plate_2911,29497701,0.6835223199836307
plate_2912,29497701,0.6496074991787468
plate_2913,29198366,0.5868467581021253
plate_2914,219986,0.7032339824448345
plate_2915,BOS0120,0.1913234047232332
plate_2916,B0A726144,0.5281768432477827
plate_2917,36A01418,0.5954417804205991
plate_2918,052330F,0.7600993745985325
plate_2919,HUF0823,0.33820267810323146
plate_2920,3OF49056,0.5154314442947173
plate_2921,89407758,0.6378981309134208
plate_2922,29404999,0.8249108902168171
plate_2923,80134588,0.3168009834011913
plate_2924,5406590,0.3415315608001832
plate_2925,3UF70192,0.9359145001503486
plate_2926,89410993,0.5016436077106798
plate_2927,89407394,0.39617143055860565
plate_2928,29405080,0.5479042058314639
plate_2929,36401418,0.8483595714458468
plate_2930,36401418,0.8057338289771111
plate_2931,36401418,0.5592141494943458
plate_2932,2940177,0.5508443457168966
plate_2933,WLDTRRKNGEA29H02042,0.7022442706891197
plate_2934,29102313,0.1384361524642786
plate_2935,20501866,0.6604687642691377
plate_2936,20403038,0.8032722274485141
plate_2937,88A03336,0.661095381303619
plate_2938,30F03523PTZMIUML,0.2754033429167891
plate_2939,30FPIANLUSNL313523,0.39147091547478435
plate_2940,30F2523PTEMIUML,0.452142627401614
plate_2941,30F3523,0.7632618131632694
plate_2942,VESANUF03523,0.09212521236462129
plate_2943,30F03523,0.5564740541314788
plate_2944,29404999,0.8249108902168171
plate_2945,29405080,0.5479042058314639
plate_2946,29H07062,0.802042043234283
plate_2947,BOF07227,0.6677772916015481
plate_2948,B0F07227,0.3690186465005453
plate_2949,29707394,0.2323871067279703
plate_2950,894077585,0.7308684533107694
plate_2951,89407758,0.6378981309134208
plate_2952,894077585,0.7308684533107694
plate_2953,88708079,0.353123120742583
plate_2954,2108531,0.14877042979208527
plate_2955,21408531,0.68318047638076
plate_2956,KIA307COD192957,0.5125551380398413
plate_2957,0F10317,0.38005952834898943
plate_2958,B0G104228,0.40813126832757546
plate_2959,SSA10432,0.20708477674769807
plate_2960,ONTM,0.0780395166822347
plate_2961,89A13864,0.8437055169030625
plate_2962,89113864,0.36175740885596375
plate_2963,30F15292,0.7977426997211092
plate_2964,09120,0.13478565582714416
plate_2965,PRD89A15530,0.558056609242165
plate_2966,SORD89715530,0.5455767697773686
plate_2967,B0F1E695,0.2275441326573668
plate_2968,B8N1636,0.5823616924531951
plate_2969,89A17888,0.8858856127199927
plate_2970,CRR8GA18577,0.30903594099198
plate_2971,19N1866,0.2372469113789408
plate_2972,1NI866,0.33909438316989526
plate_2973,30619185,0.5557461627422309
plate_2974,24A15935,0.7820869492657403
plate_2975,E020388,0.2355646974426618
plate_2976,19YR80F2151,0.376862882962194
plate_2977,29021596,0.45190822515721757
plate_2978,36425649,0.5764253821058949
plate_2979,86425649,0.43382688336562014
plate_2980,36125649,0.5207276637205069
plate_2981,2942028,0.2700597046866183
plate_2982,B0A726144,0.5281768432477827
plate_2983,36401418,0.7943138249837635
plate_2984,3N728620,0.6972725719266833
plate_2985,AILLLSTOIUAA29415079,0.1199123887133076
plate_2986,30F32598,0.6696375337972228
plate_2987,BOF32598,0.9270518533094557
plate_2988,98482802,0.5804105182185973
plate_2989,FOIZ98832802,0.2227440045019667
plate_2990,131588BOA,0.3880346902406011
plate_2991,80134588,0.3168009834011913
plate_2992,131588BOA,0.3880346902406011
plate_2993,30635217,0.5079175999307114
plate_2994,30635392,0.8092701298392855
plate_2995,29436257,0.5739655998939174
plate_2996,136056,0.2953299052631145
plate_2997,30E89814,0.672537067762918
plate_2998,I142050,0.12071164640259761
plate_2999,9442050,0.1451933696578419
plate_3000,29142050,0.281282307861757
plate_3001,BOF46189,0.849766055513184
plate_3002,BOF46189,0.2304441945698824
plate_3003,B0F46189,0.2211719358281642
plate_3004,30A46748,0.8196650041059824
plate_3005,48917306,0.5373443467123772
plate_3006,175589,0.5192619358377755
plate_3007,3OF49056,0.5154314442947173
plate_3008,BOE49536,0.9478384271601248
plate_3009,30F50833,0.7448054281207293
plate_3010,5151130G,0.7588013804042948
plate_3011,3OG56695,0.4945659359595107
plate_3012,UUA30E60123,0.5137217940559261
plate_3013,BOF65939,0.2013111666317862
plate_3014,BOF67941,0.41996881880646647
plate_3015,30A169919L,0.456988548734059
plate_3016,30469919,0.6541844196576645
plate_3017,3UF70192,0.9359145001503486
plate_3018,BOF70192,0.7104011581270511
plate_3019,12BOF704,0.45852674159293444
plate_3020,30A71103,0.2526791763869627
plate_3021,30471103,0.22660527463325988
plate_3022,30A71103,0.3793664033119279
plate_3023,3UA71103,0.5201361726794358
plate_3024,30F10E71578,0.60136090729786
plate_3025,30FXMOSS71578,0.22941205278886487
plate_3026,715784FYI5EY,0.38757650818224376
plate_3027,715781247ER,0.5072155222485277
plate_3028,BOF72929,0.8213789465855206
plate_3029,30F71338,0.7795824055613947
plate_3030,52F7584,0.518428298639608
plate_3031,30476121,0.27621714919367507
plate_3032,30A76791,0.7139042738374674
plate_3033,36401418,0.5592141494943458
plate_3034,E3ANG29C82506,0.6510280843815592
plate_3035,GORD29C82506,0.6263676739516225
plate_3036,E3ANG29C82506,0.6510280843815592
plate_3037,D604884459,0.4194587131463842
plate_3038,858048965,0.8242028913836037
plate_3039,BOF77294,0.9214011236574969
plate_3040,30601866,0.8218589488654932
plate_3041,9O419250,0.41199484086856153
plate_3042,BOF92840,0.5741744370009291
plate_3043,880100328,0.5056531862936358
plate_3044,30782957L,0.41196665417549116
plate_3045,206009718,0.057254874800525546
plate_3046,BOE19752,0.9010305880649058
plate_3047,30E50592,0.48264779195904994
plate_3048,29D108722VRIDGESTODEVNBARTOEL,0.4668139308163723
plate_3049,ZGV00082,0.48932232019929356
plate_3050,3UG00567,0.6751766053137775
plate_3051,8000590,0.3755700641660616
plate_3052,15400635,0.6649032964777079
plate_3053,26400164,0.4634798262864938
plate_3054,9001799,0.8048711048158289
plate_3055,29D02474,0.5235231818341544
plate_3056,90F0523KSL,0.25022655925377674
plate_3057,2F29H03560,0.4050698414847746
plate_3058,364OUIOU,0.5092406961157935
plate_3059,HYUTORSOAYPTN29A06669,0.1796168539073525
plate_3060,29H06737,0.6238549961744704
plate_3061,29H06737,0.41610550093253706
plate_3062,B0K06829,0.36797722177772696
plate_3063,894106932,0.8109580683037118
plate_3064,9106932,0.6127584776449986
plate_3065,30F107555,0.7281421008502285
plate_3066,3OF1075551,0.35412081234713777
plate_3067,30F07555,0.8790646771184776
plate_3068,30F07555,0.9113271326150276
plate_3069,29H07716,0.848978459445175
plate_3070,52K08060,0.4434967114550777
plate_3071,894108084,0.7062621700615215
plate_3072,CXS194108564,0.4401113351683447
plate_3073,905253020865,0.40878527968623457
plate_3074,G2CO,0.14512689557102543
plate_3075,,0.0
plate_3076,6629D095E,0.6599545794042156
plate_3077,29009566,0.49241036850832043
plate_3078,29009566,0.8464573526551828
plate_3079,29009566,0.55634657649419
plate_3080,29009566,0.27192358442620196
plate_3081,29009580,0.5595504686422645
plate_3082,29009566,0.7159728676754032
plate_3083,66290095L,0.5496045361137405
plate_3084,29009568,0.690475909131798
plate_3085,29009568,0.21757857885450546
plate_3086,89709720,0.44233127036163616
plate_3087,89410429,0.5431248800105191
plate_3088,89410429,0.7423902910903503
plate_3089,VIIY85110819,0.20529543708425696
plate_3090,8941D3G,0.6859595955515465
plate_3091,30F11292,0.73472395269704
plate_3092,IG9YTV306,0.6274953488414995
plate_3093,B0E1217,0.6315095362372084
plate_3094,OBH12433EXB,0.39890614953666553
plate_3095,5XSO9H12433,0.36600630711702475
plate_3096,34419Z,0.12712139746131637
plate_3097,29415079,0.5311337883000048
plate_3098,2941207,0.497651494594717
plate_3099,89415939,0.3771071550025089
plate_3100,89A15939,0.6439052878407772
plate_3101,89A15973,0.6774878916103523
plate_3102,B0G16380,0.34334789653946957
plate_3103,1A16871,0.37474468294609364
plate_3104,B0N17831,0.2901140480191868
plate_3105,1A19068,0.5126194863554143
plate_3106,291741910,0.1476131205034794
plate_3107,PGV191,0.12384858131497764
plate_3108,2911910,0.9198962336738632
plate_3109,2IV191,0.47625514425092264
plate_3110,2IV11,0.5007854960090519
plate_3111,2IV19D,0.2399537492946425
plate_3112,2G1I9I,0.25338142473139513
plate_3113,29V191,0.4337241037457025
plate_3114,29V191,0.4337241037457025
plate_3115,2IV19D,0.18525867520254
plate_3116,29V191,0.3186800502490931
plate_3117,29V191,0.3186800502490931
plate_3118,80E1752,0.6693677419513936
plate_3119,80E19752,0.23468237624788804
plate_3120,BOE19752,0.9010305880649058
plate_3121,BOF20049,0.3255733083716837
plate_3122,GID80E30620,0.3018012252074964
plate_3123,80E20701,0.2360390459454694
plate_3124,306221592,0.9126747053992013
plate_3125,89421762,0.701695670958326
plate_3126,29422443,0.7117300097271735
plate_3127,29122443,0.4383681265789458
plate_3128,34C22496,0.645322527427902
plate_3129,VGR30622721,0.6022650170136635
plate_3130,29C22778,0.6459192826338515
plate_3131,091123855,0.3218102309420325
plate_3132,2E2M7,0.06460835693563226
plate_3133,206254495,0.06051972786599798
plate_3134,25495B0G,0.547592508341426
plate_3135,30G25794,0.7131759114487184
plate_3136,29425885,0.5292477810875182
plate_3137,29425885,0.5474980982870008
plate_3138,29425085,0.4440741853480511
plate_3139,294FORTER25885,0.5464038025125985
plate_3140,80426144,0.6720012753958833
plate_3141,5052639,0.4970421108496455
plate_3142,ZACEB0426583,0.4495207521015814
plate_3143,B0F27580,0.33495756736024973
plate_3144,80F27580,0.3354083111210039
plate_3145,80F2758,0.6050453154554427
plate_3146,B0F27580,0.5599684700099197
plate_3147,28293BOE,0.9592670458460445
plate_3148,2929259,0.3028821405372085
plate_3149,204KARIS29879,0.3214475055308946
plate_3150,OLORADC29H06845,0.6994088112387593
plate_3151,B0E89023,0.22370563128138005
plate_3152,30431544,0.674243755147407
plate_3153,29H31658,0.44848742833485533
plate_3154,81131825,0.339999993815993
plate_3155,84131825GRZ,0.39109856539895926
plate_3156,B4131825CRV,0.20984060354963868
plate_3157,72584131GE,0.3658080603069273
plate_3158,B0F32080,0.6194514294990162
plate_3159,3UK132867,0.5732816948394065
plate_3160,80432867,0.491254182795917
plate_3161,B0G3124,0.22998579568821695
plate_3162,30E34422CR4,0.4761600267775832
plate_3163,20F35939,0.3105228795550976
plate_3164,3607820A,0.7652779802539156
plate_3165,30F36127,0.8026468658012946
plate_3166,B0F36253,0.5869849846478153
plate_3167,36A104104CCOL,0.30032083085262135
plate_3168,36A104104,0.4068496383316606
plate_3169,3644104,0.6720816437458588
plate_3170,3726029H,0.6996762696003374
plate_3171,CIZZ,0.10138587558769055
plate_3172,37C27544,0.535530230449138
plate_3173,07429988,0.18363751730990527
plate_3174,30E38721,0.6290552289449717
plate_3175,30E38721,0.4618744865400354
plate_3176,30F39361,0.5952169960960259
plate_3177,B0G39509,0.3175394196998773
plate_3178,ZWG30440293,0.539996038600236
plate_3179,29H40433,0.8923686973130605
plate_3180,80541231,0.27461863948163423
plate_3181,30X1223,0.30031671660031595
plate_3182,30M4253,0.5154785656054385
plate_3183,YARG30M4253,0.5841645116163107
plate_3184,30MYARIS4253,0.6840284840313052
plate_3185,425330M12,0.4634734981858637
plate_3186,80114252,0.11290822399504692
plate_3187,30M4253,0.552250511944294
plate_3188,3014253,0.3980733059010398
plate_3189,425330M,0.4292565547447912
plate_3190,30M4253,0.6462445917392086
plate_3191,B01D253I,0.15022030977820608
plate_3192,80643342,0.37048594253976563
plate_3193,BOE43843,0.28099082797373737
plate_3194,80G46885,0.33548350777066055
plate_3195,80647036,0.6296706976734058
plate_3196,B0447837,0.33314225010477294
plate_3197,BOE48226,0.7738080424528742
plate_3198,3048483,0.9030479189088441
plate_3199,06479052,0.30579934410049114
plate_3200,30E50207,0.7884471204408121
plate_3201,30E50592,0.48264779195904994
plate_3202,11290514,0.5128884987513396
plate_3203,30E64515,0.8350114581332913
plate_3204,80F54659,0.5634356988654631
plate_3205,30A4827FANCTACOROTIAW264,0.3007915752264318
plate_3206,0G55031,0.5792508278533736
plate_3207,30F57331,0.7665977944328148
plate_3208,30G58276,0.34281772566797486
plate_3209,0G58236,0.3882603010705637
plate_3210,30G58236,0.8865438072880082
plate_3211,30658226,0.27632592560622316
plate_3212,BOF60898,0.5622485992527475
plate_3213,30E61035,0.7195191019812759
plate_3214,OG61262,0.2909988491311162
plate_3215,80462043,0.6486156420030561
plate_3216,3UA62539,0.6654009247917677
plate_3217,BOE63699,0.4071112418112649
plate_3218,20E61879,0.1406774803050741
plate_3219,29C65227,0.8526232969730608
plate_3220,29C66073,0.5613673326135431
plate_3221,NISSAN29C66073,0.694659373679956
plate_3222,80E66122,0.27896689655911366
plate_3223,BOE66268,0.32530971639139755
plate_3224,29C66625,0.45082537230007913
plate_3225,SA129C67798,0.4447595661501822
plate_3226,80470179,0.3154575335727354
plate_3227,2GC70256,0.7110032209647825
plate_3228,70442,0.3627284255394305
plate_3229,80A7179,0.46206494450173274
plate_3230,30A171980,0.7684854904456526
plate_3231,304171980,0.5309239613347095
plate_3232,B0A73,0.46806948945369586
plate_3233,80E6500,0.24431149960972876
plate_3234,B0E76226,0.2733838617540358
plate_3235,8OA7679,0.457575602669841
plate_3236,B0F76935,0.8920932350816153
plate_3237,77696,0.12691906543817896
plate_3238,80479209,0.609774683075477
plate_3239,KA300221,0.04853563374900209
plate_3240,80F80657,0.5374280909007362
plate_3241,863OE858,0.8464544014460159
plate_3242,30E185886,0.6173314508125012
plate_3243,BOF02864,0.6701747699151505
plate_3244,B0F86574,0.7759607043984259
plate_3245,29487180,0.5300762868152913
plate_3246,89120067,0.33987007739424474
plate_3247,B0F90230,0.5592033787219636
plate_3248,90540LB0F,0.5183513695916033
plate_3249,BOE90955,0.4743470161542207
plate_3250,794222,0.28908123356810983
plate_3251,B0E9381,0.6770780426589699
plate_3252,Q0F294376,0.2559810328370801
plate_3253,3A195205,0.43468739624506436
plate_3254,SPARK07982II29009566,0.32014108371515976
plate_3255,B0496308,0.720182124336883
plate_3256,171065963225,0.2581707335580927
plate_3257,30A196805,0.4726785204515299
plate_3258,80497060,0.13879591210685213
plate_3259,NG61C97363,0.5978334418395403
plate_3260,B0498846,0.3486027473670777
plate_3261,29599340,0.2753869967292193
plate_3262,3UF99844,0.6397175360703321
plate_3263,30499940,0.2446037025726255
plate_3264,80M4253RS,0.16973860298541485
plate_3265,VR30M4253,0.5868332407086473
plate_3266,3014253,0.8078189433619226
plate_3267,10304B0G,0.4092177304965161
plate_3268,30419757,0.5488409229677476
plate_3269,80F25697,0.29433714190585325
plate_3270,Z9E00010,0.6055466806920571
plate_3271,89LD00275,0.8028781125166982
plate_3272,091000275,0.6172664408324111
plate_3273,ANGEYYCFB4UBE,0.31023185972774375
plate_3274,8BL000757,0.3770148565174327
plate_3275,30E02141,0.9595040470499476
plate_3276,30E02141,0.9568218382881789
plate_3277,B0A05197,0.6335460727132537
plate_3278,BOE05207,0.7709460328987864
plate_3279,3OF06973,0.4344657432182423
plate_3280,89407379,0.39656213442737887
plate_3281,26408211,0.43818871355604877
plate_3282,VOS99408487,0.3852482339759595
plate_3283,B97O8824,0.10692648488455439
plate_3284,80609132,0.32602697463975805
plate_3285,T4A505109290,0.1318605555636472
plate_3286,141N65,0.07387893517359696
plate_3287,29409586,0.6002230385532448
plate_3288,307104O,0.5192240789874188
plate_3289,KIA99710432MORNING,0.5052557515702994
plate_3290,9940452,0.6104445172092844
plate_3291,KIA99710432MORNING,0.5052557515702994
plate_3292,9S8GA10341,0.7391011210858625
plate_3293,89410868,0.49796501329686904
plate_3294,69411297,0.25764124861706517
plate_3295,VO89412327IAND,0.27827842928249114
plate_3296,89412388,0.7418933573547262
plate_3297,3AADU1289129H,0.3204640603698238
plate_3298,2971452,0.6976583571441306
plate_3299,29H15606,0.5095309067344305
plate_3300,15A16938,0.5916124578995691
plate_3301,8F11339,0.2555191166950598
plate_3302,FU30512198,0.4616055345015502
plate_3303,3U619909,0.8957049065749141
plate_3304,89420067,0.3222512508750185
plate_3305,30E02141MC,0.576991465762534
plate_3306,20784B0F,0.45060329390428794
plate_3307,3042890,0.6098853125995055
plate_3308,30F21950,0.7328511410982552
plate_3309,3UR2U25697,0.5486901274780901
plate_3310,25697,0.9293036022892054
plate_3311,30F25697225O,0.49552185753217937
plate_3312,80F25697,0.29433714190585325
plate_3313,BOF25697,0.39769958672065925
plate_3314,80627838,0.25452265635644916
plate_3315,29409586,0.7639041756723632
plate_3316,29AUNER37229,0.6292238074858053
plate_3317,88430598,0.7576721253825769
plate_3318,NI6O134,0.04061989092403271
plate_3319,30A79209,0.7351871267286999
plate_3320,30F188013,0.5984944356440673
plate_3321,30627838,0.3265605559486909
plate_3322,30F32245,0.6001400456656285
plate_3323,NLEUS25855ICS29HO26,0.14365720058151984
plate_3324,333833B0,0.4020440862641844
plate_3325,B043380,0.4086286435880488
plate_3326,29733928,0.6111206229981562
plate_3327,29A33928,0.8468135644437205
plate_3328,8073565,0.58327181812613
plate_3329,M4522896,0.09293700552838016
plate_3330,396359,0.2698954102513635
plate_3331,OI35BIIG,0.020279847569976545
plate_3332,PLI2903763,0.5667067586133157
plate_3333,ZIND29H38452,0.6138972216079416
plate_3334,29H38452,0.6765192970622464
plate_3335,30646437,0.959390846233668
plate_3336,10304B0G,0.4092177304965161
plate_3337,39552822223240304BOG,0.3057437865774691
plate_3338,306ADIL1359,0.4993925792699878
plate_3339,43502,0.7883970803952368
plate_3340,30F4U58O48U1S,0.30964077937139173
plate_3341,30F4U58O48U1S,0.30964077937139173
plate_3342,29446294,0.2545028008215401
plate_3343,306146432,0.7077355652886734
plate_3344,30646437,0.959390846233668
plate_3345,3OG76737,0.2708978822327677
plate_3346,CU2H46791,0.4225021860997891
plate_3347,2941679,0.4283148433041853
plate_3348,,0.0
plate_3349,B0E47662,0.16285290553305973
plate_3350,,0.0
plate_3351,,0.0
plate_3352,,0.0
plate_3353,3UE48226,0.7770928072859954
plate_3354,291NE117,0.012617157770617563
plate_3355,30F0167,0.5134857706183753
plate_3356,,0.0
plate_3357,BOF51271,0.7706519950125622
plate_3358,80F51272,0.5579976093831216
plate_3359,3OF61443ELANTRA,0.5036190582709965
plate_3360,0G51624,0.6365965967986534
plate_3361,2064516,0.5599939058393362
plate_3362,2064516,0.5599939058393362
plate_3363,30G51624,0.5760374205711747
plate_3364,,0.0
plate_3365,,0.0
plate_3366,UB52752,0.5165535082575881
plate_3367,8887,0.23795302212238312
plate_3368,8887,0.23795302212238312
plate_3369,B0F56745,0.3499423818959329
plate_3370,FOUF6330VIAD,0.29846371545935113
plate_3371,UF6330,0.6250799209115254
plate_3372,30F57808,0.8107409485608044
plate_3373,0659010ANUN,0.5628322025294289
plate_3374,B0460168,0.45041926736436627
plate_3375,B060434,0.1819867428384513
plate_3376,LI2,0.37428376511530975
plate_3377,29460513,0.6827757085363426
plate_3378,GO30E60863,0.538732980494891
plate_3379,90660947FANE,0.10270123696167809
plate_3380,946098,0.5251374159376629
plate_3381,430E6101,0.22731958816082387
plate_3382,30XE6295,0.6945836693048477
plate_3383,30463839,0.42922473385126536
plate_3384,80463839,0.24412960197167863
plate_3385,65169,0.8356649226299682
plate_3386,B0F65900,0.209159679760395
plate_3387,RANGER29C66628,0.7752582459712748
plate_3388,BOE66684,0.45351569564304195
plate_3389,8865,0.0881318524479866
plate_3390,83BO468Z,0.6641636112073857
plate_3391,01470190,0.13288204926920671
plate_3392,ANN7019O,0.04549145383333294
plate_3393,040IG,0.035820995153970414
plate_3394,70924B0F,0.45366044012775303
plate_3395,AC30E71583,0.4242696049219723
plate_3396,2771990,0.5390137780962023
plate_3397,BOF28729,0.9951477793523278
plate_3398,BOF28729,0.9951477793523278
plate_3399,30K74491,0.3828899209846026
plate_3400,UA77449U,0.16900986059754702
plate_3401,F7905,0.4270741050259
plate_3402,B30F77159,0.7144969473185399
plate_3403,30E77379,0.34388911314440634
plate_3404,30F78286,0.5464269179938455
plate_3405,30F178286,0.5112192591749757
plate_3406,3UF78907,0.8647692310159364
plate_3407,,0.0
plate_3408,,0.0
plate_3409,30E80377,0.8386054682017215
plate_3410,B0480776,0.08836104684726168
plate_3411,6530A807441A40,0.5039993191501616
plate_3412,56530480744,0.6242746346856981
plate_3413,BOF88013,0.8724015061158471
plate_3414,8GA790735,0.7281252232626683
plate_3415,30E90257XTRAIL,0.4950201700864989
plate_3416,30E3223591177,0.4315861471194789
plate_3417,152930E191177,0.577296406927631
plate_3418,30F95191,0.9518425009855205
plate_3419,BOE96418,0.5196007218303923
plate_3420,304197575,0.4199993734914314
plate_3421,B0E97662,0.4754112480351091
plate_3422,IA30ER97924,0.346626317051943
plate_3423,30E9818,0.5899844349002169
plate_3424,98417339,0.5568850923554882
plate_3425,B0F55745,0.35064265947072387
plate_3426,99279BOA,0.5873678684870273
plate_3427,99427405CLYY,0.5448639526872078
plate_3428,89407379,0.536168589674846
plate_3429,89120061,0.5495842959250271
plate_3430,407379,0.5005469194263953
plate_3431,8407379,0.19142840070777017
plate_3432,,0.0
plate_3433,896107379,0.2587520081134548
plate_3434,51A65474,0.13135141718400317
plate_3435,52XG490,0.07022276787393661
plate_3436,51F68784,0.45004650549676317
plate_3437,8A028661,0.16457205913288947
plate_3438,51F89357,0.3453662122991884
plate_3439,51464828,0.41328095150207816
plate_3440,510209,0.7427676747921624
plate_3441,61G49524,0.773792909657633
plate_3442,5IF79512,0.6267092508557547
plate_3443,B0NZ616,0.23812852421914263
plate_3444,B30N4616,0.4340874983674692
plate_3445,7953951G4,0.2717028954637848
plate_3446,51F73420,0.6367881148091772
plate_3447,51F73420,0.3500715828798204
plate_3448,61621670,0.825715535208231
plate_3449,BIF59881,0.3340271311309647
plate_3450,61707204,0.3487750390352268
plate_3451,BIF06948,0.4403786820534347
plate_3452,78405177,0.19859341274968306
plate_3453,5F16159,0.19460801315939552
plate_3454,661422959,0.2255525231893399
plate_3455,61637807,0.8479427512289869
plate_3456,VI51631691,0.20890165588090165
plate_3457,BIF59011,0.35713315731771533
plate_3458,61647318NN,0.2184688532229856
plate_3459,516472817,0.29690800904139114
plate_3460,61F15585,0.29225094357133186
plate_3461,VITARA61F82606,0.6056651825824464
plate_3462,6172078,0.4386984541980424
plate_3463,51629034,0.5614066637431226
plate_3464,B1F07973,0.4735193359593975
plate_3465,48A05177,0.4919494849488708
plate_3466,F76354,0.9485639485387178
plate_3467,BIF31118,0.2868084880381221
plate_3468,BIF76159,0.4215632151903512
plate_3469,61422959,0.8980620165014587
plate_3470,61489710,0.5389174442239324
plate_3471,BTF20003,0.11351622673225871
plate_3472,51F324403,0.2557307736344262
plate_3473,72S14860,0.5909435749053955
plate_3474,51651332,0.6123808977364037
plate_3475,51651332,0.6841155454971086
plate_3476,60435985,0.3746020975413952
plate_3477,51F32488,0.5183750000750458
plate_3478,16N2A2,0.08979242232163732
plate_3479,51649589,0.7406103781816034
plate_3480,5785325,0.33240424838357535
plate_3481,57785325,0.4736715944924306
plate_3482,5IF06532,0.3671175042495213
plate_3483,BOLD00211,0.021122685499966626
plate_3484,61625181,0.2232439370196064
plate_3485,57F59881,0.2290792182915974
plate_3486,51639466,0.3190091766136705
plate_3487,51642971,0.4644025632193557
plate_3488,52Y6190,0.23579240449452932
plate_3489,61F06609,0.4489799546884868
plate_3490,51A89712,0.13410001309526487
plate_3491,6O403868,0.5067267044227052
plate_3492,6049620,0.016531150254634964
plate_3493,51643680,0.4857939375621786
plate_3494,IF590,0.5131702293200001
plate_3495,52P5688,0.39211839447553776
plate_3496,51402923,0.46474844939805465
plate_3497,61F71776,0.30612376699197685
plate_3498,61631691,0.29854266897230103
plate_3499,48A05177,0.20324686321346766
plate_3500,61F3111,0.8179393376684194
plate_3501,51650552,0.7607511675095737
plate_3502,G1G50553,0.29430581468838535
plate_3503,0047340,0.4788608319864801
plate_3504,61651292,0.2418737076407541
plate_3505,61477529,0.5833167510672316
plate_3506,647207,0.7876648357164465
plate_3507,5159881,0.6249320135461426
plate_3508,51642971,0.5670284539232834
plate_3509,BIF63034,0.16974126606684553
plate_3510,51F63034,0.4756262663080969
plate_3511,61469172,0.15100154281738018
plate_3512,52Y6490,0.5699678802143235
plate_3513,51489710,0.29105517375968215
plate_3514,5148971,0.6431606312201787
plate_3515,51622237,0.6005859087664358
plate_3516,51651332,0.9411367217183548
plate_3517,1F22261,0.5405006581330402
plate_3518,60435981,0.24750154807899188
plate_3519,51402923,0.6855756482585432
plate_3520,51F74776,0.35975273312664535
plate_3521,6O1Z8965,0.5327956527471542
plate_3522,VTARA5IF82600,0.1897128896780771
plate_3523,62405772,0.8953991866450017
plate_3524,51F322029,0.3721141672120016
plate_3525,6IF61712,0.31211140336192544
plate_3526,EF88270I,0.22528787087060745
plate_3527,1F04275,0.7814984950053269
plate_3528,57405227,0.3069784455408313
plate_3529,51405227,0.3656664075526099
plate_3530,BIF20476,0.19393612434204227
plate_3531,51472444,0.3450079999852882
plate_3532,51F31118,0.7275842116574057
plate_3533,51625481,0.746139033820587
plate_3534,06611TOLD,0.46483949902986504
plate_3535,51485325,0.36671489190805096
plate_3536,G47281,0.3273570079070188
plate_3537,3946661G,0.4084258461553149
plate_3538,61F07973,0.38601910455105537
plate_3539,51F07973,0.6275613636064068
plate_3540,61F61712,0.34508887645294045
plate_3541,86A06844,0.3888497831313502
plate_3542,88270BF,0.7232349910580403
plate_3543,677322029,0.09315357899917855
plate_3544,51F322029,0.3012767625073147
plate_3545,5IF22029,0.3632652511752366
plate_3546,51F63034,0.20284806977162248
plate_3547,BIF07973,0.4115963333170728
plate_3548,51F61712,0.17122235031708627
plate_3549,61F63084,0.5735641556774508
plate_3550,61469172,0.25928041388116324
plate_3551,51610209,0.3799719557776975
plate_3552,67460210,0.1024073338616076
plate_3553,6ING6NN,0.07080185857619571
plate_3554,51460216,0.2153924328958198
plate_3555,62405195,0.5668628234400247
plate_3556,BIF16159,0.44614087579593625
plate_3557,6IF15585,0.2241665664237524
plate_3558,60435980,0.36884371745379896
plate_3559,6IF02687,0.31592349801611425
plate_3560,CHOO51651008,0.2946549341978861
plate_3561,61821666,0.2640152180868757
plate_3562,51B21666,0.4568691756639897
plate_3563,6C03183,0.5468057483801836
plate_3564,6FZZ6A,0.10850826197468783
plate_3565,51G43947,0.521730457159186
plate_3566,61F22029,0.5285049070916696
plate_3567,51405227,0.18494049775143578
plate_3568,61621670,0.6077315587659397
plate_3569,51G21670,0.43570600269640253
plate_3570,BIF5988,0.446935919242061
plate_3571,30V3993,0.7628273337227892
plate_3572,51F06928,0.18518441158068452
plate_3573,51G39466,0.3533086407454303
plate_3574,51639466,0.3970352336630079
plate_3575,B1F07973,0.42347664974501326
plate_3576,BIF63034,0.33401056121133793
plate_3577,51F16159,0.345961343715911
plate_3578,ETF16159,0.23437598602124882
plate_3579,61637307,0.6446989149161834
plate_3580,U1G37307,0.48354179321561686
plate_3581,5010039,0.2813922509195282
plate_3582,51010039,0.6424355841601465
plate_3583,51489717,0.29576467498264053
plate_3584,51460216,0.7585008029725205
plate_3585,5796141,0.10912700417061416
plate_3586,51496141,0.30299391151941313
plate_3587,29A961517,0.8279161786449413
plate_3588,IF44614,0.31699093554241864
plate_3589,62405795,0.4014832742442396
plate_3590,KIN62405195,0.15047878503320133
plate_3591,51F22261,0.916287773536248
plate_3592,58250,0.9997261850658425
plate_3593,5IF59017,0.10384148955549694
plate_3594,51F5901,0.2780204439269244
plate_3595,61A30001,0.3818153519387479
plate_3596,61F0L275,0.631117403902813
plate_3597,61F02687,0.5150706512213327
plate_3598,6170422,0.33898607958607346
plate_3599,51647281,0.4507800678590752
plate_3600,5G49160,0.9170866210272014
plate_3601,5OLD04410,0.29762320837173994
plate_3602,61625181,0.578862344942851
plate_3603,61821668,0.4125262411253618
plate_3604,51490905,0.512107126312644
plate_3605,61601177,0.4477655898662985
plate_3606,60A35981,0.36708852742335324
plate_3607,BIF06532,0.4978895522708834
plate_3608,005846OLDC,0.6147042715280902
plate_3609,6OLD00584,0.876934596580136
plate_3610,51472078,0.37853930705671046
plate_3611,51472078,0.16087348053342493
plate_3612,51G51008,0.6363435114635184
plate_3613,61401200,0.1760975892760487
plate_3614,67601207,0.17061939508016133
plate_3615,BIF07970,0.15278690208398302
plate_3616,51F61712,0.4131535873032947
plate_3617,51A69172,0.7267928892022506
plate_3618,51651008,0.34117895172477786
plate_3619,61F35613,0.22790672535204906
plate_3620,6F4461Z,0.10664144165475783
plate_3621,5IF75326,0.1992064919842347
plate_3622,590231916,0.5780185484370264
plate_3623,51651332,0.9211277806911561
plate_3624,EIF15585,0.43500446756499467
plate_3625,51651332,0.5074934932387798
plate_3626,294517,0.2854240409506538
plate_3627,61F04877,0.38096290180158765
plate_3628,51F048,0.5866002224457658
plate_3629,51G20536,0.4299118580100604
plate_3630,51F78904,0.5526173537245636
plate_3631,57F15380,0.3502888760227809
plate_3632,G1F21255,0.3227175646230749
plate_3633,G7F75585,0.3117933391657967
plate_3634,29123950,0.747952904199038
plate_3635,61F58214,0.5235356825498286
plate_3636,5IF58214,0.16575531316563666
plate_3637,51475932,0.4411686028332723
plate_3638,29451796,0.35953504122331975
plate_3639,6705227,0.19844244756196416
plate_3640,51401204,0.38139861026733957
plate_3641,61F06978,0.5939261511773521
plate_3642,51F07973,0.3960761591427181
plate_3643,5IF61712,0.4635247036489631
plate_3644,51F0275,0.7273576696815696
plate_3645,51496141,0.39184594166723546
plate_3646,6IF4L61,0.07050024557462795
plate_3647,51F21403,0.6269582031492227
plate_3648,1G51332,0.5896712081269071
plate_3649,5IF15585,0.2715502143031174
plate_3650,60435981,0.6828468439279026
plate_3651,51F78904,0.5465484623591396
plate_3652,UIF98466,0.22759565923384087
plate_3653,51F27809,0.4290809884195801
plate_3654,BIF27809,0.46591668089487054
plate_3655,51620536QI,0.257178387585953
plate_3656,60439957,0.5035471588640216
plate_3657,51639460,0.13126559998523887
plate_3658,51F07973,0.5235659496525634
plate_3659,51F21003,0.1915313539010877
plate_3660,51G51832,0.6104193564302265
plate_3661,51701225,0.15047518314427027
plate_3662,51631691,0.3027525581343388
plate_3663,67F20754,0.14123759811954653
plate_3664,61F20754,0.6559807395993166
plate_3665,1670096,0.26281173576158046
plate_3666,61F73029,0.42823163785762064
plate_3667,51F06532,0.8018850005594161
plate_3668,51477529,0.5858191623920825
plate_3669,51405227,0.5181673547453673
plate_3670,5IF61712,0.3803445338944342
plate_3671,BI96120,0.01342265005911535
plate_3672,51651332,0.8125541674416231
plate_3673,6172444,0.27329831478859107
plate_3674,BIF59881,0.2227812806080469
plate_3675,1401204,0.31404041746273503
plate_3676,51401204,0.24742716065767784
plate_3677,57F0692487,0.06757272349259201
plate_3678,BIF06908,0.16160964744483647
plate_3679,51G394166,0.21176504922567554
plate_3680,BIF07973,0.4020235731648141
plate_3681,51469172,0.39728199828678895
plate_3682,BIN96120,0.063327097860109
plate_3683,61A96141,0.1723121696807891
plate_3684,BIF4461L,0.1243884085343414
plate_3685,617224408,0.09365852048860945
plate_3686,51F24003,0.1487554875273697
plate_3687,51651332,0.5602336386868106
plate_3688,57F15585,0.6489939799004485
plate_3689,61F22261,0.38322499684734024
plate_3690,86B0V3993,0.2071767740776176
plate_3691,50E1297,0.37728350202426086
plate_3692,BENTHANHCHOLONGPKUDC08,0.11996595495533674
plate_3693,VNVCS1K36443,0.6850255575779229
plate_3694,PNOCOPINBILPHO,0.48149276724628304
plate_3695,1U6926,0.1298542621317837
plate_3696,SAYCOR179418768,0.4596094151891865
plate_3697,064811955542565777FT80808,0.3512485457723682
plate_3698,57036959X795330,0.5557013922571308
plate_3699,59C109776,0.5860728894427795
plate_3700,5410,0.6386745572090149
plate_3701,61C093485,0.14449992151495625
plate_3702,N384273762O,0.29752229194935326
plate_3703,66196113,0.6286648652806739
plate_3704,IEUDCNG6PL6AOOEMUGOS5OUOPONNCIC,0.14412322145309608
plate_3705,SLOUNHONHAIBIHA868418678,0.4146718673853658
plate_3706,DCNG6PILIECOO196ETRIEU,0.260802707235392
plate_3707,OPLUGBAODA00UA6Y07CIASSLOUNHONHSLU0II7B829,0.2576894611350991
plate_3708,DCNGA5UGE78OPLUNG8HOOA6ISWRGIRUTAUSIOUNHANHCOD,0.17796639160012503
plate_3709,2,0.930625013251106
plate_3710,591385671,0.9524953793198704
plate_3711,UI57826786,0.3961044745075484
plate_3712,17O3,0.025677679106593132
plate_3713,2H48,0.2150096744298935
plate_3714,HUKUC51031967ICLOUG31967,0.5250429823403806
plate_3715,66751452952,0.48001547505012326
plate_3716,51H63787,0.30244613457090885
plate_3717,51321021KVAICY,0.1285390275804586
plate_3718,BHBHGIWWR6USCH51692231MARTCOMIUUE,0.4386914424143529
plate_3719,TASHREWINRAYE6072,0.263944301921302
plate_3720,T7I95652GRAO,0.5563570632145699
plate_3721,CIYICAER,0.0023674393143620475
plate_3722,51687503,0.32628200860707074
plate_3723,67W1L8625,0.31186519908468363
plate_3724,9081165210,0.4499285460992869
plate_3725,96640,0.052505594233284054
plate_3726,55K24966,0.3649907322701945
plate_3727,MOLRNYHTDULYI,0.02625366494119065
plate_3728,,0.0
plate_3729,51060974,0.7138542640043251
plate_3730,MANAC,0.03466548242698384
plate_3731,69860,0.5689447690969092
plate_3732,IUAKEOHAIN90,0.18085828529430495
plate_3733,,0.0
plate_3734,ACOAE52X95035,0.42765365103162595
plate_3735,2,0.1290380133710594
plate_3736,60Z0023,0.9472766220569611
plate_3737,60Z0023,0.6601180574797281
plate_3738,59C144893,0.4218221997528295
plate_3739,69F135698,0.8012658870847414
plate_3740,69F1135698,0.5679816141450138
plate_3741,61625726,0.40453772438530156
plate_3742,,0.0
plate_3743,ROLIUUNGTHINHLANDTRUST71C263510,0.42821055453055373
plate_3744,ZOZULVLL66N6GN,0.0245278844265653
plate_3745,A7I6220551AG,0.39157929322694535
plate_3746,NKGAYEBIALE22UICAA1D74O307OS14S,0.3366746877486034
plate_3747,MANCA,0.6736252229243471
plate_3748,,0.0
plate_3749,CAKOTT7AUOTA761C19409,0.2883234760171693
plate_3750,2126,0.6363312589478929
plate_3751,NTCUOSIK17205,0.27262605046133587
plate_3752,60A32801SSSAA2,0.38557715051998254
plate_3753,6745NLBS674,0.21704089202739474
plate_3754,MOVEWYSTAXEBUAYEQUAGSU51F55717,0.3231179049730354
plate_3755,YETUNGMOS005521,0.19937415823025417
plate_3756,5IK51275,0.5600336455645043
plate_3757,591267157,0.609510412587122
plate_3758,FAONTIGB1C29016,0.2963167377319351
plate_3759,5934150YR12V5436,0.32787751363382767
plate_3760,792257681,0.5476487752534613
plate_3761,516OIA13,0.22658190920699475
plate_3762,IEHOPDUIGHD57H92296,0.40871916273275277
plate_3763,CHUCMUNG62419480768117204MUIGN0A3G,0.4331432794757732
plate_3764,88HU009,0.7923474661202281
plate_3765,RPOMER0I59XZ11152,0.19341052058649
plate_3766,XNGRON95I1XANGE5ROM924DO005S41RADAD7RATRIC465229,0.3331770526508583
plate_3767,3635THIENNAMSON091124212103059H2,0.40156698143737646
plate_3768,DNREOER0121582,0.3008734942923797
plate_3769,OOKRISUZU51013271POSINETCO,0.38680186930306143
plate_3770,84K131546,0.6368220580781536
plate_3771,6TE00037,0.31098276552856263
plate_3772,62521006,0.7425473034381866
plate_3773,SOLISONLZLNLZ8485748752482SUZBQNZOBCNZO51057487,0.39555356639963446
plate_3774,OXMHILSHT,0.07252607699825904
plate_3775,51081243,0.8048804793936999
plate_3776,KHCCCCT7OOOE,0.24722562459397293
plate_3777,490459800832859I35264,0.2934285357593091
plate_3778,HLL,0.0780546443229381
plate_3779,,0.0
plate_3780,KDANG,0.363550633080649
plate_3781,HADV,0.0706122023841362
plate_3782,84A54103125,0.6448088338010846
plate_3783,,0.0
plate_3784,,0.0
plate_3785,BUHUTIEUMYTHO830,0.6284520985394366
plate_3786,,0.0
plate_3787,G380T23151,0.46827238492196793
plate_3788,38L123157,0.4449791588578914
plate_3789,380123157,0.61247267291552
plate_3790,Y60C275408,0.3625275826625704
plate_3791,59F226613,0.5800109858190331
plate_3792,591460017,0.5331785292725268
plate_3793,DBUK93750265,0.8110679402066773
plate_3794,7ZFT68599,0.5544417955214818
plate_3795,HEU61F29058284CKO,0.1062541580641254
plate_3796,,0.0
plate_3797,EK00888,0.30115813323920937
plate_3798,51620246,0.32706342348112455
plate_3799,,0.0
plate_3800,CHHIEUGEOIRAE7APLUNCPIWAODE829AIW,0.12644763631469455
plate_3801,95BT03616,0.6828671502649893
plate_3802,5991202395,0.4702985953060933
plate_3803,07260081,0.13939551774214706
plate_3804,59P241572329,0.6953720771693092
plate_3805,55P34645,0.9499454528236307
plate_3806,77LI80030ATNO,0.23889459074939393
plate_3807,5935181E,0.7433890792041381
plate_3808,62M169385,0.6850335696196489
plate_3809,598133216,0.8501758306485206
plate_3810,71B158609,0.6831564231987763
plate_3811,47E160769,0.4519392872213539
plate_3812,55N43634,0.46496764866213564
plate_3813,59017553060C289440,0.5456380681125053
plate_3814,HOYDA59CA10105659L293392,0.6003990499045431
plate_3815,72FL961859BT44032,0.724489694049497
plate_3816,83C122190638279357,0.8101461038391624
plate_3817,62ET30233670216751,0.4603586464076421
plate_3818,595248158,0.3954472377198385
plate_3819,59E121500,0.6863597560460601
plate_3820,59L206377,0.6206981017448922
plate_3821,52U78693,0.9512467911954929
plate_3822,59F168955,0.9131451191190687
plate_3823,59V707473,0.6197094144279809
plate_3824,59H154986,0.9395259365264594
plate_3825,59U109619,0.5494229024260672
plate_3826,608555723,0.9360091097719716
plate_3827,51F8779,0.45552918537766574
plate_3828,608531402,0.7316048406796614
plate_3829,37M107918E,0.26009515625792484
plate_3830,4702,0.9561469554901123
plate_3831,59V184031,0.49606629126282603
plate_3832,638957926,0.5084939405884219
plate_3833,85FT00417,0.43024710060686266
plate_3834,65521319,0.8707730877853659
plate_3835,59C100507,0.47428104788483083
plate_3836,8781726810,0.40389592931423496
plate_3837,5903519,0.7614656968228894
plate_3838,52H99892,0.6398328104276563
plate_3839,84K3900,0.5330680383143399
plate_3840,49B131215,0.5291690953024641
plate_3841,598185199,0.49408659902094554
plate_3842,54052813,0.6454783632395469
plate_3843,596198907,0.7027105461218961
plate_3844,84G122593,0.5517837285979881
plate_3845,59U159897,0.6959359239653181
plate_3846,30745882,0.6812422985552383
plate_3847,59FI38151,0.927530165151078
plate_3848,60U23465,0.9373980736724611
plate_3849,67106669,0.549154911760913
plate_3850,8501121869,0.9494642940277467
plate_3851,59T177207,0.6795310047182175
plate_3852,59H162281,0.3964121032357246
plate_3853,595208082,0.8583592049600384
plate_3854,590650,0.9971318664460133
plate_3855,72FI20613,0.6205968055774536
plate_3856,59K119374,0.5547667898999065
plate_3857,172377701,0.4462440242503965
plate_3858,59L205442,0.4955128320465051
plate_3859,54589169,0.6947723267371034
plate_3860,68070,0.23286514998803243
plate_3861,016118501,0.6288023717095962
plate_3862,72C136087,0.6529867824156568
plate_3863,52779752,0.6633769055768505
plate_3864,592GU84,0.4443793181204595
plate_3865,592K787515,0.6577513011189605
plate_3866,54L39902,0.7247307930020628
plate_3867,54555036,0.8624509410591841
plate_3868,591211894,0.7534784245869042
plate_3869,60FP1469,0.9681082347066998
plate_3870,59T192270,0.6942440596608086
plate_3871,608628032,0.8657914976551183
plate_3872,59E12903,0.5381148232471136
plate_3873,67BT40832,0.7008512544691674
plate_3874,59L184159,0.49602139240869464
plate_3875,54730255,0.8372742366408121
plate_3876,59515513,0.6346684636375483
plate_3877,600816455,0.42895008837299564
plate_3878,864366081,0.46060114458857393
plate_3879,59L229471,0.7987083837031745
plate_3880,95611643,0.6026076071810316
plate_3881,49H71975,0.7003183257963677
plate_3882,59T192270,0.638387846457771
plate_3883,52F86932,0.9916151177002737
plate_3884,59C139Z0U,0.4709264078458849
plate_3885,59T161654,0.8455753679676011
plate_3886,59C25929,0.39573171812930386
plate_3887,0C123174,0.28854732860127985
plate_3888,688608797,0.5188335636220862
plate_3889,29C120902,0.7777864385281005
plate_3890,7079159I7,0.5549571939938308
plate_3891,59PI89739,0.6490575265705798
plate_3892,59V187754,0.4692376492040038
plate_3893,591178582,0.6829796083066163
plate_3894,72E101515,0.6126119136358934
plate_3895,59E125297,0.5866560816992507
plate_3896,77C139373,0.8002163351018737
plate_3897,597153668,0.5761571526396491
plate_3898,51H25512,0.8160679357505818
plate_3899,498104182,0.9849447063259238
plate_3900,59E108058,0.7530075862260496
plate_3901,55P4464,0.9703677580930796
plate_3902,597162133,0.6908191546732954
plate_3903,59H121704,0.31816697818312023
plate_3904,72L86035,0.7023391404408137
plate_3905,59U15L76,0.6182886822690452
plate_3906,0055777,0.552928480082705
plate_3907,12N65519,0.6499138539622856
plate_3908,59B185294,0.48500787089116243
plate_3909,59H1L3986,0.5710978385403784
plate_3910,59V159716,0.6795470297234009
plate_3911,54L64897,0.6446147104525155
plate_3912,5144579,0.7941817764300396
plate_3913,59C139916,0.8275729691215336
plate_3914,59T28966,0.566949538002361
plate_3915,59F156129,0.5896680475125453
plate_3916,59C162818,0.40513730146229415
plate_3917,598738731,0.26368338039146855
plate_3918,57126487,0.6526233184865156
plate_3919,596187671,0.8130297919772309
plate_3920,595241737,0.7768637429228056
plate_3921,53R88556,0.6000774978988188
plate_3922,59P2479,0.6849056816730545
plate_3923,59P201920,0.8330061833861957
plate_3924,59F145842,0.5734956607656414
plate_3925,590206428,0.9133463368886456
plate_3926,49K71975,0.6963125720055177
plate_3927,59W774939,0.34845505768116575
plate_3928,68T90223,0.7540085483525959
plate_3929,59C132428,0.6441826685574848
plate_3930,59123938,0.3322614288570934
plate_3931,59K774864,0.5176908422665506
plate_3932,595232386,0.7322857593622998
plate_3933,598122968,0.8238751084812406
plate_3934,59C131162,0.4893052201395407
plate_3935,706113509,0.7795381402830286
plate_3936,59T164417,0.575832600028932
plate_3937,71H19657,0.7909856700985556
plate_3938,69U120415,0.5978247852139951
plate_3939,608562583,0.7653530967908986
plate_3940,591200884,0.6475168730766498
plate_3941,708155132,0.5697729344495605
plate_3942,59M17102,0.26945664831641886
plate_3943,63H27326,0.9275282014049258
plate_3944,93PI17409,0.5899300635418815
plate_3945,608325220,0.7355454858513595
plate_3946,59E765902,0.5673026979073479
plate_3947,59TI59973,0.5518546868613396
plate_3948,72FIL85507,0.26972639373085316
plate_3949,597156150,0.7457533477305269
plate_3950,86C107261,0.6260950373121064
plate_3951,065447301,0.43947355986288894
plate_3952,59FI03055,0.5792502103010031
plate_3953,59EI64516,0.41907567653809413
plate_3954,59K176654,0.5907484893232332
plate_3955,59E156347,0.551919001204736
plate_3956,59KI64227,0.8883170279561374
plate_3957,51K61392,0.7540003306299812
plate_3958,67E105420,0.48561949023451745
plate_3959,59F158405,0.5199318481696902
plate_3960,608286161,0.6934640405300059
plate_3961,59C104054,0.5637393289458223
plate_3962,59H1776049,0.2935944552104918
plate_3963,51U823,0.7889218996614129
plate_3964,59013820,0.8698886931946368
plate_3965,59016720,0.1959098203284229
plate_3966,59715285033,0.8284738848869662
plate_3967,62K117529,0.9604006448613367
plate_3968,59F118814,0.7591098839451684
plate_3969,59FI26626,0.26142656532618114
plate_3970,79C1422171,0.5331934292738649
plate_3971,59F0101978,0.4477265266064033
plate_3972,6421888,0.6010514933173853
plate_3973,59P21206,0.807549052578945
plate_3974,77Y34619,0.6652621352459049
plate_3975,59C12631,0.5338400259780635
plate_3976,59CT61891,0.7421460556696066
plate_3977,69U11670,0.4270742313345932
plate_3978,51563577,0.5385708786529965
plate_3979,222977H6,0.7370191359123531
plate_3980,81H1220L,0.40761840230228813
plate_3981,5517546,0.5512044633116994
plate_3982,59E170535,0.6627804557571291
plate_3983,59KI13099,0.5631823845732429
plate_3984,60FI61750,0.7521129043883739
plate_3985,59L205442,0.5972895041603276
plate_3986,68X121002,0.7678886636136373
plate_3987,5907790,0.4401827707403148
plate_3988,52P20878,0.6531999366128713
plate_3989,64P3069,0.6465639170911148
plate_3990,59P232334,0.6264858742328532
plate_3991,828110169,0.33711097930341455
plate_3992,16M90826,0.7758069038270303
plate_3993,595228834,0.7510195702810529
plate_3994,598131489,0.7121484068110004
plate_3995,51Y989L,0.32206674596276685
plate_3996,6253503,0.7303888207482627
plate_3997,77L100895,0.4424757391327075
plate_3998,5442443,0.2799132301541008
plate_3999,60B193113,0.6954773602316078
plate_4000,71H88424,0.7409272060251185
plate_4001,71B711345113,0.3890228033762669
plate_4002,59KI01425,0.5154285628879829
plate_4003,59P747969,0.6723468904446365
plate_4004,49E115383,0.6715630361831519
plate_4005,59V109869,0.8040575957594454
plate_4006,51Y9094,0.456072439658606
plate_4007,53X66011,0.9692559070024338
plate_4008,63B14099,0.6581068628511466
plate_4009,54F30667,0.6752396393731788
plate_4010,55Y19833,0.6239617987130501
plate_4011,592120681,0.8729903652366127
plate_4012,54U57119,0.7499779238828218
plate_4013,61G175122,0.6556914550500197
plate_4014,59C2L2504,0.4442670633588244
plate_4015,592T3826,0.27758344001957835
plate_4016,59PI24497,0.45025227947975976
plate_4017,638613421,0.859237497964942
plate_4018,76U113938,0.4903909075755291
plate_4019,59X267178,0.8357932104408818
plate_4020,1946659H1,0.4805989386625287
plate_4021,59713930,0.5283714120809686
plate_4022,59U193221,0.6029092483399351
plate_4023,595229969,0.6963300692035637
plate_4024,59201224,0.5190363648408587
plate_4025,97E119312,0.5476668816856793
plate_4026,85R83682,0.7822051774803366
plate_4027,59IT00246,0.3744477069458125
plate_4028,59PI83163,0.4365718958774616
plate_4029,59P183738,0.41576731034480857
plate_4030,5LTL6647,0.4500564175214759
plate_4031,59615255,0.22631748062134244
plate_4032,5921500,0.7480914858597408
plate_4033,59T159973,0.7000452572174671
plate_4034,53Y3561607,0.5515142929567157
plate_4035,61T52787,0.5212774687089824
plate_4036,59E100179,0.5064131935505023
plate_4037,60200684,0.6949503985745653
plate_4038,595194423,0.6719268734863235
plate_4039,816113556,0.7044163841688619
plate_4040,59T16685,0.41038564801087796
plate_4041,59P281316,0.7017670068044307
plate_4042,54P72138,0.7709232143028628
plate_4043,59KI22599,0.708146189250676
plate_4044,59107790,0.6767705433534816
plate_4045,59X1807438,0.5991070308714154
plate_4046,59E102993,0.6709974015021187
plate_4047,60FL7420,0.9607589135905577
plate_4048,590213112,0.558001454749068
plate_4049,52F73840,0.95166733365098
plate_4050,59P208324,0.5047540231236887
plate_4051,59P223103,0.8339724110276484
plate_4052,52F58512,0.472638475558679
plate_4053,51593114,0.9417978694312767
plate_4054,26C167515,0.45999741768232894
plate_4055,93K11OO5,0.6690345752707917
plate_4056,F9PT8967,0.30329859634657164
plate_4057,54590621,0.8687407997177761
plate_4058,66P151993,0.7764689911470262
plate_4059,51L68446,0.7251278790759894
plate_4060,VA251154520,0.33864570343056105
plate_4061,59C228114,0.5155200787708107
plate_4062,8884759PT,0.6908494091314143
plate_4063,608149139,0.3519927473667061
plate_4064,54585452,0.7101861987814826
plate_4065,59HT7151,0.5667533917345398
plate_4066,8233459P2,0.44546297339425456
plate_4067,59P178999,0.7326611350945523
plate_4068,55YL8437,0.6453572566646864
plate_4069,61570134,0.8208703398704529
plate_4070,5990208,0.884809481924753
plate_4071,54516820,0.26403718441724777
plate_4072,59T16567,0.5948759575067989
plate_4073,59H1L3564,0.4140671018222136
plate_4074,93FIL17078,0.571329137312026
plate_4075,59E170850,0.6908350466170781
plate_4076,598138559,0.8171201288266461
plate_4077,54H14882,0.68443463742733
plate_4078,594275198,0.5897654166072379
plate_4079,55P92840,0.8875945521519405
plate_4080,55X86970,0.7144544571638107
plate_4081,5123974,0.8032732918488459
plate_4082,59FI73270,0.6751503420446245
plate_4083,590180728,0.5509384908698935
plate_4084,595220279,0.7069182780068188
plate_4085,59M46204,0.526464695735553
plate_4086,59FT63186,0.7666473489226293
plate_4087,54T40987,0.5531183884103948
plate_4088,59KI22323,0.6249318338922
plate_4089,59E708670,0.3292459729557984
plate_4090,54T56168,0.7100347147578694
plate_4091,59Y23815,0.7303336786138575
plate_4092,591204775,0.7547446752545731
plate_4093,81G1110,0.5795717276979416
plate_4094,69C72059,0.30254711791561484
plate_4095,591744588,0.4270105572263833
plate_4096,70G124552,0.6489051316044219
plate_4097,49K727144,0.4729318283900179
plate_4098,APPIE5413L07,0.38254790647579845
plate_4099,22H57198,0.660322088085378
plate_4100,59M156192,0.22789623053570834
plate_4101,72C105018,0.8593528084981165
plate_4102,54S13034,0.7489336321299355
plate_4103,74K15866,0.6290817410803463
plate_4104,590188728,0.6457714168876464
plate_4105,5457321,0.880595554383496
plate_4106,59H185460,0.4341057271377744
plate_4107,59FI03055,0.6291455083657724
plate_4108,50C3878,0.7528201104072486
plate_4109,3997149E1,0.553406485328769
plate_4110,59XI21394,0.4492927926938304
plate_4111,77F125389,0.6450924700649153
plate_4112,59P198876,0.7412691558319171
plate_4113,59T176443,0.7524549128032233
plate_4114,59P19L751,0.36939329597820225
plate_4115,5LM29266,0.6395404785871506
plate_4116,54Y78344,0.38193752244114876
plate_4117,13ME352,0.6171055825065231
plate_4118,51K2103,0.7999739727751335
plate_4119,59FI82210,0.43665946594876703
plate_4120,59P214706,0.5993621163819618
plate_4121,62KB5607,0.7970954775810242
plate_4122,54550802,0.446818261537355
plate_4123,67B108595,0.6497650915554738
plate_4124,59FI11299,0.7370427627681823
plate_4125,595191667,0.5767179423056821
plate_4126,59C161110,0.5699248181078834
plate_4127,59Y276796,0.7815071840073606
plate_4128,59511991,0.9008551906774951
plate_4129,56PT6734,0.7042910445845961
plate_4130,595201572,0.8015106460613926
plate_4131,544770,0.5735586256953505
plate_4132,67B140833,0.3903794102720774
plate_4133,59U772979,0.7624519166938168
plate_4134,79H58812,0.9314905047284772
plate_4135,59C155980,0.6943115347046872
plate_4136,59ET70762,0.6274407646315227
plate_4137,54H25463,0.7138835180155305
plate_4138,59M186608,0.5833573151404886
plate_4139,50BA5557,0.4184768834716393
plate_4140,62P753221,0.3403590059645245
plate_4141,61712662,0.683690941532151
plate_4142,61X23244,0.6566149222764655
plate_4143,53571589,0.6190611639024677
plate_4144,59U174490,0.6399104781196949
plate_4145,59E158284,0.5499127118500664
plate_4146,59T103617,0.6953012115843373
plate_4147,59P200263,0.6892887912086663
plate_4148,50R61172,0.8136734168418073
plate_4149,597127957,0.47732597054870607
plate_4150,59C147157,0.630921434319001
plate_4151,59123682,0.7547283603618653
plate_4152,868117630,0.27198988260208956
plate_4153,72L93L41,0.5000416662274354
plate_4154,868670226,0.8795188714058947
plate_4155,5439264,0.5621838197112083
plate_4156,59T127242,0.891036422641504
plate_4157,59C262872,0.7087091402335035
plate_4158,59H13727,0.5718679955306765
plate_4159,59K760919,0.6316106512807234
plate_4160,5120563L,0.5842982993616106
plate_4161,54F37071,0.8032378852367401
plate_4162,59C13017,0.5472682477446376
plate_4163,677125949,0.6950675771686596
plate_4164,93FI24985,0.6544957022444343
plate_4165,59018262,0.7154059945527279
plate_4166,54U39055,0.7868543170701778
plate_4167,64C104262,0.31736571942607866
plate_4168,59H132122,0.7439274951873764
plate_4169,590176947,0.6663365437885076
plate_4170,59C257472,0.8118119489463838
plate_4171,54SL4283,0.7568429676349755
plate_4172,594308642,0.7607480928848029
plate_4173,93FI26479,0.39418403442007466
plate_4174,590186123,0.45367513536530374
plate_4175,49K138886,0.42753743745894934
plate_4176,BCTF00270,0.5836036966059934
plate_4177,59FI75031,0.5460234761216944
plate_4178,55P71233,0.9720258245722753
plate_4179,59U111444,0.7013565450750414
plate_4180,60FI1516,0.4534612906343126
plate_4181,63Y50916,0.5043326157768304
plate_4182,94KI00202,0.5227673484265314
plate_4183,595171398,0.4519163931650423
plate_4184,84ET26377,0.7179913567278238
plate_4185,52P87232,0.8857648903421502
plate_4186,59L118044,0.4370495512831227
plate_4187,510147834,0.76145588069063
plate_4188,59C132502,0.6752754280710894
plate_4189,598165294,0.6758873209993979
plate_4190,59F182787,0.6704283354365803
plate_4191,59T13377,0.662919953473937
plate_4192,71539276,0.9801152833294589
plate_4193,51F6090,0.8104229070989928
plate_4194,63H51336,0.6697089467481169
plate_4195,5911871,0.7390758196110987
plate_4196,56K45535,0.5805778737265497
plate_4197,54L69606,0.9588954800746108
plate_4198,54PL8871,0.6359776434266298
plate_4199,6828,0.29986846393569333
plate_4200,51H42822,0.7722384518569676
plate_4201,30F74765,0.7646057068122856
plate_4202,59H155556,0.6685407809831194
plate_4203,595246039,0.9871088922305009
plate_4204,290763516,0.5681167726949269
plate_4205,59K1201,0.5502101197917891
plate_4206,54Y88280,0.9065817892551422
plate_4207,59FI13230,0.5603322400829865
plate_4208,72H117359,0.7617196486549735
plate_4209,59FI84587,0.4607774172597304
plate_4210,597186494,0.7942837240010738
plate_4211,51271533,0.6061312745555034
plate_4212,59M797372,0.4114703987973227
plate_4213,69S10384,0.25379948687565385
plate_4214,59Y214465,0.6047592051091688
plate_4215,59P215270,0.7436732540393536
plate_4216,67K136037,0.5730508666832872
plate_4217,478177040,0.6265091715006466
plate_4218,51P74022,0.679066628351506
plate_4219,60891570,0.6030978191892528
plate_4220,61C1761407,0.46827212769852467
plate_4221,59T18082,0.43283979822143276
plate_4222,0845473,0.581041478194132
plate_4223,5478348,0.5363311138338034
plate_4224,59208217,0.714208136354928
plate_4225,54H22721,0.6934762129503443
plate_4226,73G1317544V7,0.3254495972940586
plate_4227,67183525,0.45440928635560707
plate_4228,52H90589,0.626755950367756
plate_4229,59KI99217,0.7827748918005617
plate_4230,590167023,0.7282089923940335
plate_4231,665712239,0.4047918649428355
plate_4232,54850,0.942996112615218
plate_4233,59C131162,0.5881993000668163
plate_4234,59FI16692,0.7312721098685946
plate_4235,59U145267,0.6666220701702221
plate_4236,61N9396,0.8069715273632283
plate_4237,FT4B5G59X1626895953,0.48288748809263726
plate_4238,131296IC13129,0.681731691713622
plate_4239,VADRADAC61C24114,0.5651072489340958
plate_4240,UACUUNG0107KHOHIRUONGMG502YIMOK10303200027LG89T02B,0.23650714455067945
plate_4241,GU61C05367,0.15309878514593922
plate_4242,ISUZU751004162,0.6582442166906599
plate_4243,9UU0COSOBHOACUONG1R2SOKHOHIRUONGCUE6996E728628,0.20247695377899774
plate_4244,090425IF10525,0.379280275297905
plate_4245,5LX24945,0.7269343026931021
plate_4246,COMCXIM8OK0I08R00100,0.14652827992493422
plate_4247,5376191377K138154,0.3794678313440981
plate_4248,NCMNTACDAYMIAHOVUCAHATCARDDICNIMOAL09E9700597129867595226399,0.361541751352388
plate_4249,CAHINGUTU66VALN16NLGIPODPHTI07097230100709174448OCIOUDUEHGTCHYAHKARCORGTYOPRINOOEDUNGTHUNPHIAL8GO2CSOHOACUONGT0FENRSSVIEKMCODS23E5AIC0728I0KHOAIROS02839BLOUE2FEDCEANECHHHIYHC6NSTTTHHKSXYDDMKH64NS8GOA2432AEDNKERINIEUUNULIWONGZIRAO4925WIFI08OAZOOOKINLICLIQUKIADI50MI94POIKKNMYPIANPTTTRUDLCD702821BDLGCG9YPLI13985594FR81U4GOGHAUHUDNUOC50972301007COMGNOCMIAXLNARMTNATACIUYHMNYSXICMANMDAYTA7CHIDDCD5AFLNUOCKMAT3OKEBOKCARDDITNTMOAL071065O0358202DT082ODOOLU1O5KHXYPASS07A1,0.19349647687089536
plate_4250,QIKIRS28814ILMUH972301007COMGTNPRNDXIMGOR12082R,0.26020818728357636
plate_4251,BOC52811066QE2,0.18889041806671433
plate_4252,51041498E6161270,0.317505937134184
plate_4253,47DUC,0.12543264581286975
plate_4254,QCLONGOUAN5526160CK06769,0.4205744527998359
plate_4255,LONGOUR61E00B0122113,0.6705379887911508
plate_4256,EY17343,0.23422090812774035
plate_4257,UIODASL8IW71411343,0.35438175292342244
plate_4258,15571NGUYENSONG,0.6903073658458235
plate_4259,SONGNGUYN51015577TI,0.5549385044349319
plate_4260,NOQ6COSDDHOACUONE0U2SITOONOCOMGEIXIV7459,0.1735649589818964
plate_4261,05Q08B5I0439ICLE,0.07606784673387888
plate_4262,41RNBIM4EUSENCDUCIELAXVIENALIT8GO2CSHOACUONG0872280100701KHOHIRUMOSNONY8G00OUAZA9AOZAONAPIPONAILIXBUMUR2S5WITI06042000KULGLIAQUKICHERODDUCHCGDBF0LONGZIMNANONNFVRIGDUAN115S5399257839241DONUG8170IBLUHUUDNUOC0972CMGNUOCMIAZIMTACCHANIIDAYECAPMENANGO1BOKHUOCCIATRMACARDDICNIHDAL0862200700GCFOOCENGHO8D6OZALYLLOFLADRUL09722301007HEWMUAIUBNGIA,0.19475241414829594
plate_4263,22L80,0.14868676121713792
plate_4264,ILNOG9U2CSBHOA00I2SI0KHOHIRC6KIGCS1328FBQ9728CMCINFXIM30K802OU,0.19387543944920718
plate_4265,OUANCMIADAYBAHC04141IENTHOAL7620112610B,0.2553628718446644
plate_4266,DUC59YL53004,0.43739801345844276
plate_4267,CTUNIINNG161VAOVAN59PY065102,0.31588605300753364
plate_4268,GVYILSUIINMGIMK38320040059I63660,0.36468889281162536
plate_4269,DCITTIRNTITTII7NLONGLOIVAODUAN001S9,0.452952665002319
plate_4270,51ATUCSANI8930,0.36254616344897367
plate_4271,,0.0
plate_4272,,0.0
plate_4273,520OIO370186862,0.7244245709611125
plate_4274,52YCLI,0.13447016537552398
plate_4275,59X318737,0.4904886953986119
plate_4276,770128125598318737,0.7059141331182653
plate_4277,55K63B175425256770123257,0.34483511192276217
plate_4278,,0.0
plate_4279,79HFI12850,0.2655033986435643
plate_4280,P0,0.28108625298151857
plate_4281,4I6959,0.25132517611725697
plate_4282,5376321151,0.33636284987819476
plate_4283,6085983645317821,0.2826357492828291
plate_4284,7R21OSL,0.12705135280236995
plate_4285,5485,0.5669146639535723
plate_4286,GIAYDEPQUANGIRUNGSUAPHUCCY59Y13945876811873,0.5713650698279064
plate_4287,T22,0.36224441510390426
plate_4288,51079348OVGAO,0.32307111835051416
plate_4289,D1240792400476501,0.4987606604179774
plate_4290,62434248,0.5409480296005069
plate_4291,MOC97L022265GY165856,0.48656597731067075
plate_4292,GIOO51C81788059H2132872CT50260,0.4363550009351149
plate_4293,GRO5GROO6017068G1129219792891,0.41806445669928793
plate_4294,70HF7205,0.19202734455375225
plate_4295,59X7163066,0.45536171126463576
plate_4296,6ICT61134,0.502402904660766
plate_4297,SALQONBUSIUYLNDUNC51BLHT0A51472590547BZ36955,0.5109206430281656
plate_4298,LCALLF832932590156368,0.6754525388742205
plate_4299,501212951,0.4533256812435563
plate_4300,IPF92401AANS59XT38225MATH,0.347205100877809
plate_4301,77H15509,0.30483887076223154
plate_4302,51K50953,0.7266177150314326
plate_4303,BOI59CO16526,0.3949816013289526
plate_4304,61F07122,0.3414872601276416
plate_4305,135291Q8082559X1,0.3173548215343056
plate_4306,50YI28265,0.1965808363584134
plate_4307,59T218067,0.5351227210195284
plate_4308,UULDTRAUA27443647,0.29779905194719375
plate_4309,5180643051806430NUUDODUUGOGUUWNIR76CI5655,0.4494142022627769
plate_4310,2946225,0.3890492245554924
plate_4311,WMSTNARW5IC49485,0.2964054365990628
plate_4312,56559,0.5595490283261757
plate_4313,107AN000,0.19565909037748855
plate_4314,BOX,0.5275520481254264
plate_4315,CELLPHONE5DIRIHOUTH5607GSPOR,0.28836566595561586
plate_4316,79E25512019240065,0.5093683155388566
plate_4317,516MSSQU92506638290679,0.7058251958811652
plate_4318,OCOUMSW4GDVOROL8451H69860,0.23662803463704934
plate_4319,SUAG51869860,0.4516478357494531
plate_4320,NSY322T151H09488,0.17469893995864852
plate_4321,597126128,0.1613764781283068
plate_4322,,0.0
plate_4323,DELTAV,0.6724965560501376
plate_4324,DELTAVNOWFOOD938267239268224270,0.36798913740135136
plate_4325,,0.0
plate_4326,WONOUVOHONG,0.09790489195412148
plate_4327,GOEK2E2295,0.2516322656904885
plate_4328,29186422,0.31793540152981187
plate_4329,6OA51361,0.2894145464785337
plate_4330,,0.0
plate_4331,EF28008,0.2622763029447135
plate_4332,772FILL,0.3180050787438818
plate_4333,,0.0
plate_4334,03188711,0.6260055356600251
plate_4335,,0.0
plate_4336,1632,0.991538399159911
plate_4337,57R23288,0.9036964862365395
plate_4338,59183574,0.35055691427019653
plate_4339,60TT65099,0.41762472072609813
plate_4340,1612133777973,0.467142054596492
plate_4341,PIE79N296995,0.5643595938407379
plate_4342,51438907,0.6180769540163382
plate_4343,29A4039,0.47766971270651815
plate_4344,BO460434,0.260372008157846
plate_4345,7524150Z6788,0.7042044969736376
plate_4346,2503OF05897,0.5404174709245312
plate_4347,29433928,0.5192597129690014
plate_4348,B0E43502,0.3748142323050423
plate_4349,114INEZ30418251,0.3233918407017468
plate_4350,0N0771,0.3884125014887039
plate_4351,0F50483,0.29845967474840546
plate_4352,8023150,0.22628398751775103
plate_4353,99408929,0.43714817930000116
plate_4354,30426583,0.4645936175650699
plate_4355,89406932,0.5294050381558421
plate_4356,BOA04180,0.39549165272366227
plate_4357,9A0008,0.380107307137941
plate_4358,3UE04914,0.8158727058169004
plate_4359,B0404926,0.5307290798936591
plate_4360,290056,0.439880414536635
plate_4361,30A05857,0.48248316247899015
plate_4362,CRY30606524,0.5596954932192406
plate_4363,99408929,0.604669747442589
plate_4364,6798A134,0.6756991736550738
plate_4365,TND8GC13497,0.4723329643230148
plate_4366,89113780,0.8312143459443941
plate_4367,894HR14723,0.62898325695279
plate_4368,89415717,0.8422114455582497
plate_4369,29415963,0.8141976296575448
plate_4370,B0F20449,0.2222005193198704
plate_4371,B0F20449,0.3316682336004563
plate_4372,138G75214,0.6936677332799622
plate_4373,P94231361,0.25848577316497234
plate_4374,98429814,0.5047822501656811
plate_4375,8063153,0.22121631797594268
plate_4376,BIZALDAEWOD30631697,0.6570198294433434
plate_4377,B0F32245,0.5064543861399207
plate_4378,30F32951,0.8662548120843633
plate_4379,AI25890,0.0381702853358776
plate_4380,30687213,0.7079814564471624
plate_4381,30637213,0.9046986204949893
plate_4382,29462945,0.27170946213798153
plate_4383,80613755,0.24839146201181123
plate_4384,80613755,0.24839146201181123
plate_4385,BOA44035,0.6442951302477511
plate_4386,BOMI4703,0.41712817549705505
plate_4387,127730649689,0.2858695853792989
plate_4388,30FIISCWA5204,0.6748152971692504
plate_4389,30F5204,0.9068540787192342
plate_4390,3046EUTEM52185,0.4430698487731087
plate_4391,61652917,0.15209726286984024
plate_4392,5Z29U541,0.392918409653326
plate_4393,0E58220,0.34832292518102537
plate_4394,GAD29460032,0.2886009018854211
plate_4395,3UA161153,0.4337433286293474
plate_4396,30E63563,0.622446445853808
plate_4397,30E63563,0.6760498752225473
plate_4398,29468005GURD,0.4110376509772866
plate_4399,29177990,0.6544025025331071
plate_4400,00479330,0.24577872138356432
plate_4401,29485437,0.5025207697937704
plate_4402,50526040,0.05195143113586613
plate_4403,20190546,0.3005834932203239
plate_4404,51694303,0.7948941366354639
plate_4405,BOF9725,0.6486142192516907
plate_4406,30E99127,0.8632737126634467
plate_4407,BR130,0.09008863735765266
plate_4408,668942061,0.5981175058187627
plate_4409,70Y074LANDCRUISER36401418FONU,0.5884651689417177
plate_4410,RANGER29H02042,0.7220155807298025
plate_4411,30102965,0.5686225900007124
plate_4412,30F2523PTEMIUML,0.452142627401614
plate_4413,89407394,0.39617143055860565
plate_4414,89407758,0.6981456187190209
plate_4415,0893G,0.06289315503509796
plate_4416,89410993,0.5016436077106798
plate_4417,30611155,0.9327239292736693
plate_4418,BOF17103,0.958990771604013
plate_4419,891530,0.16832135971002657
plate_4420,19599SRDUA89C,0.2463364516340943
plate_4421,9C19599,0.6130960516089085
plate_4422,668942061,0.5981175058187627
plate_4423,2R2EI,0.07574167548952569
plate_4424,29021596,0.9039612672452118
plate_4425,36A25649,0.43454294345831024
plate_4426,36425649,0.5909750263997046
plate_4427,30F26449,0.7418903026033632
plate_4428,BUF26449,0.2163457863904928
plate_4429,57438509ERT,0.2789096493538796
plate_4430,29442050,0.6318541040944532
plate_4431,29442050,0.5483186305594889
plate_4432,30G43912,0.9624364431009834
plate_4433,30G56695,0.7997972513696694
plate_4434,31F5724,0.9594855410459404
plate_4435,30G59068,0.8569347919140169
plate_4436,291776767,0.23045003603230643
plate_4437,U71578PAN,0.4953558567787783
plate_4438,2971UZ97,0.4417293283324667
plate_4439,0198,0.1463625133037567
plate_4440,BOF91149,0.4281502069505905
plate_4441,30E38721,0.7324276740321526
plate_4442,OC58236,0.36920146543969434
plate_4443,20F35939,0.3105228795550976
plate_4444,304171980,0.5820319102584874
plate_4445,89A15973,0.5913960726892734
plate_4446,1100635,0.3397838065344165
plate_4447,655A4Y30F03523,0.6117805790322204
plate_4448,306039716,0.2059599180924872
plate_4449,B6404,0.39977168145332076
plate_4450,89404369,0.5122505163014184
plate_4451,BOF05779,0.5396926247983571
plate_4452,PICLMAAVNI8945820,0.48335563770403994
plate_4453,B0E706618,0.1527615879473932
plate_4454,29H06737,0.820113232468109
plate_4455,99408482,0.6713170794070205
plate_4456,29D108722,0.46708558447930393
plate_4457,66290095E,0.5943505230593883
plate_4458,29009566,0.366240002310101
plate_4459,59109560,0.14500920617665566
plate_4460,EURDLE29D09566,0.6440727371422431
plate_4461,29D09566,0.7004093779837646
plate_4462,80611155,0.39903649081403675
plate_4463,30F11292,0.8567944232758598
plate_4464,2942997,0.3597481222701284
plate_4465,DE12028,0.9536089890711943
plate_4466,BOE13028,0.3745804560352991
plate_4467,8066M,0.2601529596523178
plate_4468,UNOREZCAY29417543,0.3553548248587005
plate_4469,266994187,0.5321137990015943
plate_4470,5I111,0.10774681098926588
plate_4471,2IV19D,0.2399537492946425
plate_4472,2L9A19640,0.41879633279650613
plate_4473,30F19643,0.671380220140454
plate_4474,A,0.03039764483284224
plate_4475,80E19752,0.35069266990198955
plate_4476,B0E19903,0.8859592425490084
plate_4477,60F22250,0.4262923871490462
plate_4478,1A25074,0.4783368143820853
plate_4479,29425885,0.9003818687753513
plate_4480,29AWE25885,0.65115012012694
plate_4481,BOF27580,0.7257199382748393
plate_4482,29129547,0.3241389815400953
plate_4483,29N29447,0.11473129520614604
plate_4484,8063353,0.72023616826784
plate_4485,80E34411,0.4461473034746883
plate_4486,30E3444,0.6284553908390209
plate_4487,B063671,0.25619483740981036
plate_4488,80641159,0.39933520040884934
plate_4489,30E41231,0.3274381486278444
plate_4490,B0N4253,0.0756954604474987
plate_4491,B0F45081,0.37754134062796274
plate_4492,29426319,0.2996606325202799
plate_4493,80447005,0.580194013348598
plate_4494,0G55655,0.7105443802180804
plate_4495,30457599,0.6882850064941519
plate_4496,30457599,0.6797877281308371
plate_4497,30G58858,0.5738451310513986
plate_4498,UH61153,0.1600098481026877
plate_4499,30E163785,0.6341362726058762
plate_4500,3OF67403,0.6731921131178668
plate_4501,ZA173570,0.7990841801868287
plate_4502,296158,0.3150524376585906
plate_4503,CE,0.033264393917014495
plate_4504,30F76809,0.9274519183778439
plate_4505,B0F83605,0.429331459551382
plate_4506,30F00540,0.6311692000389424
plate_4507,CEHTA,0.16289668347608346
plate_4508,3UAG68,0.4482651568714794
plate_4509,29952330F,0.6948859456102856
plate_4510,30E71224,0.7253964489180535
plate_4511,VR30M4253,0.5868332407086473
plate_4512,B0I17253,0.4394575863918781
plate_4513,CEYONS572QKLG229009566,0.3350029590094641
plate_4514,89LD00546,0.7334149228151623
plate_4515,30E02141,0.6798617697924365
plate_4516,30003474,0.6560841437281085
plate_4517,30003947,0.30182442412810884
plate_4518,9407379,0.34203027016328874
plate_4519,89407379,0.8896663493466962
plate_4520,1107379,0.22964957522443902
plate_4521,9408877,0.194217376342386
plate_4522,30609132,0.6526239684290003
plate_4523,14409290,0.5130686342401046
plate_4524,E0609483,0.12313964477696525
plate_4525,ARN29409586,0.23163370234623423
plate_4526,8GA1034,0.6277272468974018
plate_4527,29H06156L,0.8450270570228923
plate_4528,98417339,0.852247655238553
plate_4529,16B81230,0.5201831662231355
plate_4530,2912471,0.4756738638220894
plate_4531,29T2471,0.782491097055662
plate_4532,80632965,0.5751154942291293
plate_4533,12S304B3949,0.442072264671931
plate_4534,BNN,0.036483317613601685
plate_4535,R430G36336,0.3029020087834521
plate_4536,29436815,0.6789222084145039
plate_4537,80G40304,0.3055335581859101
plate_4538,T9554,0.011068072442863845
plate_4539,P9C4674G,0.10191225802465186
plate_4540,2I6,0.03908514869524001
plate_4541,80F5122,0.4470532243148463
plate_4542,3OFPRA11443,0.3668077391534832
plate_4543,3OFELANTRA1443FS,0.5161605386925412
plate_4544,3OF61443ELANTRA,0.5036190582709965
plate_4545,,0.0
plate_4546,0G51624,0.5867632509140812
plate_4547,306BIOG,0.2927484308497502
plate_4548,SIU1,0.03292538598179817
plate_4549,ZORD30455695,0.2752088177852876
plate_4550,,0.0
plate_4551,29145722,0.17708816463842497
plate_4552,,0.0
plate_4553,80261035,0.7950052698462234
plate_4554,ANGEYYCFB4UBE,0.31023185972774375
plate_4555,2916M1G,0.060125586608135884
plate_4556,CTY3UF65946,0.4731304043936683
plate_4557,RANGER29C66628,0.7752582459712748
plate_4558,8,0.8224963471673483
plate_4559,50470190,0.028838203534816028
plate_4560,80E7323,0.4233190646758244
plate_4561,30E77279,0.44694473069769736
plate_4562,0OE7737,0.07918798329553763
plate_4563,530E177408VIP,0.680834985674633
plate_4564,30F178286,0.43616436600756026
plate_4565,3OF78286,0.544728411952208
plate_4566,3UF178286,0.5912490493800127
plate_4567,52CRD29H1884,0.5503277534371929
plate_4568,29C8839,0.24369515760778107
plate_4569,30A8277VF,0.4297458110417443
plate_4570,59B0N884,0.5882559848134803
plate_4571,9407379,0.46926081508597417
plate_4572,30E91177422252,0.6910623050765476
plate_4573,AIAN30E187024,0.31988160592660236
plate_4574,BOF99015,0.38933347988924344
plate_4575,89420067,0.5028128282727573
plate_4576,30G51624,0.6145356918348347
plate_4577,894107579,0.580868285377657
plate_4578,59999,0.138488961825934
